granularity,year,province,province_lat,province_lng,region,county,farm_id,beekeeping_mode,bee_colonies_10k,honey_production_tonnes,yield_kg_per_colony,beekeeper_households,colonies_per_household,nectar_source_score,pesticide_risk_score,dominant_nectar_source,data_source
county_year,2016,四川,30.5728,104.0668,西南,崇州,,定地意蜂,4.99,2650.6,53.1,2067,24.1,9,10,柑橘,county_simulation
county_year,2017,四川,30.5728,104.0668,西南,崇州,,定地意蜂,4.77,2102.9,44.1,1819,26.2,5,6,荔枝,county_simulation
county_year,2018,四川,30.5728,104.0668,西南,崇州,,定地意蜂,4.76,3075.8,64.6,1793,26.5,4,3,向日葵,county_simulation
county_year,2019,四川,30.5728,104.0668,西南,崇州,,定地中蜂,4.6,2772.5,60.3,1597,28.8,6,3,油菜,county_simulation
county_year,2020,四川,30.5728,104.0668,西南,崇州,,定地中蜂,4.72,1556.2,33.0,1574,30.0,7,7,油菜,county_simulation
county_year,2021,四川,30.5728,104.0668,西南,崇州,,定地意蜂,4.79,2912.4,60.8,1600,29.9,4,9,椴树,county_simulation
county_year,2022,四川,30.5728,104.0668,西南,崇州,,小转地,5.05,2291.0,45.4,1937,26.1,9,3,荔枝,county_simulation
county_year,2023,四川,30.5728,104.0668,西南,崇州,,小转地,4.52,1488.6,32.9,2313,19.5,6,2,枣树,county_simulation
county_year,2024,四川,30.5728,104.0668,西南,崇州,,定地意蜂,4.75,1679.3,35.4,1763,26.9,6,5,柑橘,county_simulation
county_year,2025,四川,30.5728,104.0668,西南,崇州,,大转地意蜂,4.67,2032.7,43.5,1655,28.2,8,4,向日葵,county_simulation
county_year,2016,四川,30.5728,104.0668,西南,邛崃,,小转地,1.74,707.4,40.7,714,24.4,3,4,龙眼,county_simulation
county_year,2017,四川,30.5728,104.0668,西南,邛崃,,定地中蜂,1.87,1221.7,65.3,753,24.8,3,6,荆条,county_simulation
county_year,2018,四川,30.5728,104.0668,西南,邛崃,,小转地,1.8,927.9,51.6,754,23.9,6,1,油菜,county_simulation
county_year,2019,四川,30.5728,104.0668,西南,邛崃,,小转地,1.89,1109.0,58.7,921,20.5,8,2,荆条,county_simulation
county_year,2020,四川,30.5728,104.0668,西南,邛崃,,定地中蜂,1.9,763.2,40.2,742,25.6,7,1,油菜,county_simulation
county_year,2021,四川,30.5728,104.0668,西南,邛崃,,定地意蜂,1.92,1296.1,67.5,717,26.8,9,4,油菜,county_simulation
county_year,2022,四川,30.5728,104.0668,西南,邛崃,,定地意蜂,1.98,642.3,32.4,775,25.5,5,3,刺槐,county_simulation
county_year,2023,四川,30.5728,104.0668,西南,邛崃,,大转地意蜂,1.92,544.3,28.4,766,25.1,5,5,椴树,county_simulation
county_year,2024,四川,30.5728,104.0668,西南,邛崃,,小转地,2.08,767.3,36.9,826,25.2,6,8,龙眼,county_simulation
county_year,2025,四川,30.5728,104.0668,西南,邛崃,,定地中蜂,2.14,1398.4,65.3,1071,20.0,1,4,枣树,county_simulation
county_year,2016,四川,30.5728,104.0668,西南,彭州,,小转地,8.48,4196.3,49.5,3163,26.8,2,6,油菜,county_simulation
county_year,2017,四川,30.5728,104.0668,西南,彭州,,大转地意蜂,8.02,4696.7,58.6,3122,25.7,10,1,刺槐,county_simulation
county_year,2018,四川,30.5728,104.0668,西南,彭州,,定地中蜂,7.77,4233.7,54.5,4260,18.2,8,7,刺槐,county_simulation
county_year,2019,四川,30.5728,104.0668,西南,彭州,,大转地意蜂,7.98,2207.0,27.7,3368,23.7,5,7,刺槐,county_simulation
county_year,2020,四川,30.5728,104.0668,西南,彭州,,小转地,8.09,4067.8,50.3,3808,21.2,7,2,向日葵,county_simulation
county_year,2021,四川,30.5728,104.0668,西南,彭州,,大转地意蜂,8.27,2125.4,25.7,4260,19.4,8,4,柑橘,county_simulation
county_year,2022,四川,30.5728,104.0668,西南,彭州,,小转地,7.96,3674.1,46.2,3762,21.2,6,7,荔枝,county_simulation
county_year,2023,四川,30.5728,104.0668,西南,彭州,,定地中蜂,7.83,5130.0,65.5,3185,24.6,6,4,油菜,county_simulation
county_year,2024,四川,30.5728,104.0668,西南,彭州,,定地中蜂,7.46,1903.9,25.5,3912,19.1,3,2,向日葵,county_simulation
county_year,2025,四川,30.5728,104.0668,西南,彭州,,小转地,7.46,4866.8,65.2,2795,26.7,8,5,荔枝,county_simulation
county_year,2016,四川,30.5728,104.0668,西南,金堂,,定地意蜂,5.71,1254.6,22.0,2841,20.1,6,6,紫云英,county_simulation
county_year,2017,四川,30.5728,104.0668,西南,金堂,,大转地意蜂,5.01,2901.3,57.9,2617,19.1,1,3,荆条,county_simulation
county_year,2018,四川,30.5728,104.0668,西南,金堂,,定地意蜂,5.41,3665.5,67.8,1882,28.7,2,6,龙眼,county_simulation
county_year,2019,四川,30.5728,104.0668,西南,金堂,,定地意蜂,5.46,3719.1,68.1,2393,22.8,7,8,紫云英,county_simulation
county_year,2020,四川,30.5728,104.0668,西南,金堂,,大转地意蜂,5.41,1387.8,25.7,1962,27.6,3,2,紫云英,county_simulation
county_year,2021,四川,30.5728,104.0668,西南,金堂,,定地中蜂,5.6,2713.0,48.4,2353,23.8,3,10,紫云英,county_simulation
county_year,2022,四川,30.5728,104.0668,西南,金堂,,小转地,5.7,3598.3,63.1,2249,25.3,8,8,刺槐,county_simulation
county_year,2023,四川,30.5728,104.0668,西南,金堂,,定地意蜂,5.95,1378.4,23.2,2554,23.3,1,9,柑橘,county_simulation
county_year,2024,四川,30.5728,104.0668,西南,金堂,,定地意蜂,5.91,4006.3,67.8,2856,20.7,9,9,柑橘,county_simulation
county_year,2025,四川,30.5728,104.0668,西南,金堂,,定地意蜂,5.02,1627.9,32.4,1935,25.9,7,3,向日葵,county_simulation
county_year,2016,四川,30.5728,104.0668,西南,中江,,定地中蜂,9.11,6078.1,66.7,5022,18.1,8,3,刺槐,county_simulation
county_year,2017,四川,30.5728,104.0668,西南,中江,,定地意蜂,9.03,3300.0,36.5,4133,21.8,1,9,枣树,county_simulation
county_year,2018,四川,30.5728,104.0668,西南,中江,,大转地意蜂,9.51,5787.3,60.9,4218,22.5,8,8,柑橘,county_simulation
county_year,2019,四川,30.5728,104.0668,西南,中江,,大转地意蜂,9.7,4108.3,42.4,3430,28.3,8,1,刺槐,county_simulation
county_year,2020,四川,30.5728,104.0668,西南,中江,,大转地意蜂,9.76,4631.6,47.5,5295,18.4,10,10,荔枝,county_simulation
county_year,2021,四川,30.5728,104.0668,西南,中江,,定地中蜂,10.09,5320.4,52.7,4077,24.7,6,6,油菜,county_simulation
county_year,2022,四川,30.5728,104.0668,西南,中江,,定地中蜂,10.33,3780.6,36.6,3671,28.1,6,8,刺槐,county_simulation
county_year,2023,四川,30.5728,104.0668,西南,中江,,定地意蜂,9.35,1880.3,20.1,3609,25.9,5,9,向日葵,county_simulation
county_year,2024,四川,30.5728,104.0668,西南,中江,,定地中蜂,9.86,6393.6,64.8,5115,19.3,3,7,刺槐,county_simulation
county_year,2025,四川,30.5728,104.0668,西南,中江,,定地中蜂,9.53,2481.4,26.0,4682,20.4,4,8,枣树,county_simulation
county_year,2016,四川,30.5728,104.0668,西南,三台,,大转地意蜂,8.41,5578.5,66.3,3660,23.0,8,8,柑橘,county_simulation
county_year,2017,四川,30.5728,104.0668,西南,三台,,大转地意蜂,7.08,3181.9,44.9,3609,19.6,9,7,柑橘,county_simulation
county_year,2018,四川,30.5728,104.0668,西南,三台,,小转地,7.84,5179.0,66.1,3253,24.1,10,3,荆条,county_simulation
county_year,2019,四川,30.5728,104.0668,西南,三台,,定地意蜂,8.09,4069.9,50.3,3124,25.9,9,7,紫云英,county_simulation
county_year,2020,四川,30.5728,104.0668,西南,三台,,定地意蜂,7.98,4637.9,58.1,2752,29.0,7,6,荔枝,county_simulation
county_year,2021,四川,30.5728,104.0668,西南,三台,,定地意蜂,8.04,3267.2,40.6,4101,19.6,9,6,向日葵,county_simulation
county_year,2022,四川,30.5728,104.0668,西南,三台,,定地意蜂,8.27,4234.9,51.2,4051,20.4,6,3,荆条,county_simulation
county_year,2023,四川,30.5728,104.0668,西南,三台,,大转地意蜂,8.22,2969.0,36.1,3121,26.3,6,9,椴树,county_simulation
county_year,2024,四川,30.5728,104.0668,西南,三台,,定地意蜂,8.46,4695.8,55.5,2886,29.3,7,1,向日葵,county_simulation
county_year,2025,四川,30.5728,104.0668,西南,三台,,大转地意蜂,7.44,1685.4,22.7,3296,22.6,4,5,荆条,county_simulation
county_year,2016,四川,30.5728,104.0668,西南,盐亭,,定地意蜂,9.8,2264.0,23.1,4960,19.8,4,9,油菜,county_simulation
county_year,2017,四川,30.5728,104.0668,西南,盐亭,,小转地,10.65,5410.8,50.8,4545,23.4,9,7,枣树,county_simulation
county_year,2018,四川,30.5728,104.0668,西南,盐亭,,大转地意蜂,10.47,5738.2,54.8,3798,27.6,7,7,紫云英,county_simulation
county_year,2019,四川,30.5728,104.0668,西南,盐亭,,大转地意蜂,10.3,3670.2,35.6,3466,29.7,1,5,枣树,county_simulation
county_year,2020,四川,30.5728,104.0668,西南,盐亭,,小转地,10.7,6795.1,63.5,3909,27.4,6,10,向日葵,county_simulation
county_year,2021,四川,30.5728,104.0668,西南,盐亭,,小转地,10.96,6164.5,56.2,5383,20.4,5,8,荆条,county_simulation
county_year,2022,四川,30.5728,104.0668,西南,盐亭,,大转地意蜂,11.53,7854.7,68.1,6102,18.9,7,1,紫云英,county_simulation
county_year,2023,四川,30.5728,104.0668,西南,盐亭,,定地意蜂,10.59,2970.1,28.0,5002,21.2,1,6,椴树,county_simulation
county_year,2024,四川,30.5728,104.0668,西南,盐亭,,定地意蜂,11.66,3228.1,27.7,5871,19.9,10,1,柑橘,county_simulation
county_year,2025,四川,30.5728,104.0668,西南,盐亭,,定地意蜂,12.33,7335.8,59.5,5704,21.6,2,6,向日葵,county_simulation
county_year,2016,四川,30.5728,104.0668,西南,安县,,定地中蜂,3.02,1366.8,45.3,1604,18.8,9,9,紫云英,county_simulation
county_year,2017,四川,30.5728,104.0668,西南,安县,,定地意蜂,3.05,935.4,30.7,1476,20.7,6,6,荔枝,county_simulation
county_year,2018,四川,30.5728,104.0668,西南,安县,,大转地意蜂,2.96,1377.1,46.5,1095,27.0,2,6,椴树,county_simulation
county_year,2019,四川,30.5728,104.0668,西南,安县,,小转地,2.94,1938.4,65.9,1143,25.7,1,6,紫云英,county_simulation
county_year,2020,四川,30.5728,104.0668,西南,安县,,定地意蜂,2.92,1147.4,39.3,995,29.3,1,9,龙眼,county_simulation
county_year,2021,四川,30.5728,104.0668,西南,安县,,定地意蜂,2.95,1308.0,44.3,1223,24.1,4,6,向日葵,county_simulation
county_year,2022,四川,30.5728,104.0668,西南,安县,,大转地意蜂,2.83,1940.9,68.6,1477,19.2,2,4,枣树,county_simulation
county_year,2023,四川,30.5728,104.0668,西南,安县,,定地中蜂,3.2,806.3,25.2,1385,23.1,2,3,油菜,county_simulation
county_year,2024,四川,30.5728,104.0668,西南,安县,,大转地意蜂,3.01,733.7,24.4,1369,22.0,3,5,向日葵,county_simulation
county_year,2025,四川,30.5728,104.0668,西南,安县,,定地中蜂,2.69,1763.3,65.5,965,27.9,7,8,紫云英,county_simulation
county_year,2016,四川,30.5728,104.0668,西南,北川,,大转地意蜂,5.48,2561.4,46.7,2101,26.1,10,1,刺槐,county_simulation
county_year,2017,四川,30.5728,104.0668,西南,北川,,定地意蜂,5.07,1748.7,34.5,2109,24.0,10,2,荔枝,county_simulation
county_year,2018,四川,30.5728,104.0668,西南,北川,,大转地意蜂,4.83,1920.2,39.8,2077,23.3,8,3,向日葵,county_simulation
county_year,2019,四川,30.5728,104.0668,西南,北川,,定地意蜂,5.12,3063.7,59.8,1899,27.0,3,5,龙眼,county_simulation
county_year,2020,四川,30.5728,104.0668,西南,北川,,小转地,5.09,3244.3,63.7,2806,18.1,2,1,油菜,county_simulation
county_year,2021,四川,30.5728,104.0668,西南,北川,,大转地意蜂,5.16,2444.6,47.4,2270,22.7,5,4,龙眼,county_simulation
county_year,2022,四川,30.5728,104.0668,西南,北川,,小转地,5.02,3141.2,62.6,1738,28.9,3,3,枣树,county_simulation
county_year,2023,四川,30.5728,104.0668,西南,北川,,大转地意蜂,5.35,1376.6,25.7,2543,21.0,9,8,向日葵,county_simulation
county_year,2024,四川,30.5728,104.0668,西南,北川,,小转地,4.77,1551.9,32.5,1830,26.1,10,8,龙眼,county_simulation
county_year,2025,四川,30.5728,104.0668,西南,北川,,定地意蜂,5.13,1627.6,31.7,1968,26.1,10,2,枣树,county_simulation
county_year,2016,四川,30.5728,104.0668,西南,平武,,小转地,3.81,1344.3,35.3,1500,25.4,10,10,龙眼,county_simulation
county_year,2017,四川,30.5728,104.0668,西南,平武,,定地意蜂,3.58,1017.9,28.4,1213,29.5,4,4,紫云英,county_simulation
county_year,2018,四川,30.5728,104.0668,西南,平武,,定地意蜂,3.94,2126.8,54.0,1765,22.3,8,8,椴树,county_simulation
county_year,2019,四川,30.5728,104.0668,西南,平武,,小转地,3.91,1860.5,47.6,1804,21.7,10,2,荔枝,county_simulation
county_year,2020,四川,30.5728,104.0668,西南,平武,,定地意蜂,3.92,1839.7,46.9,1991,19.7,2,2,油菜,county_simulation
county_year,2021,四川,30.5728,104.0668,西南,平武,,定地中蜂,4.04,2449.5,60.6,1579,25.6,10,4,油菜,county_simulation
county_year,2022,四川,30.5728,104.0668,西南,平武,,定地中蜂,4.02,2811.4,69.9,1639,24.5,3,6,紫云英,county_simulation
county_year,2023,四川,30.5728,104.0668,西南,平武,,定地意蜂,3.84,2175.8,56.7,1408,27.3,3,8,向日葵,county_simulation
county_year,2024,四川,30.5728,104.0668,西南,平武,,小转地,4.08,1840.4,45.1,1792,22.8,10,3,向日葵,county_simulation
county_year,2025,四川,30.5728,104.0668,西南,平武,,小转地,3.69,1782.9,48.3,1853,19.9,8,6,油菜,county_simulation
county_year,2016,四川,30.5728,104.0668,西南,青川,,大转地意蜂,2.8,1077.2,38.5,1492,18.8,4,9,龙眼,county_simulation
county_year,2017,四川,30.5728,104.0668,西南,青川,,大转地意蜂,2.88,1845.4,64.1,992,29.0,6,2,向日葵,county_simulation
county_year,2018,四川,30.5728,104.0668,西南,青川,,小转地,2.8,1598.7,57.1,1315,21.3,7,7,龙眼,county_simulation
county_year,2019,四川,30.5728,104.0668,西南,青川,,定地意蜂,2.86,683.3,23.9,993,28.8,7,4,向日葵,county_simulation
county_year,2020,四川,30.5728,104.0668,西南,青川,,定地中蜂,2.91,1084.0,37.3,1046,27.8,10,1,向日葵,county_simulation
county_year,2021,四川,30.5728,104.0668,西南,青川,,定地意蜂,3.0,945.0,31.5,1288,23.3,4,3,荆条,county_simulation
county_year,2022,四川,30.5728,104.0668,西南,青川,,小转地,2.85,1734.2,60.8,1129,25.2,7,6,刺槐,county_simulation
county_year,2023,四川,30.5728,104.0668,西南,青川,,小转地,2.99,913.0,30.5,1259,23.7,7,1,枣树,county_simulation
county_year,2024,四川,30.5728,104.0668,西南,青川,,大转地意蜂,2.71,760.3,28.1,1089,24.9,10,3,油菜,county_simulation
county_year,2025,四川,30.5728,104.0668,西南,青川,,定地中蜂,2.76,1265.0,45.8,949,29.1,10,10,油菜,county_simulation
county_year,2016,四川,30.5728,104.0668,西南,剑阁,,小转地,8.71,5867.3,67.4,3126,27.9,8,10,椴树,county_simulation
county_year,2017,四川,30.5728,104.0668,西南,剑阁,,小转地,8.7,5352.1,61.5,4339,20.0,10,3,柑橘,county_simulation
county_year,2018,四川,30.5728,104.0668,西南,剑阁,,定地意蜂,9.25,5199.4,56.2,4368,21.2,8,10,柑橘,county_simulation
county_year,2019,四川,30.5728,104.0668,西南,剑阁,,大转地意蜂,9.78,2602.5,26.6,4339,22.5,4,9,向日葵,county_simulation
county_year,2020,四川,30.5728,104.0668,西南,剑阁,,小转地,9.63,4841.5,50.3,3449,27.9,8,10,柑橘,county_simulation
county_year,2021,四川,30.5728,104.0668,西南,剑阁,,大转地意蜂,9.46,4272.7,45.2,3451,27.4,2,8,荆条,county_simulation
county_year,2022,四川,30.5728,104.0668,西南,剑阁,,定地中蜂,10.28,2062.2,20.1,4200,24.5,9,7,龙眼,county_simulation
county_year,2023,四川,30.5728,104.0668,西南,剑阁,,定地中蜂,10.56,4376.9,41.4,4004,26.4,7,6,柑橘,county_simulation
county_year,2024,四川,30.5728,104.0668,西南,剑阁,,大转地意蜂,10.72,6631.3,61.9,3710,28.9,7,3,荔枝,county_simulation
county_year,2025,四川,30.5728,104.0668,西南,剑阁,,定地意蜂,10.04,6320.4,63.0,4829,20.8,10,9,紫云英,county_simulation
county_year,2016,四川,30.5728,104.0668,西南,苍溪,,大转地意蜂,3.56,724.7,20.4,1322,26.9,9,1,紫云英,county_simulation
county_year,2017,四川,30.5728,104.0668,西南,苍溪,,定地意蜂,3.11,1113.2,35.8,1184,26.3,2,3,紫云英,county_simulation
county_year,2018,四川,30.5728,104.0668,西南,苍溪,,定地中蜂,3.18,1995.4,62.7,1511,21.0,10,6,柑橘,county_simulation
county_year,2019,四川,30.5728,104.0668,西南,苍溪,,定地中蜂,3.32,1917.3,57.7,1268,26.2,9,9,椴树,county_simulation
county_year,2020,四川,30.5728,104.0668,西南,苍溪,,定地意蜂,3.3,1458.2,44.2,1335,24.7,10,6,紫云英,county_simulation
county_year,2021,四川,30.5728,104.0668,西南,苍溪,,小转地,3.38,1790.2,53.0,1196,28.3,8,3,刺槐,county_simulation
county_year,2022,四川,30.5728,104.0668,西南,苍溪,,大转地意蜂,3.26,1203.7,36.9,1429,22.8,3,7,油菜,county_simulation
county_year,2023,四川,30.5728,104.0668,西南,苍溪,,定地中蜂,3.58,1560.3,43.6,1284,27.9,2,2,荔枝,county_simulation
county_year,2024,四川,30.5728,104.0668,西南,苍溪,,定地中蜂,3.22,704.8,21.9,1698,19.0,7,10,向日葵,county_simulation
county_year,2025,四川,30.5728,104.0668,西南,苍溪,,小转地,3.26,745.7,22.9,1102,29.6,8,8,油菜,county_simulation
county_year,2016,四川,30.5728,104.0668,西南,旺苍,,大转地意蜂,2.52,864.4,34.3,911,27.6,10,9,向日葵,county_simulation
county_year,2017,四川,30.5728,104.0668,西南,旺苍,,定地意蜂,2.55,1369.4,53.7,1004,25.4,4,1,荆条,county_simulation
county_year,2018,四川,30.5728,104.0668,西南,旺苍,,定地中蜂,2.81,1123.2,40.0,1318,21.3,7,10,枣树,county_simulation
county_year,2019,四川,30.5728,104.0668,西南,旺苍,,大转地意蜂,2.7,632.6,23.4,1005,26.8,9,5,向日葵,county_simulation
county_year,2020,四川,30.5728,104.0668,西南,旺苍,,定地意蜂,2.73,1860.9,68.2,1230,22.2,4,10,枣树,county_simulation
county_year,2021,四川,30.5728,104.0668,西南,旺苍,,小转地,2.75,556.4,20.2,1203,22.8,7,9,刺槐,county_simulation
county_year,2022,四川,30.5728,104.0668,西南,旺苍,,大转地意蜂,2.81,1039.7,37.0,1168,24.0,9,5,向日葵,county_simulation
county_year,2023,四川,30.5728,104.0668,西南,旺苍,,定地中蜂,2.97,1624.9,54.7,1192,24.9,10,8,枣树,county_simulation
county_year,2024,四川,30.5728,104.0668,西南,旺苍,,定地中蜂,3.01,1292.6,42.9,1019,29.5,10,1,椴树,county_simulation
county_year,2025,四川,30.5728,104.0668,西南,旺苍,,小转地,2.56,1323.1,51.7,1360,18.8,4,6,紫云英,county_simulation
county_year,2016,四川,30.5728,104.0668,西南,沐川,,小转地,9.95,6130.1,61.6,5492,18.1,5,2,紫云英,county_simulation
county_year,2017,四川,30.5728,104.0668,西南,沐川,,小转地,9.77,2325.4,23.8,3507,27.9,8,6,龙眼,county_simulation
county_year,2018,四川,30.5728,104.0668,西南,沐川,,小转地,10.55,3074.2,29.1,4239,24.9,8,4,枣树,county_simulation
county_year,2019,四川,30.5728,104.0668,西南,沐川,,小转地,10.16,3082.4,30.3,3568,28.5,4,10,龙眼,county_simulation
county_year,2020,四川,30.5728,104.0668,西南,沐川,,定地中蜂,10.41,6871.6,66.0,5399,19.3,10,1,向日葵,county_simulation
county_year,2021,四川,30.5728,104.0668,西南,沐川,,定地意蜂,10.8,4164.5,38.6,3833,28.2,8,10,荔枝,county_simulation
county_year,2022,四川,30.5728,104.0668,西南,沐川,,定地意蜂,10.61,6981.4,65.8,3558,29.8,7,4,柑橘,county_simulation
county_year,2023,四川,30.5728,104.0668,西南,沐川,,大转地意蜂,10.03,4128.2,41.2,4126,24.3,9,6,紫云英,county_simulation
county_year,2024,四川,30.5728,104.0668,西南,沐川,,大转地意蜂,11.73,5027.5,42.9,4294,27.3,9,8,龙眼,county_simulation
county_year,2025,四川,30.5728,104.0668,西南,沐川,,大转地意蜂,11.52,3517.9,30.5,6349,18.1,6,6,柑橘,county_simulation
county_year,2016,四川,30.5728,104.0668,西南,峨边,,定地意蜂,9.79,3276.8,33.5,4627,21.2,6,3,椴树,county_simulation
county_year,2017,四川,30.5728,104.0668,西南,峨边,,定地意蜂,9.3,5357.7,57.6,4038,23.0,7,5,椴树,county_simulation
county_year,2018,四川,30.5728,104.0668,西南,峨边,,小转地,9.63,4698.9,48.8,4919,19.6,2,5,枣树,county_simulation
county_year,2019,四川,30.5728,104.0668,西南,峨边,,小转地,9.33,2780.6,29.8,3299,28.3,8,1,荆条,county_simulation
county_year,2020,四川,30.5728,104.0668,西南,峨边,,定地意蜂,9.46,6117.2,64.7,4823,19.6,8,5,荔枝,county_simulation
county_year,2021,四川,30.5728,104.0668,西南,峨边,,小转地,9.59,3828.3,39.9,3864,24.8,1,4,荔枝,county_simulation
county_year,2022,四川,30.5728,104.0668,西南,峨边,,定地意蜂,9.62,4087.8,42.5,3763,25.6,5,6,龙眼,county_simulation
county_year,2023,四川,30.5728,104.0668,西南,峨边,,大转地意蜂,9.84,3236.0,32.9,3371,29.2,7,2,龙眼,county_simulation
county_year,2024,四川,30.5728,104.0668,西南,峨边,,小转地,10.67,3195.4,29.9,3609,29.6,5,6,龙眼,county_simulation
county_year,2025,四川,30.5728,104.0668,西南,峨边,,大转地意蜂,10.42,5921.3,56.8,4368,23.8,7,10,荔枝,county_simulation
county_year,2016,四川,30.5728,104.0668,西南,马边,,定地意蜂,4.59,2388.1,52.0,1615,28.4,7,10,柑橘,county_simulation
county_year,2017,四川,30.5728,104.0668,西南,马边,,定地意蜂,5.33,1276.8,24.0,1845,28.9,4,6,龙眼,county_simulation
county_year,2018,四川,30.5728,104.0668,西南,马边,,定地中蜂,5.2,2614.0,50.3,1960,26.5,5,8,龙眼,county_simulation
county_year,2019,四川,30.5728,104.0668,西南,马边,,小转地,5.27,2240.5,42.5,2173,24.3,3,1,荆条,county_simulation
county_year,2020,四川,30.5728,104.0668,西南,马边,,大转地意蜂,5.4,3619.2,67.0,2081,25.9,4,3,紫云英,county_simulation
county_year,2021,四川,30.5728,104.0668,西南,马边,,大转地意蜂,5.33,3407.7,63.9,2840,18.8,1,7,向日葵,county_simulation
county_year,2022,四川,30.5728,104.0668,西南,马边,,小转地,5.68,1881.4,33.1,2989,19.0,2,7,荔枝,county_simulation
county_year,2023,四川,30.5728,104.0668,西南,马边,,小转地,5.3,2234.4,42.2,1973,26.9,3,9,荆条,county_simulation
county_year,2024,四川,30.5728,104.0668,西南,马边,,定地意蜂,5.01,3157.2,63.0,1929,26.0,8,8,向日葵,county_simulation
county_year,2025,四川,30.5728,104.0668,西南,马边,,小转地,6.38,1707.0,26.8,2595,24.6,10,10,椴树,county_simulation
county_year,2016,四川,30.5728,104.0668,西南,筠连,,定地意蜂,6.59,3042.8,46.2,2660,24.8,6,8,向日葵,county_simulation
county_year,2017,四川,30.5728,104.0668,西南,筠连,,定地中蜂,7.24,2562.5,35.4,3795,19.1,5,3,荔枝,county_simulation
county_year,2018,四川,30.5728,104.0668,西南,筠连,,小转地,7.38,4274.1,57.9,3039,24.3,6,5,椴树,county_simulation
county_year,2019,四川,30.5728,104.0668,西南,筠连,,定地中蜂,7.02,3130.7,44.6,2673,26.3,5,1,紫云英,county_simulation
county_year,2020,四川,30.5728,104.0668,西南,筠连,,定地意蜂,7.11,4254.5,59.8,2825,25.2,4,7,向日葵,county_simulation
county_year,2021,四川,30.5728,104.0668,西南,筠连,,定地中蜂,7.15,3985.9,55.7,3404,21.0,7,4,荔枝,county_simulation
county_year,2022,四川,30.5728,104.0668,西南,筠连,,定地意蜂,6.89,3157.7,45.8,2701,25.5,5,9,荔枝,county_simulation
county_year,2023,四川,30.5728,104.0668,西南,筠连,,定地意蜂,7.21,2099.6,29.1,2552,28.2,2,8,柑橘,county_simulation
county_year,2024,四川,30.5728,104.0668,西南,筠连,,定地意蜂,7.31,3260.2,44.6,2768,26.4,1,3,油菜,county_simulation
county_year,2025,四川,30.5728,104.0668,西南,筠连,,定地意蜂,8.46,5805.0,68.6,4631,18.3,5,3,椴树,county_simulation
county_year,2016,四川,30.5728,104.0668,西南,珙县,,定地意蜂,8.28,3699.4,44.7,4180,19.8,7,5,椴树,county_simulation
county_year,2017,四川,30.5728,104.0668,西南,珙县,,定地意蜂,7.12,4241.5,59.6,3021,23.6,2,3,油菜,county_simulation
county_year,2018,四川,30.5728,104.0668,西南,珙县,,小转地,8.15,3843.5,47.2,3588,22.7,4,5,紫云英,county_simulation
county_year,2019,四川,30.5728,104.0668,西南,珙县,,小转地,7.84,4579.1,58.4,4028,19.5,7,8,枣树,county_simulation
county_year,2020,四川,30.5728,104.0668,西南,珙县,,大转地意蜂,8.08,3477.8,43.0,4390,18.4,9,4,椴树,county_simulation
county_year,2021,四川,30.5728,104.0668,西南,珙县,,小转地,8.11,5418.4,66.8,2745,29.5,1,9,向日葵,county_simulation
county_year,2022,四川,30.5728,104.0668,西南,珙县,,定地意蜂,7.88,2753.3,34.9,3314,23.8,1,4,刺槐,county_simulation
county_year,2023,四川,30.5728,104.0668,西南,珙县,,定地意蜂,7.94,1647.8,20.8,3420,23.2,10,2,紫云英,county_simulation
county_year,2024,四川,30.5728,104.0668,西南,珙县,,定地中蜂,8.97,1982.3,22.1,4953,18.1,10,3,龙眼,county_simulation
county_year,2025,四川,30.5728,104.0668,西南,珙县,,定地意蜂,9.15,4117.1,45.0,4360,21.0,1,1,龙眼,county_simulation
county_year,2016,四川,30.5728,104.0668,西南,兴文,,小转地,6.6,1735.2,26.3,2400,27.5,6,9,龙眼,county_simulation
county_year,2017,四川,30.5728,104.0668,西南,兴文,,定地中蜂,6.63,1965.7,29.6,2849,23.3,6,3,荔枝,county_simulation
county_year,2018,四川,30.5728,104.0668,西南,兴文,,定地意蜂,6.75,2826.6,41.9,2833,23.8,9,8,枣树,county_simulation
county_year,2019,四川,30.5728,104.0668,西南,兴文,,定地中蜂,7.14,2583.5,36.2,2911,24.5,5,10,向日葵,county_simulation
county_year,2020,四川,30.5728,104.0668,西南,兴文,,定地意蜂,7.24,3074.8,42.5,2970,24.4,9,6,椴树,county_simulation
county_year,2021,四川,30.5728,104.0668,西南,兴文,,小转地,7.1,2765.6,39.0,2767,25.7,1,10,龙眼,county_simulation
county_year,2022,四川,30.5728,104.0668,西南,兴文,,定地中蜂,7.63,4276.6,56.1,3656,20.9,4,9,椴树,county_simulation
county_year,2023,四川,30.5728,104.0668,西南,兴文,,定地中蜂,7.81,2667.6,34.2,3934,19.8,6,2,刺槐,county_simulation
county_year,2024,四川,30.5728,104.0668,西南,兴文,,小转地,7.57,4675.2,61.8,4026,18.8,3,1,枣树,county_simulation
county_year,2025,四川,30.5728,104.0668,西南,兴文,,定地中蜂,6.75,1457.4,21.6,3325,20.3,8,9,柑橘,county_simulation
county_year,2016,浙江,30.2741,120.1551,华东,桐庐,,大转地意蜂,7.42,3732.1,50.3,3313,22.4,1,4,椴树,county_simulation
county_year,2017,浙江,30.2741,120.1551,华东,桐庐,,大转地意蜂,6.5,2821.2,43.4,2322,28.0,6,9,紫云英,county_simulation
county_year,2018,浙江,30.2741,120.1551,华东,桐庐,,定地意蜂,6.85,1569.7,22.9,2488,27.5,9,1,刺槐,county_simulation
county_year,2019,浙江,30.2741,120.1551,华东,桐庐,,大转地意蜂,7.06,2174.1,30.8,3728,18.9,2,4,向日葵,county_simulation
county_year,2020,浙江,30.2741,120.1551,华东,桐庐,,小转地,7.28,3847.0,52.8,3583,20.3,9,9,紫云英,county_simulation
county_year,2021,浙江,30.2741,120.1551,华东,桐庐,,定地中蜂,7.46,3642.6,48.8,2743,27.2,7,2,荆条,county_simulation
county_year,2022,浙江,30.2741,120.1551,华东,桐庐,,小转地,7.68,3474.0,45.2,3122,24.6,9,10,椴树,county_simulation
county_year,2023,浙江,30.2741,120.1551,华东,桐庐,,定地意蜂,8.07,3833.6,47.5,2799,28.8,6,7,紫云英,county_simulation
county_year,2024,浙江,30.2741,120.1551,华东,桐庐,,小转地,8.14,2607.7,32.0,3720,21.9,7,9,荔枝,county_simulation
county_year,2025,浙江,30.2741,120.1551,华东,桐庐,,大转地意蜂,7.34,4990.6,68.0,3132,23.4,1,5,柑橘,county_simulation
county_year,2016,浙江,30.2741,120.1551,华东,淳安,,小转地,0.82,166.7,20.3,285,28.7,4,6,油菜,county_simulation
county_year,2017,浙江,30.2741,120.1551,华东,淳安,,小转地,0.72,440.0,61.1,245,29.3,2,1,椴树,county_simulation
county_year,2018,浙江,30.2741,120.1551,华东,淳安,,小转地,0.78,299.2,38.4,396,19.7,4,5,荔枝,county_simulation
county_year,2019,浙江,30.2741,120.1551,华东,淳安,,大转地意蜂,0.8,527.2,65.9,350,22.8,6,8,荆条,county_simulation
county_year,2020,浙江,30.2741,120.1551,华东,淳安,,大转地意蜂,0.79,435.6,55.1,274,28.8,10,5,油菜,county_simulation
county_year,2021,浙江,30.2741,120.1551,华东,淳安,,大转地意蜂,0.81,193.8,23.9,325,24.9,6,6,紫云英,county_simulation
county_year,2022,浙江,30.2741,120.1551,华东,淳安,,小转地,0.79,501.6,63.5,278,28.4,10,1,紫云英,county_simulation
county_year,2023,浙江,30.2741,120.1551,华东,淳安,,小转地,0.75,269.7,36.0,308,24.3,6,9,枣树,county_simulation
county_year,2024,浙江,30.2741,120.1551,华东,淳安,,定地中蜂,0.75,524.0,69.9,287,26.1,10,10,向日葵,county_simulation
county_year,2025,浙江,30.2741,120.1551,华东,淳安,,小转地,0.73,433.0,59.3,314,23.2,3,6,刺槐,county_simulation
county_year,2016,浙江,30.2741,120.1551,华东,建德,,定地中蜂,4.63,1533.8,33.1,1883,24.6,9,7,荆条,county_simulation
county_year,2017,浙江,30.2741,120.1551,华东,建德,,定地中蜂,4.75,1420.5,29.9,1998,23.8,10,4,向日葵,county_simulation
county_year,2018,浙江,30.2741,120.1551,华东,建德,,大转地意蜂,4.97,1605.9,32.3,1852,26.8,5,7,龙眼,county_simulation
county_year,2019,浙江,30.2741,120.1551,华东,建德,,定地中蜂,5.03,1289.0,25.6,2019,24.9,7,6,龙眼,county_simulation
county_year,2020,浙江,30.2741,120.1551,华东,建德,,定地意蜂,5.14,2712.4,52.8,2322,22.1,3,6,柑橘,county_simulation
county_year,2021,浙江,30.2741,120.1551,华东,建德,,定地中蜂,5.29,2706.3,51.2,1914,27.6,1,4,枣树,county_simulation
county_year,2022,浙江,30.2741,120.1551,华东,建德,,大转地意蜂,5.36,3024.3,56.4,2697,19.9,2,1,枣树,county_simulation
county_year,2023,浙江,30.2741,120.1551,华东,建德,,定地意蜂,5.71,3622.3,63.4,1960,29.1,1,6,刺槐,county_simulation
county_year,2024,浙江,30.2741,120.1551,华东,建德,,小转地,5.11,1869.9,36.6,2160,23.7,4,9,向日葵,county_simulation
county_year,2025,浙江,30.2741,120.1551,华东,建德,,小转地,5.79,2961.7,51.2,2355,24.6,1,7,柑橘,county_simulation
county_year,2016,浙江,30.2741,120.1551,华东,临安,,小转地,8.79,2022.2,23.0,4172,21.1,10,5,油菜,county_simulation
county_year,2017,浙江,30.2741,120.1551,华东,临安,,定地意蜂,9.0,2099.7,23.3,3067,29.3,6,2,油菜,county_simulation
county_year,2018,浙江,30.2741,120.1551,华东,临安,,定地中蜂,9.27,3645.5,39.3,3241,28.6,9,2,龙眼,county_simulation
county_year,2019,浙江,30.2741,120.1551,华东,临安,,小转地,9.14,2230.3,24.4,3631,25.2,9,8,向日葵,county_simulation
county_year,2020,浙江,30.2741,120.1551,华东,临安,,定地意蜂,9.22,2984.5,32.4,5049,18.3,6,8,紫云英,county_simulation
county_year,2021,浙江,30.2741,120.1551,华东,临安,,定地意蜂,9.45,5123.4,54.2,5186,18.2,5,4,向日葵,county_simulation
county_year,2022,浙江,30.2741,120.1551,华东,临安,,定地中蜂,9.16,3012.2,32.9,4886,18.7,1,9,荔枝,county_simulation
county_year,2023,浙江,30.2741,120.1551,华东,临安,,小转地,9.04,3583.7,39.6,4090,22.1,2,7,向日葵,county_simulation
county_year,2024,浙江,30.2741,120.1551,华东,临安,,小转地,10.61,5440.4,51.3,4185,25.3,7,4,柑橘,county_simulation
county_year,2025,浙江,30.2741,120.1551,华东,临安,,定地意蜂,8.72,5710.4,65.5,2941,29.6,8,9,荆条,county_simulation
county_year,2016,浙江,30.2741,120.1551,华东,余姚,,小转地,2.71,1626.1,60.0,1106,24.5,5,9,荆条,county_simulation
county_year,2017,浙江,30.2741,120.1551,华东,余姚,,小转地,2.55,1491.8,58.5,882,28.9,6,2,向日葵,county_simulation
county_year,2018,浙江,30.2741,120.1551,华东,余姚,,小转地,2.53,738.9,29.2,949,26.6,1,6,紫云英,county_simulation
county_year,2019,浙江,30.2741,120.1551,华东,余姚,,定地意蜂,2.49,1426.3,57.3,1150,21.6,3,4,刺槐,county_simulation
county_year,2020,浙江,30.2741,120.1551,华东,余姚,,定地意蜂,2.59,1794.8,69.3,1414,18.3,10,10,柑橘,county_simulation
county_year,2021,浙江,30.2741,120.1551,华东,余姚,,定地意蜂,2.58,1402.7,54.4,1241,20.8,2,8,荆条,county_simulation
county_year,2022,浙江,30.2741,120.1551,华东,余姚,,定地意蜂,2.64,1467.9,55.6,1045,25.3,3,7,椴树,county_simulation
county_year,2023,浙江,30.2741,120.1551,华东,余姚,,定地中蜂,2.66,832.9,31.3,1332,20.0,1,5,紫云英,county_simulation
county_year,2024,浙江,30.2741,120.1551,华东,余姚,,小转地,2.52,759.6,30.1,967,26.1,2,3,椴树,county_simulation
county_year,2025,浙江,30.2741,120.1551,华东,余姚,,定地中蜂,3.01,1091.0,36.2,1260,23.9,4,7,紫云英,county_simulation
county_year,2016,浙江,30.2741,120.1551,华东,慈溪,,定地中蜂,7.46,4178.3,56.0,2674,27.9,10,10,柑橘,county_simulation
county_year,2017,浙江,30.2741,120.1551,华东,慈溪,,大转地意蜂,7.7,4250.8,55.2,2996,25.7,9,2,椴树,county_simulation
county_year,2018,浙江,30.2741,120.1551,华东,慈溪,,小转地,7.87,5028.1,63.9,2758,28.5,9,9,紫云英,county_simulation
county_year,2019,浙江,30.2741,120.1551,华东,慈溪,,大转地意蜂,7.68,3023.6,39.4,4157,18.5,4,5,椴树,county_simulation
county_year,2020,浙江,30.2741,120.1551,华东,慈溪,,定地中蜂,7.99,4904.3,61.4,3689,21.7,3,7,荔枝,county_simulation
county_year,2021,浙江,30.2741,120.1551,华东,慈溪,,小转地,8.12,3722.9,45.8,4352,18.7,8,8,刺槐,county_simulation
county_year,2022,浙江,30.2741,120.1551,华东,慈溪,,小转地,8.36,4927.1,58.9,4318,19.4,7,7,龙眼,county_simulation
county_year,2023,浙江,30.2741,120.1551,华东,慈溪,,小转地,8.16,4040.5,49.5,4050,20.1,8,2,荔枝,county_simulation
county_year,2024,浙江,30.2741,120.1551,华东,慈溪,,小转地,7.97,4429.2,55.6,3091,25.8,2,2,刺槐,county_simulation
county_year,2025,浙江,30.2741,120.1551,华东,慈溪,,定地中蜂,8.88,2154.8,24.3,3467,25.6,9,10,荆条,county_simulation
county_year,2016,浙江,30.2741,120.1551,华东,奉化,,小转地,4.17,2736.0,65.6,1532,27.2,3,3,荆条,county_simulation
county_year,2017,浙江,30.2741,120.1551,华东,奉化,,定地中蜂,3.89,1377.2,35.4,2089,18.6,5,3,刺槐,county_simulation
county_year,2018,浙江,30.2741,120.1551,华东,奉化,,定地意蜂,3.94,795.0,20.2,1334,29.5,1,8,椴树,county_simulation
county_year,2019,浙江,30.2741,120.1551,华东,奉化,,定地中蜂,4.09,829.8,20.3,1667,24.5,4,4,柑橘,county_simulation
county_year,2020,浙江,30.2741,120.1551,华东,奉化,,大转地意蜂,4.22,1776.4,42.1,1799,23.4,4,9,荔枝,county_simulation
county_year,2021,浙江,30.2741,120.1551,华东,奉化,,大转地意蜂,4.29,2628.2,61.3,1737,24.7,3,3,油菜,county_simulation
county_year,2022,浙江,30.2741,120.1551,华东,奉化,,定地意蜂,4.38,2745.9,62.7,2375,18.4,6,2,油菜,county_simulation
county_year,2023,浙江,30.2741,120.1551,华东,奉化,,定地意蜂,4.05,1136.7,28.1,1353,29.9,10,10,柑橘,county_simulation
county_year,2024,浙江,30.2741,120.1551,华东,奉化,,定地意蜂,4.68,2001.5,42.8,2325,20.1,1,2,荔枝,county_simulation
county_year,2025,浙江,30.2741,120.1551,华东,奉化,,定地中蜂,4.21,2568.7,61.0,1463,28.8,9,2,荔枝,county_simulation
county_year,2016,浙江,30.2741,120.1551,华东,宁海,,定地中蜂,5.35,1950.6,36.5,1889,28.3,9,4,枣树,county_simulation
county_year,2017,浙江,30.2741,120.1551,华东,宁海,,大转地意蜂,4.84,2733.9,56.5,2506,19.3,8,10,荔枝,county_simulation
county_year,2018,浙江,30.2741,120.1551,华东,宁海,,定地意蜂,5.04,1662.3,33.0,1788,28.2,3,10,柑橘,county_simulation
county_year,2019,浙江,30.2741,120.1551,华东,宁海,,小转地,5.05,2266.8,44.9,1887,26.8,10,4,荔枝,county_simulation
county_year,2020,浙江,30.2741,120.1551,华东,宁海,,大转地意蜂,5.1,1081.2,21.2,2830,18.0,4,10,紫云英,county_simulation
county_year,2021,浙江,30.2741,120.1551,华东,宁海,,小转地,5.12,2458.7,48.0,2326,22.0,1,4,荔枝,county_simulation
county_year,2022,浙江,30.2741,120.1551,华东,宁海,,定地意蜂,5.05,1768.2,35.0,2684,18.8,1,2,龙眼,county_simulation
county_year,2023,浙江,30.2741,120.1551,华东,宁海,,大转地意蜂,5.1,2590.8,50.8,1910,26.7,3,4,龙眼,county_simulation
county_year,2024,浙江,30.2741,120.1551,华东,宁海,,定地中蜂,5.71,2509.9,44.0,1964,29.1,1,3,椴树,county_simulation
county_year,2025,浙江,30.2741,120.1551,华东,宁海,,定地意蜂,4.82,3049.2,63.3,2048,23.5,8,7,油菜,county_simulation
county_year,2016,浙江,30.2741,120.1551,华东,象山,,大转地意蜂,8.62,3083.8,35.8,3228,26.7,4,10,龙眼,county_simulation
county_year,2017,浙江,30.2741,120.1551,华东,象山,,小转地,7.83,2950.3,37.7,2732,28.7,5,1,龙眼,county_simulation
county_year,2018,浙江,30.2741,120.1551,华东,象山,,定地中蜂,7.88,4895.1,62.1,3088,25.5,3,10,刺槐,county_simulation
county_year,2019,浙江,30.2741,120.1551,华东,象山,,定地意蜂,8.28,4575.8,55.3,3064,27.0,1,5,紫云英,county_simulation
county_year,2020,浙江,30.2741,120.1551,华东,象山,,定地意蜂,8.55,3298.5,38.6,2997,28.5,4,9,荔枝,county_simulation
county_year,2021,浙江,30.2741,120.1551,华东,象山,,小转地,8.47,1852.4,21.9,3766,22.5,2,8,向日葵,county_simulation
county_year,2022,浙江,30.2741,120.1551,华东,象山,,小转地,8.23,3703.7,45.0,3459,23.8,6,8,向日葵,county_simulation
county_year,2023,浙江,30.2741,120.1551,华东,象山,,大转地意蜂,8.51,4976.1,58.5,3880,21.9,9,3,枣树,county_simulation
county_year,2024,浙江,30.2741,120.1551,华东,象山,,大转地意蜂,9.35,5206.4,55.7,3976,23.5,1,5,油菜,county_simulation
county_year,2025,浙江,30.2741,120.1551,华东,象山,,定地中蜂,9.46,2303.9,24.4,3764,25.1,1,2,向日葵,county_simulation
county_year,2016,浙江,30.2741,120.1551,华东,永嘉,,小转地,7.11,4118.4,57.9,3891,18.3,6,4,枣树,county_simulation
county_year,2017,浙江,30.2741,120.1551,华东,永嘉,,大转地意蜂,7.96,4667.7,58.6,3263,24.4,5,3,荆条,county_simulation
county_year,2018,浙江,30.2741,120.1551,华东,永嘉,,大转地意蜂,7.95,4066.2,51.1,4372,18.2,4,9,龙眼,county_simulation
county_year,2019,浙江,30.2741,120.1551,华东,永嘉,,定地意蜂,7.79,5232.1,67.2,3665,21.3,10,4,荆条,county_simulation
county_year,2020,浙江,30.2741,120.1551,华东,永嘉,,定地中蜂,7.9,2918.0,36.9,3115,25.4,1,3,油菜,county_simulation
county_year,2021,浙江,30.2741,120.1551,华东,永嘉,,大转地意蜂,7.96,2013.6,25.3,3049,26.1,2,7,紫云英,county_simulation
county_year,2022,浙江,30.2741,120.1551,华东,永嘉,,定地中蜂,7.75,3846.9,49.6,3081,25.2,10,6,荔枝,county_simulation
county_year,2023,浙江,30.2741,120.1551,华东,永嘉,,大转地意蜂,7.89,4569.9,57.9,3871,20.4,8,10,荆条,county_simulation
county_year,2024,浙江,30.2741,120.1551,华东,永嘉,,大转地意蜂,7.44,4086.8,54.9,2692,27.6,8,5,椴树,county_simulation
county_year,2025,浙江,30.2741,120.1551,华东,永嘉,,定地意蜂,8.22,2234.7,27.2,2798,29.4,6,7,荆条,county_simulation
county_year,2016,浙江,30.2741,120.1551,华东,文成,,定地中蜂,6.69,4289.6,64.1,2435,27.5,8,1,刺槐,county_simulation
county_year,2017,浙江,30.2741,120.1551,华东,文成,,小转地,7.08,3048.8,43.1,3186,22.2,5,6,柑橘,county_simulation
county_year,2018,浙江,30.2741,120.1551,华东,文成,,大转地意蜂,7.05,2840.0,40.3,2925,24.1,6,9,刺槐,county_simulation
county_year,2019,浙江,30.2741,120.1551,华东,文成,,定地中蜂,7.06,2826.9,40.0,2894,24.4,4,10,枣树,county_simulation
county_year,2020,浙江,30.2741,120.1551,华东,文成,,定地意蜂,7.26,2845.3,39.2,2445,29.7,4,10,紫云英,county_simulation
county_year,2021,浙江,30.2741,120.1551,华东,文成,,小转地,7.46,4428.7,59.4,3212,23.2,3,2,柑橘,county_simulation
county_year,2022,浙江,30.2741,120.1551,华东,文成,,定地意蜂,7.7,3834.9,49.8,3974,19.4,9,2,椴树,county_simulation
county_year,2023,浙江,30.2741,120.1551,华东,文成,,大转地意蜂,7.06,1657.7,23.5,2395,29.5,10,7,龙眼,county_simulation
county_year,2024,浙江,30.2741,120.1551,华东,文成,,小转地,7.54,1849.3,24.5,2908,25.9,10,1,荆条,county_simulation
county_year,2025,浙江,30.2741,120.1551,华东,文成,,定地中蜂,7.98,2759.1,34.6,3405,23.4,4,4,龙眼,county_simulation
county_year,2016,浙江,30.2741,120.1551,华东,泰顺,,定地中蜂,3.09,2037.1,65.9,1181,26.2,6,2,柑橘,county_simulation
county_year,2017,浙江,30.2741,120.1551,华东,泰顺,,小转地,3.68,1479.7,40.2,1233,29.8,5,1,龙眼,county_simulation
county_year,2018,浙江,30.2741,120.1551,华东,泰顺,,定地意蜂,3.24,649.4,20.0,1094,29.6,2,5,油菜,county_simulation
county_year,2019,浙江,30.2741,120.1551,华东,泰顺,,定地意蜂,3.49,1386.0,39.7,1320,26.4,7,7,紫云英,county_simulation
county_year,2020,浙江,30.2741,120.1551,华东,泰顺,,小转地,3.47,994.9,28.7,1689,20.5,4,9,紫云英,county_simulation
county_year,2021,浙江,30.2741,120.1551,华东,泰顺,,定地意蜂,3.58,1462.9,40.9,1603,22.3,3,3,油菜,county_simulation
county_year,2022,浙江,30.2741,120.1551,华东,泰顺,,定地中蜂,3.36,1883.8,56.1,1847,18.2,7,3,刺槐,county_simulation
county_year,2023,浙江,30.2741,120.1551,华东,泰顺,,定地中蜂,3.35,2110.8,63.0,1210,27.7,10,3,椴树,county_simulation
county_year,2024,浙江,30.2741,120.1551,华东,泰顺,,定地意蜂,3.62,1538.6,42.5,1470,24.6,4,3,紫云英,county_simulation
county_year,2025,浙江,30.2741,120.1551,华东,泰顺,,小转地,3.76,2344.0,62.3,1507,24.9,9,5,紫云英,county_simulation
county_year,2016,浙江,30.2741,120.1551,华东,苍南,,定地中蜂,8.87,1941.9,21.9,4820,18.4,6,2,柑橘,county_simulation
county_year,2017,浙江,30.2741,120.1551,华东,苍南,,定地意蜂,9.16,2482.8,27.1,3484,26.3,8,9,刺槐,county_simulation
county_year,2018,浙江,30.2741,120.1551,华东,苍南,,大转地意蜂,9.2,2968.1,32.3,3633,25.3,9,10,荔枝,county_simulation
county_year,2019,浙江,30.2741,120.1551,华东,苍南,,大转地意蜂,9.26,4329.2,46.8,3210,28.8,8,8,向日葵,county_simulation
county_year,2020,浙江,30.2741,120.1551,华东,苍南,,定地意蜂,9.42,3445.4,36.6,3785,24.9,5,5,荆条,county_simulation
county_year,2021,浙江,30.2741,120.1551,华东,苍南,,定地意蜂,9.25,5316.1,57.5,3181,29.1,1,8,柑橘,county_simulation
county_year,2022,浙江,30.2741,120.1551,华东,苍南,,大转地意蜂,9.23,6416.5,69.5,4957,18.6,5,8,刺槐,county_simulation
county_year,2023,浙江,30.2741,120.1551,华东,苍南,,定地意蜂,9.07,5368.4,59.2,4793,18.9,3,10,荔枝,county_simulation
county_year,2024,浙江,30.2741,120.1551,华东,苍南,,小转地,9.28,5296.2,57.1,4401,21.1,10,3,椴树,county_simulation
county_year,2025,浙江,30.2741,120.1551,华东,苍南,,小转地,9.52,5628.8,59.1,4735,20.1,8,3,向日葵,county_simulation
county_year,2016,浙江,30.2741,120.1551,华东,安吉,,小转地,8.78,2392.9,27.3,4617,19.0,8,7,紫云英,county_simulation
county_year,2017,浙江,30.2741,120.1551,华东,安吉,,小转地,8.96,4648.3,51.9,3848,23.3,10,6,油菜,county_simulation
county_year,2018,浙江,30.2741,120.1551,华东,安吉,,小转地,8.48,2187.8,25.8,3133,27.1,8,7,椴树,county_simulation
county_year,2019,浙江,30.2741,120.1551,华东,安吉,,小转地,8.82,5082.2,57.6,3272,27.0,7,7,椴树,county_simulation
county_year,2020,浙江,30.2741,120.1551,华东,安吉,,定地意蜂,8.8,3672.8,41.7,3611,24.4,8,7,龙眼,county_simulation
county_year,2021,浙江,30.2741,120.1551,华东,安吉,,定地意蜂,9.14,2015.5,22.1,3489,26.2,7,10,荔枝,county_simulation
county_year,2022,浙江,30.2741,120.1551,华东,安吉,,定地中蜂,8.81,2194.9,24.9,4154,21.2,8,4,柑橘,county_simulation
county_year,2023,浙江,30.2741,120.1551,华东,安吉,,小转地,9.5,5119.2,53.9,3919,24.2,6,9,油菜,county_simulation
county_year,2024,浙江,30.2741,120.1551,华东,安吉,,大转地意蜂,9.52,1960.9,20.6,3402,28.0,9,2,椴树,county_simulation
county_year,2025,浙江,30.2741,120.1551,华东,安吉,,大转地意蜂,8.85,2884.6,32.6,3314,26.7,1,10,刺槐,county_simulation
county_year,2016,浙江,30.2741,120.1551,华东,长兴,,大转地意蜂,1.1,339.3,30.8,382,28.7,2,2,柑橘,county_simulation
county_year,2017,浙江,30.2741,120.1551,华东,长兴,,小转地,1.21,786.4,65.0,467,25.9,2,3,荔枝,county_simulation
county_year,2018,浙江,30.2741,120.1551,华东,长兴,,定地中蜂,1.18,280.7,23.8,455,25.9,5,7,龙眼,county_simulation
county_year,2019,浙江,30.2741,120.1551,华东,长兴,,大转地意蜂,1.18,399.6,33.9,431,27.4,7,7,龙眼,county_simulation
county_year,2020,浙江,30.2741,120.1551,华东,长兴,,小转地,1.17,709.5,60.6,554,21.1,8,2,椴树,county_simulation
county_year,2021,浙江,30.2741,120.1551,华东,长兴,,定地中蜂,1.22,483.5,39.6,597,20.4,2,3,向日葵,county_simulation
county_year,2022,浙江,30.2741,120.1551,华东,长兴,,定地中蜂,1.23,641.7,52.2,596,20.6,5,2,油菜,county_simulation
county_year,2023,浙江,30.2741,120.1551,华东,长兴,,定地中蜂,1.12,364.3,32.5,450,24.9,1,8,荆条,county_simulation
county_year,2024,浙江,30.2741,120.1551,华东,长兴,,定地中蜂,1.26,275.8,21.9,699,18.0,5,3,龙眼,county_simulation
county_year,2025,浙江,30.2741,120.1551,华东,长兴,,定地中蜂,1.37,627.0,45.8,550,24.9,8,7,紫云英,county_simulation
county_year,2016,浙江,30.2741,120.1551,华东,德清,,大转地意蜂,7.71,3624.2,47.0,2811,27.4,7,8,刺槐,county_simulation
county_year,2017,浙江,30.2741,120.1551,华东,德清,,定地意蜂,8.27,3138.1,37.9,2830,29.2,7,1,刺槐,county_simulation
county_year,2018,浙江,30.2741,120.1551,华东,德清,,定地中蜂,8.6,3182.3,37.0,3045,28.2,5,4,荆条,county_simulation
county_year,2019,浙江,30.2741,120.1551,华东,德清,,定地意蜂,8.52,4518.7,53.0,2877,29.6,7,2,龙眼,county_simulation
county_year,2020,浙江,30.2741,120.1551,华东,德清,,小转地,8.63,3615.9,41.9,3015,28.6,3,1,枣树,county_simulation
county_year,2021,浙江,30.2741,120.1551,华东,德清,,定地中蜂,8.47,2704.0,31.9,2827,30.0,2,9,荔枝,county_simulation
county_year,2022,浙江,30.2741,120.1551,华东,德清,,大转地意蜂,8.81,5337.9,60.6,2978,29.6,1,6,油菜,county_simulation
county_year,2023,浙江,30.2741,120.1551,华东,德清,,小转地,8.64,3479.8,40.3,3241,26.7,9,8,向日葵,county_simulation
county_year,2024,浙江,30.2741,120.1551,华东,德清,,大转地意蜂,8.25,5464.9,66.2,3306,25.0,3,8,油菜,county_simulation
county_year,2025,浙江,30.2741,120.1551,华东,德清,,小转地,8.99,2003.9,22.3,3098,29.0,1,3,油菜,county_simulation
county_year,2016,浙江,30.2741,120.1551,华东,诸暨,,大转地意蜂,8.13,4110.6,50.6,4241,19.2,2,2,椴树,county_simulation
county_year,2017,浙江,30.2741,120.1551,华东,诸暨,,小转地,8.77,2030.7,23.2,3454,25.4,7,6,紫云英,county_simulation
county_year,2018,浙江,30.2741,120.1551,华东,诸暨,,小转地,9.22,4499.2,48.8,3103,29.7,6,4,油菜,county_simulation
county_year,2019,浙江,30.2741,120.1551,华东,诸暨,,小转地,9.06,2359.0,26.0,4113,22.0,7,3,龙眼,county_simulation
county_year,2020,浙江,30.2741,120.1551,华东,诸暨,,大转地意蜂,9.21,6104.7,66.3,3958,23.3,3,2,柑橘,county_simulation
county_year,2021,浙江,30.2741,120.1551,华东,诸暨,,大转地意蜂,9.23,5905.5,64.0,4639,19.9,1,1,荆条,county_simulation
county_year,2022,浙江,30.2741,120.1551,华东,诸暨,,定地意蜂,9.86,4899.1,49.7,3723,26.5,7,8,荆条,county_simulation
county_year,2023,浙江,30.2741,120.1551,华东,诸暨,,定地中蜂,9.0,4153.9,46.2,3504,25.7,4,3,柑橘,county_simulation
county_year,2024,浙江,30.2741,120.1551,华东,诸暨,,大转地意蜂,10.0,5586.0,55.9,3975,25.2,5,6,紫云英,county_simulation
county_year,2025,浙江,30.2741,120.1551,华东,诸暨,,大转地意蜂,8.3,2147.7,25.9,3985,20.8,10,6,向日葵,county_simulation
county_year,2016,浙江,30.2741,120.1551,华东,嵊州,,大转地意蜂,5.27,1602.4,30.4,2065,25.5,4,2,荆条,county_simulation
county_year,2017,浙江,30.2741,120.1551,华东,嵊州,,小转地,5.1,2229.8,43.7,1721,29.6,3,1,油菜,county_simulation
county_year,2018,浙江,30.2741,120.1551,华东,嵊州,,定地意蜂,5.24,2186.8,41.7,2446,21.4,10,8,油菜,county_simulation
county_year,2019,浙江,30.2741,120.1551,华东,嵊州,,小转地,5.52,2587.1,46.9,2963,18.6,1,8,向日葵,county_simulation
county_year,2020,浙江,30.2741,120.1551,华东,嵊州,,定地意蜂,5.44,3050.2,56.1,1892,28.7,7,4,龙眼,county_simulation
county_year,2021,浙江,30.2741,120.1551,华东,嵊州,,小转地,5.41,1698.2,31.4,2799,19.3,7,4,紫云英,county_simulation
county_year,2022,浙江,30.2741,120.1551,华东,嵊州,,大转地意蜂,5.81,2861.7,49.3,3076,18.9,7,3,枣树,county_simulation
county_year,2023,浙江,30.2741,120.1551,华东,嵊州,,小转地,6.03,2373.8,39.4,2570,23.5,8,4,龙眼,county_simulation
county_year,2024,浙江,30.2741,120.1551,华东,嵊州,,大转地意蜂,6.28,1655.4,26.4,3074,20.4,5,3,刺槐,county_simulation
county_year,2025,浙江,30.2741,120.1551,华东,嵊州,,定地意蜂,6.29,1796.4,28.6,2676,23.5,4,5,柑橘,county_simulation
county_year,2016,浙江,30.2741,120.1551,华东,新昌,,小转地,1.88,1227.2,65.3,638,29.4,2,7,向日葵,county_simulation
county_year,2017,浙江,30.2741,120.1551,华东,新昌,,定地中蜂,2.06,1021.3,49.6,687,29.9,5,1,紫云英,county_simulation
county_year,2018,浙江,30.2741,120.1551,华东,新昌,,小转地,2.02,734.6,36.4,963,21.0,10,3,柑橘,county_simulation
county_year,2019,浙江,30.2741,120.1551,华东,新昌,,定地中蜂,2.05,455.3,22.2,890,23.0,9,1,紫云英,county_simulation
county_year,2020,浙江,30.2741,120.1551,华东,新昌,,大转地意蜂,2.12,1269.9,59.9,892,23.8,8,8,枣树,county_simulation
county_year,2021,浙江,30.2741,120.1551,华东,新昌,,定地中蜂,2.09,1142.4,54.7,773,27.0,4,3,龙眼,county_simulation
county_year,2022,浙江,30.2741,120.1551,华东,新昌,,定地中蜂,2.11,517.7,24.5,818,25.8,5,3,椴树,county_simulation
county_year,2023,浙江,30.2741,120.1551,华东,新昌,,定地中蜂,2.32,492.3,21.2,860,27.0,8,3,紫云英,county_simulation
county_year,2024,浙江,30.2741,120.1551,华东,新昌,,大转地意蜂,2.04,1047.3,51.3,716,28.5,2,7,龙眼,county_simulation
county_year,2025,浙江,30.2741,120.1551,华东,新昌,,小转地,2.24,1291.2,57.6,1039,21.6,2,10,龙眼,county_simulation
county_year,2016,浙江,30.2741,120.1551,华东,江山,,大转地意蜂,8.12,4363.1,53.7,2767,29.3,2,7,龙眼,county_simulation
county_year,2017,浙江,30.2741,120.1551,华东,江山,,大转地意蜂,7.43,2847.3,38.3,4018,18.5,9,4,荆条,county_simulation
county_year,2018,浙江,30.2741,120.1551,华东,江山,,定地中蜂,7.02,1802.6,25.7,3364,20.9,10,4,枣树,county_simulation
county_year,2019,浙江,30.2741,120.1551,华东,江山,,定地中蜂,7.61,3438.1,45.2,2644,28.8,5,1,刺槐,county_simulation
county_year,2020,浙江,30.2741,120.1551,华东,江山,,大转地意蜂,7.61,3430.0,45.1,3248,23.4,8,9,向日葵,county_simulation
county_year,2021,浙江,30.2741,120.1551,华东,江山,,大转地意蜂,7.87,3022.7,38.4,3359,23.4,4,8,刺槐,county_simulation
county_year,2022,浙江,30.2741,120.1551,华东,江山,,大转地意蜂,7.38,2540.1,34.4,2564,28.8,2,3,荔枝,county_simulation
county_year,2023,浙江,30.2741,120.1551,华东,江山,,小转地,7.3,2009.3,27.5,3691,19.8,9,1,荔枝,county_simulation
county_year,2024,浙江,30.2741,120.1551,华东,江山,,定地中蜂,7.76,5167.1,66.6,2963,26.2,6,7,椴树,county_simulation
county_year,2025,浙江,30.2741,120.1551,华东,江山,,大转地意蜂,8.53,2512.3,29.5,4671,18.3,4,9,龙眼,county_simulation
county_year,2016,云南,25.0389,102.7183,西南,呈贡,,定地中蜂,2.64,958.7,36.3,1025,25.8,8,5,柑橘,county_simulation
county_year,2017,云南,25.0389,102.7183,西南,呈贡,,定地意蜂,2.74,783.3,28.6,997,27.5,4,8,龙眼,county_simulation
county_year,2018,云南,25.0389,102.7183,西南,呈贡,,定地意蜂,2.45,548.0,22.4,899,27.2,5,8,荆条,county_simulation
county_year,2019,云南,25.0389,102.7183,西南,呈贡,,小转地,2.6,1215.9,46.8,1304,19.9,3,3,荆条,county_simulation
county_year,2020,云南,25.0389,102.7183,西南,呈贡,,小转地,2.65,949.5,35.8,1432,18.5,8,5,龙眼,county_simulation
county_year,2021,云南,25.0389,102.7183,西南,呈贡,,定地意蜂,2.62,569.4,21.7,1058,24.7,6,3,龙眼,county_simulation
county_year,2022,云南,25.0389,102.7183,西南,呈贡,,大转地意蜂,2.68,1251.1,46.7,902,29.7,1,7,椴树,county_simulation
county_year,2023,云南,25.0389,102.7183,西南,呈贡,,小转地,2.86,1898.8,66.4,973,29.4,1,9,向日葵,county_simulation
county_year,2024,云南,25.0389,102.7183,西南,呈贡,,定地意蜂,2.65,1157.9,43.7,1001,26.5,10,3,柑橘,county_simulation
county_year,2025,云南,25.0389,102.7183,西南,呈贡,,大转地意蜂,2.96,1093.3,36.9,1018,29.1,8,1,荆条,county_simulation
county_year,2016,云南,25.0389,102.7183,西南,晋宁,,小转地,4.34,2208.0,50.9,2371,18.3,8,6,刺槐,county_simulation
county_year,2017,云南,25.0389,102.7183,西南,晋宁,,小转地,4.13,1229.0,29.8,1632,25.3,5,4,油菜,county_simulation
county_year,2018,云南,25.0389,102.7183,西南,晋宁,,大转地意蜂,4.25,2288.8,53.9,1507,28.2,9,7,枣树,county_simulation
county_year,2019,云南,25.0389,102.7183,西南,晋宁,,大转地意蜂,4.08,1859.6,45.6,1616,25.2,6,7,荆条,county_simulation
county_year,2020,云南,25.0389,102.7183,西南,晋宁,,大转地意蜂,4.12,1619.4,39.3,1781,23.1,5,6,龙眼,county_simulation
county_year,2021,云南,25.0389,102.7183,西南,晋宁,,小转地,4.12,1979.7,48.1,1764,23.3,8,7,椴树,county_simulation
county_year,2022,云南,25.0389,102.7183,西南,晋宁,,定地中蜂,4.1,2809.2,68.5,1481,27.7,7,3,柑橘,county_simulation
county_year,2023,云南,25.0389,102.7183,西南,晋宁,,定地意蜂,4.32,1519.0,35.2,2190,19.7,2,10,紫云英,county_simulation
county_year,2024,云南,25.0389,102.7183,西南,晋宁,,定地中蜂,3.88,2550.0,65.7,1693,22.9,3,9,椴树,county_simulation
county_year,2025,云南,25.0389,102.7183,西南,晋宁,,小转地,4.59,1232.2,26.8,1696,27.1,7,5,向日葵,county_simulation
county_year,2016,云南,25.0389,102.7183,西南,安宁,,定地中蜂,2.72,1339.9,49.3,1257,21.6,9,8,枣树,county_simulation
county_year,2017,云南,25.0389,102.7183,西南,安宁,,定地中蜂,3.25,1076.9,33.1,1802,18.0,2,5,紫云英,county_simulation
county_year,2018,云南,25.0389,102.7183,西南,安宁,,大转地意蜂,3.14,1640.3,52.2,1087,28.9,2,5,椴树,county_simulation
county_year,2019,云南,25.0389,102.7183,西南,安宁,,定地中蜂,2.96,1695.4,57.3,1574,18.8,10,7,荔枝,county_simulation
county_year,2020,云南,25.0389,102.7183,西南,安宁,,大转地意蜂,3.08,1685.1,54.7,1298,23.7,6,9,柑橘,county_simulation
county_year,2021,云南,25.0389,102.7183,西南,安宁,,小转地,3.03,1487.2,49.1,1435,21.1,6,8,荆条,county_simulation
county_year,2022,云南,25.0389,102.7183,西南,安宁,,定地意蜂,3.09,1176.0,38.1,1658,18.6,1,5,荔枝,county_simulation
county_year,2023,云南,25.0389,102.7183,西南,安宁,,小转地,3.19,1457.6,45.7,1091,29.2,2,10,荆条,county_simulation
county_year,2024,云南,25.0389,102.7183,西南,安宁,,定地意蜂,3.24,1987.5,61.3,1138,28.5,5,6,刺槐,county_simulation
county_year,2025,云南,25.0389,102.7183,西南,安宁,,小转地,3.27,889.0,27.2,1471,22.2,9,5,龙眼,county_simulation
county_year,2016,云南,25.0389,102.7183,西南,富民,,小转地,4.59,1292.2,28.2,1579,29.1,3,9,枣树,county_simulation
county_year,2017,云南,25.0389,102.7183,西南,富民,,大转地意蜂,4.26,2041.9,47.9,1546,27.5,7,8,刺槐,county_simulation
county_year,2018,云南,25.0389,102.7183,西南,富民,,定地意蜂,4.8,1001.7,20.9,2452,19.6,5,6,荆条,county_simulation
county_year,2019,云南,25.0389,102.7183,西南,富民,,定地意蜂,4.54,2264.7,49.9,1583,28.7,3,5,油菜,county_simulation
county_year,2020,云南,25.0389,102.7183,西南,富民,,小转地,4.68,1237.2,26.4,2409,19.4,4,5,荆条,county_simulation
county_year,2021,云南,25.0389,102.7183,西南,富民,,大转地意蜂,4.65,1917.7,41.2,1561,29.8,2,1,椴树,county_simulation
county_year,2022,云南,25.0389,102.7183,西南,富民,,大转地意蜂,4.92,1249.2,25.4,2657,18.5,8,2,荔枝,county_simulation
county_year,2023,云南,25.0389,102.7183,西南,富民,,大转地意蜂,4.44,910.8,20.5,2053,21.6,2,10,枣树,county_simulation
county_year,2024,云南,25.0389,102.7183,西南,富民,,大转地意蜂,4.97,2660.4,53.5,2436,20.4,2,3,荔枝,county_simulation
county_year,2025,云南,25.0389,102.7183,西南,富民,,小转地,5.54,1552.7,28.0,2498,22.2,9,10,刺槐,county_simulation
county_year,2016,云南,25.0389,102.7183,西南,宜良,,小转地,0.86,265.3,30.8,473,18.2,5,3,向日葵,county_simulation
county_year,2017,云南,25.0389,102.7183,西南,宜良,,定地中蜂,0.97,642.3,66.2,363,26.7,6,10,荆条,county_simulation
county_year,2018,云南,25.0389,102.7183,西南,宜良,,定地意蜂,0.91,264.3,29.0,308,29.5,7,7,枣树,county_simulation
county_year,2019,云南,25.0389,102.7183,西南,宜良,,定地意蜂,0.91,528.4,58.1,397,22.9,2,8,刺槐,county_simulation
county_year,2020,云南,25.0389,102.7183,西南,宜良,,定地意蜂,0.92,350.2,38.1,384,23.9,9,1,刺槐,county_simulation
county_year,2021,云南,25.0389,102.7183,西南,宜良,,定地意蜂,0.92,314.5,34.2,474,19.4,8,4,向日葵,county_simulation
county_year,2022,云南,25.0389,102.7183,西南,宜良,,大转地意蜂,0.93,385.0,41.4,311,29.8,8,6,荆条,county_simulation
county_year,2023,云南,25.0389,102.7183,西南,宜良,,定地中蜂,0.86,461.0,53.6,329,26.1,8,9,刺槐,county_simulation
county_year,2024,云南,25.0389,102.7183,西南,宜良,,大转地意蜂,0.87,476.3,54.8,382,22.7,3,2,龙眼,county_simulation
county_year,2025,云南,25.0389,102.7183,西南,宜良,,定地中蜂,1.09,542.3,49.7,494,22.1,2,4,紫云英,county_simulation
county_year,2016,云南,25.0389,102.7183,西南,石林,,定地意蜂,4.44,2179.9,49.1,1671,26.6,7,6,椴树,county_simulation
county_year,2017,云南,25.0389,102.7183,西南,石林,,定地意蜂,4.12,2858.3,69.4,1401,29.4,3,8,刺槐,county_simulation
county_year,2018,云南,25.0389,102.7183,西南,石林,,小转地,4.49,1416.2,31.5,1880,23.9,1,2,油菜,county_simulation
county_year,2019,云南,25.0389,102.7183,西南,石林,,小转地,4.25,906.8,21.3,1772,24.0,7,10,龙眼,county_simulation
county_year,2020,云南,25.0389,102.7183,西南,石林,,大转地意蜂,4.38,1087.0,24.8,1720,25.5,9,8,椴树,county_simulation
county_year,2021,云南,25.0389,102.7183,西南,石林,,定地意蜂,4.35,1936.3,44.5,1676,25.9,9,6,向日葵,county_simulation
county_year,2022,云南,25.0389,102.7183,西南,石林,,定地中蜂,4.5,971.1,21.6,1529,29.4,2,7,椴树,county_simulation
county_year,2023,云南,25.0389,102.7183,西南,石林,,大转地意蜂,4.37,1878.3,43.0,1940,22.5,3,9,荔枝,county_simulation
county_year,2024,云南,25.0389,102.7183,西南,石林,,定地意蜂,4.96,2060.1,41.5,2483,20.0,7,8,刺槐,county_simulation
county_year,2025,云南,25.0389,102.7183,西南,石林,,定地中蜂,4.69,2236.6,47.7,1963,23.9,8,9,荆条,county_simulation
county_year,2016,云南,25.0389,102.7183,西南,嵩明,,定地意蜂,3.13,2145.4,68.5,1307,23.9,5,6,油菜,county_simulation
county_year,2017,云南,25.0389,102.7183,西南,嵩明,,定地意蜂,3.35,2071.9,61.8,1806,18.5,10,1,龙眼,county_simulation
county_year,2018,云南,25.0389,102.7183,西南,嵩明,,定地中蜂,3.16,2199.3,69.6,1365,23.1,6,1,枣树,county_simulation
county_year,2019,云南,25.0389,102.7183,西南,嵩明,,大转地意蜂,3.19,1583.1,49.6,1237,25.8,5,2,龙眼,county_simulation
county_year,2020,云南,25.0389,102.7183,西南,嵩明,,定地中蜂,3.17,693.2,21.9,1295,24.5,10,9,紫云英,county_simulation
county_year,2021,云南,25.0389,102.7183,西南,嵩明,,定地意蜂,3.16,1561.0,49.4,1199,26.4,7,10,紫云英,county_simulation
county_year,2022,云南,25.0389,102.7183,西南,嵩明,,小转地,3.17,1408.0,44.4,1653,19.2,6,8,向日葵,county_simulation
county_year,2023,云南,25.0389,102.7183,西南,嵩明,,定地意蜂,3.45,977.4,28.3,1326,26.0,6,7,枣树,county_simulation
county_year,2024,云南,25.0389,102.7183,西南,嵩明,,小转地,3.3,1958.8,59.4,1171,28.2,5,5,油菜,county_simulation
county_year,2025,云南,25.0389,102.7183,西南,嵩明,,大转地意蜂,3.14,1891.2,60.2,1261,24.9,10,2,柑橘,county_simulation
county_year,2016,云南,25.0389,102.7183,西南,禄劝,,小转地,2.38,1041.6,43.8,861,27.6,6,2,荔枝,county_simulation
county_year,2017,云南,25.0389,102.7183,西南,禄劝,,定地意蜂,2.16,1148.5,53.2,1000,21.6,4,7,紫云英,county_simulation
county_year,2018,云南,25.0389,102.7183,西南,禄劝,,小转地,2.26,1210.9,53.6,934,24.2,1,9,荆条,county_simulation
county_year,2019,云南,25.0389,102.7183,西南,禄劝,,定地中蜂,2.2,1498.3,68.1,1070,20.6,5,9,柑橘,county_simulation
county_year,2020,云南,25.0389,102.7183,西南,禄劝,,大转地意蜂,2.23,1488.1,66.7,772,28.9,9,4,龙眼,county_simulation
county_year,2021,云南,25.0389,102.7183,西南,禄劝,,定地意蜂,2.25,1289.7,57.3,1077,20.9,7,7,龙眼,county_simulation
county_year,2022,云南,25.0389,102.7183,西南,禄劝,,定地中蜂,2.37,1225.2,51.7,819,28.9,5,5,荆条,county_simulation
county_year,2023,云南,25.0389,102.7183,西南,禄劝,,大转地意蜂,2.2,886.5,40.3,872,25.2,3,4,油菜,county_simulation
county_year,2024,云南,25.0389,102.7183,西南,禄劝,,定地中蜂,2.19,946.3,43.2,784,27.9,7,1,枣树,county_simulation
county_year,2025,云南,25.0389,102.7183,西南,禄劝,,定地意蜂,2.12,697.9,32.9,1079,19.6,9,3,油菜,county_simulation
county_year,2016,云南,25.0389,102.7183,西南,寻甸,,大转地意蜂,5.49,3457.6,63.0,3010,18.2,6,10,荔枝,county_simulation
county_year,2017,云南,25.0389,102.7183,西南,寻甸,,定地意蜂,5.16,2082.1,40.4,1791,28.8,2,7,荆条,county_simulation
county_year,2018,云南,25.0389,102.7183,西南,寻甸,,大转地意蜂,5.77,2597.2,45.0,2321,24.9,9,10,向日葵,county_simulation
county_year,2019,云南,25.0389,102.7183,西南,寻甸,,大转地意蜂,5.73,1828.1,31.9,2002,28.6,6,6,柑橘,county_simulation
county_year,2020,云南,25.0389,102.7183,西南,寻甸,,定地中蜂,5.7,3260.3,57.2,2059,27.7,4,3,刺槐,county_simulation
county_year,2021,云南,25.0389,102.7183,西南,寻甸,,定地意蜂,5.65,2371.5,42.0,1906,29.6,10,1,椴树,county_simulation
county_year,2022,云南,25.0389,102.7183,西南,寻甸,,定地中蜂,5.84,1497.8,25.6,2212,26.4,8,4,荔枝,county_simulation
county_year,2023,云南,25.0389,102.7183,西南,寻甸,,定地意蜂,6.26,2388.2,38.1,2140,29.2,5,1,柑橘,county_simulation
county_year,2024,云南,25.0389,102.7183,西南,寻甸,,大转地意蜂,5.29,3171.2,59.9,1968,26.9,4,5,向日葵,county_simulation
county_year,2025,云南,25.0389,102.7183,西南,寻甸,,大转地意蜂,5.79,3186.3,55.0,2255,25.7,9,4,椴树,county_simulation
county_year,2016,云南,25.0389,102.7183,西南,陆良,,定地意蜂,2.17,1495.1,68.9,955,22.7,5,2,枣树,county_simulation
county_year,2017,云南,25.0389,102.7183,西南,陆良,,定地中蜂,2.54,711.5,28.0,897,28.3,6,7,油菜,county_simulation
county_year,2018,云南,25.0389,102.7183,西南,陆良,,定地中蜂,2.54,1497.9,59.0,1339,19.0,8,7,龙眼,county_simulation
county_year,2019,云南,25.0389,102.7183,西南,陆良,,小转地,2.46,1500.9,61.0,862,28.5,5,9,刺槐,county_simulation
county_year,2020,云南,25.0389,102.7183,西南,陆良,,定地意蜂,2.52,1528.9,60.7,998,25.2,8,1,油菜,county_simulation
county_year,2021,云南,25.0389,102.7183,西南,陆良,,小转地,2.57,1083.8,42.2,1271,20.2,1,7,枣树,county_simulation
county_year,2022,云南,25.0389,102.7183,西南,陆良,,小转地,2.61,629.3,24.1,1199,21.8,4,9,荆条,county_simulation
county_year,2023,云南,25.0389,102.7183,西南,陆良,,定地意蜂,2.75,1639.9,59.6,1048,26.2,8,8,荆条,county_simulation
county_year,2024,云南,25.0389,102.7183,西南,陆良,,定地意蜂,2.48,1521.2,61.3,944,26.2,4,2,紫云英,county_simulation
county_year,2025,云南,25.0389,102.7183,西南,陆良,,小转地,2.55,991.1,38.9,1122,22.7,1,1,向日葵,county_simulation
county_year,2016,云南,25.0389,102.7183,西南,师宗,,小转地,3.67,2521.5,68.7,1270,28.9,5,3,油菜,county_simulation
county_year,2017,云南,25.0389,102.7183,西南,师宗,,大转地意蜂,3.9,1287.3,33.0,1684,23.1,6,3,柑橘,county_simulation
county_year,2018,云南,25.0389,102.7183,西南,师宗,,定地中蜂,4.05,1691.2,41.8,1521,26.6,8,2,枣树,county_simulation
county_year,2019,云南,25.0389,102.7183,西南,师宗,,定地意蜂,3.86,2435.5,63.1,1902,20.3,5,8,紫云英,county_simulation
county_year,2020,云南,25.0389,102.7183,西南,师宗,,定地意蜂,3.95,1975.2,50.0,1396,28.3,4,7,荆条,county_simulation
county_year,2021,云南,25.0389,102.7183,西南,师宗,,定地意蜂,3.97,1370.0,34.5,2009,19.8,4,10,椴树,county_simulation
county_year,2022,云南,25.0389,102.7183,西南,师宗,,定地中蜂,4.22,2287.8,54.2,1880,22.4,2,1,椴树,county_simulation
county_year,2023,云南,25.0389,102.7183,西南,师宗,,小转地,3.81,2082.2,54.7,1741,21.9,7,7,柑橘,county_simulation
county_year,2024,云南,25.0389,102.7183,西南,师宗,,定地意蜂,3.88,890.0,22.9,2026,19.1,4,8,龙眼,county_simulation
county_year,2025,云南,25.0389,102.7183,西南,师宗,,大转地意蜂,4.74,3240.3,68.4,1619,29.3,1,5,向日葵,county_simulation
county_year,2016,云南,25.0389,102.7183,西南,罗平,,大转地意蜂,3.83,1476.3,38.5,1684,22.7,10,3,荔枝,county_simulation
county_year,2017,云南,25.0389,102.7183,西南,罗平,,定地中蜂,3.91,1445.1,37.0,1635,23.9,3,2,龙眼,county_simulation
county_year,2018,云南,25.0389,102.7183,西南,罗平,,定地意蜂,3.63,1198.6,33.0,1564,23.2,1,3,椴树,county_simulation
county_year,2019,云南,25.0389,102.7183,西南,罗平,,定地中蜂,3.68,2112.0,57.4,1313,28.0,5,5,柑橘,county_simulation
county_year,2020,云南,25.0389,102.7183,西南,罗平,,定地中蜂,3.8,1742.2,45.8,1304,29.1,3,6,椴树,county_simulation
county_year,2021,云南,25.0389,102.7183,西南,罗平,,定地中蜂,3.9,2443.4,62.7,1968,19.8,1,4,荆条,county_simulation
county_year,2022,云南,25.0389,102.7183,西南,罗平,,小转地,3.67,1596.9,43.5,1817,20.2,8,7,刺槐,county_simulation
county_year,2023,云南,25.0389,102.7183,西南,罗平,,定地意蜂,4.25,936.7,22.0,1459,29.1,9,8,椴树,county_simulation
county_year,2024,云南,25.0389,102.7183,西南,罗平,,大转地意蜂,3.94,2495.8,63.3,1399,28.2,6,2,枣树,county_simulation
county_year,2025,云南,25.0389,102.7183,西南,罗平,,定地意蜂,4.41,1253.1,28.4,2186,20.2,10,10,枣树,county_simulation
county_year,2016,云南,25.0389,102.7183,西南,富源,,定地中蜂,3.05,1480.5,48.5,1254,24.3,2,4,椴树,county_simulation
county_year,2017,云南,25.0389,102.7183,西南,富源,,大转地意蜂,3.38,719.9,21.3,1179,28.6,7,6,柑橘,county_simulation
county_year,2018,云南,25.0389,102.7183,西南,富源,,大转地意蜂,3.34,1208.3,36.2,1733,19.3,2,8,椴树,county_simulation
county_year,2019,云南,25.0389,102.7183,西南,富源,,大转地意蜂,3.57,1774.7,49.7,1211,29.5,6,1,柑橘,county_simulation
county_year,2020,云南,25.0389,102.7183,西南,富源,,小转地,3.6,2036.8,56.6,1643,21.9,4,1,荔枝,county_simulation
county_year,2021,云南,25.0389,102.7183,西南,富源,,定地中蜂,3.6,847.3,23.5,1928,18.7,2,7,荔枝,county_simulation
county_year,2022,云南,25.0389,102.7183,西南,富源,,大转地意蜂,3.53,2233.6,63.3,1193,29.6,1,4,荆条,county_simulation
county_year,2023,云南,25.0389,102.7183,西南,富源,,小转地,3.63,1900.6,52.4,1590,22.8,2,5,椴树,county_simulation
county_year,2024,云南,25.0389,102.7183,西南,富源,,小转地,4.0,2643.4,66.1,1490,26.8,6,2,龙眼,county_simulation
county_year,2025,云南,25.0389,102.7183,西南,富源,,定地中蜂,3.79,2435.9,64.3,1587,23.9,5,10,柑橘,county_simulation
county_year,2016,云南,25.0389,102.7183,西南,会泽,,定地中蜂,2.44,1236.9,50.7,879,27.7,7,2,油菜,county_simulation
county_year,2017,云南,25.0389,102.7183,西南,会泽,,小转地,2.62,1410.1,53.8,882,29.7,8,9,向日葵,county_simulation
county_year,2018,云南,25.0389,102.7183,西南,会泽,,定地中蜂,2.79,668.5,24.0,1181,23.6,5,3,荆条,county_simulation
county_year,2019,云南,25.0389,102.7183,西南,会泽,,定地中蜂,2.65,859.5,32.4,1226,21.6,5,10,油菜,county_simulation
county_year,2020,云南,25.0389,102.7183,西南,会泽,,定地中蜂,2.71,1237.7,45.7,934,29.0,7,2,椴树,county_simulation
county_year,2021,云南,25.0389,102.7183,西南,会泽,,定地意蜂,2.76,901.7,32.7,1111,24.8,10,2,向日葵,county_simulation
county_year,2022,云南,25.0389,102.7183,西南,会泽,,小转地,2.61,1126.1,43.1,970,26.9,7,1,刺槐,county_simulation
county_year,2023,云南,25.0389,102.7183,西南,会泽,,定地中蜂,2.75,981.7,35.7,1039,26.5,8,10,荔枝,county_simulation
county_year,2024,云南,25.0389,102.7183,西南,会泽,,小转地,2.72,1645.6,60.5,937,29.0,3,2,柑橘,county_simulation
county_year,2025,云南,25.0389,102.7183,西南,会泽,,大转地意蜂,2.65,1104.8,41.7,1016,26.1,1,7,刺槐,county_simulation
county_year,2016,云南,25.0389,102.7183,西南,沾益,,定地中蜂,0.41,165.0,40.3,174,23.5,5,10,柑橘,county_simulation
county_year,2017,云南,25.0389,102.7183,西南,沾益,,定地中蜂,0.44,239.9,54.5,168,26.1,5,2,荆条,county_simulation
county_year,2018,云南,25.0389,102.7183,西南,沾益,,小转地,0.45,273.6,60.8,221,20.3,1,4,椴树,county_simulation
county_year,2019,云南,25.0389,102.7183,西南,沾益,,小转地,0.43,179.7,41.8,166,25.8,2,5,椴树,county_simulation
county_year,2020,云南,25.0389,102.7183,西南,沾益,,小转地,0.44,113.6,25.8,190,23.1,8,8,椴树,county_simulation
county_year,2021,云南,25.0389,102.7183,西南,沾益,,定地意蜂,0.43,138.2,32.1,183,23.4,10,7,油菜,county_simulation
county_year,2022,云南,25.0389,102.7183,西南,沾益,,定地中蜂,0.44,274.5,62.4,228,19.2,7,8,柑橘,county_simulation
county_year,2023,云南,25.0389,102.7183,西南,沾益,,定地中蜂,0.46,158.9,34.5,186,24.7,7,8,向日葵,county_simulation
county_year,2024,云南,25.0389,102.7183,西南,沾益,,定地中蜂,0.47,253.5,53.9,185,25.3,4,1,向日葵,county_simulation
county_year,2025,云南,25.0389,102.7183,西南,沾益,,定地意蜂,0.4,190.7,47.7,160,24.9,7,8,刺槐,county_simulation
county_year,2016,云南,25.0389,102.7183,西南,宣威,,大转地意蜂,2.66,1459.7,54.9,1200,22.2,3,5,枣树,county_simulation
county_year,2017,云南,25.0389,102.7183,西南,宣威,,定地意蜂,3.03,1375.1,45.4,1302,23.3,10,8,荆条,county_simulation
county_year,2018,云南,25.0389,102.7183,西南,宣威,,定地中蜂,2.9,1146.0,39.5,1087,26.7,6,8,荆条,county_simulation
county_year,2019,云南,25.0389,102.7183,西南,宣威,,定地中蜂,3.05,1752.6,57.5,1425,21.4,3,3,枣树,county_simulation
county_year,2020,云南,25.0389,102.7183,西南,宣威,,定地中蜂,3.11,1855.9,59.7,1300,23.9,5,4,枣树,county_simulation
county_year,2021,云南,25.0389,102.7183,西南,宣威,,定地意蜂,3.15,1195.1,37.9,1050,30.0,6,3,荆条,county_simulation
county_year,2022,云南,25.0389,102.7183,西南,宣威,,大转地意蜂,3.29,710.6,21.6,1145,28.7,6,7,刺槐,county_simulation
county_year,2023,云南,25.0389,102.7183,西南,宣威,,定地意蜂,3.27,1020.4,31.2,1681,19.4,6,6,油菜,county_simulation
county_year,2024,云南,25.0389,102.7183,西南,宣威,,大转地意蜂,3.43,2223.2,64.8,1389,24.7,1,8,椴树,county_simulation
county_year,2025,云南,25.0389,102.7183,西南,宣威,,大转地意蜂,3.69,2536.2,68.7,1363,27.1,9,1,向日葵,county_simulation
county_year,2016,云南,25.0389,102.7183,西南,楚雄,,小转地,0.88,576.8,65.5,309,28.5,5,8,向日葵,county_simulation
county_year,2017,云南,25.0389,102.7183,西南,楚雄,,定地意蜂,0.92,255.0,27.7,323,28.4,6,3,刺槐,county_simulation
county_year,2018,云南,25.0389,102.7183,西南,楚雄,,大转地意蜂,0.89,363.0,40.8,382,23.3,4,8,龙眼,county_simulation
county_year,2019,云南,25.0389,102.7183,西南,楚雄,,定地中蜂,0.96,319.7,33.3,478,20.1,6,4,荆条,county_simulation
county_year,2020,云南,25.0389,102.7183,西南,楚雄,,小转地,0.95,563.9,59.4,390,24.4,7,7,紫云英,county_simulation
county_year,2021,云南,25.0389,102.7183,西南,楚雄,,定地意蜂,0.98,448.9,45.8,333,29.4,1,8,荆条,county_simulation
county_year,2022,云南,25.0389,102.7183,西南,楚雄,,大转地意蜂,1.0,458.7,45.9,375,26.6,2,6,龙眼,county_simulation
county_year,2023,云南,25.0389,102.7183,西南,楚雄,,定地中蜂,0.96,400.4,41.7,352,27.3,1,3,柑橘,county_simulation
county_year,2024,云南,25.0389,102.7183,西南,楚雄,,定地意蜂,0.89,495.4,55.7,347,25.6,7,7,向日葵,county_simulation
county_year,2025,云南,25.0389,102.7183,西南,楚雄,,定地意蜂,1.11,396.1,35.7,416,26.7,1,5,向日葵,county_simulation
county_year,2016,云南,25.0389,102.7183,西南,双柏,,定地中蜂,3.92,2046.0,52.2,1715,22.8,6,7,枣树,county_simulation
county_year,2017,云南,25.0389,102.7183,西南,双柏,,定地中蜂,3.38,1584.3,46.9,1777,19.0,3,9,向日葵,county_simulation
county_year,2018,云南,25.0389,102.7183,西南,双柏,,定地意蜂,3.77,1794.1,47.6,1972,19.1,3,1,油菜,county_simulation
county_year,2019,云南,25.0389,102.7183,西南,双柏,,定地意蜂,3.62,1192.2,32.9,1478,24.5,7,9,刺槐,county_simulation
county_year,2020,云南,25.0389,102.7183,西南,双柏,,定地意蜂,3.75,1237.0,33.0,1334,28.1,2,1,刺槐,county_simulation
county_year,2021,云南,25.0389,102.7183,西南,双柏,,定地意蜂,3.77,763.8,20.3,1515,24.9,4,10,柑橘,county_simulation
county_year,2022,云南,25.0389,102.7183,西南,双柏,,小转地,3.92,2088.4,53.3,1340,29.3,6,5,荔枝,county_simulation
county_year,2023,云南,25.0389,102.7183,西南,双柏,,小转地,3.97,1930.9,48.6,1429,27.8,7,9,枣树,county_simulation
county_year,2024,云南,25.0389,102.7183,西南,双柏,,定地意蜂,3.54,1048.8,29.6,1462,24.2,8,2,荆条,county_simulation
county_year,2025,云南,25.0389,102.7183,西南,双柏,,大转地意蜂,4.17,1004.9,24.1,1492,27.9,7,3,椴树,county_simulation
county_year,2016,云南,25.0389,102.7183,西南,牟定,,定地中蜂,1.65,662.3,40.1,631,26.1,5,10,椴树,county_simulation
county_year,2017,云南,25.0389,102.7183,西南,牟定,,定地中蜂,1.47,800.4,54.5,490,30.0,7,3,荆条,county_simulation
county_year,2018,云南,25.0389,102.7183,西南,牟定,,大转地意蜂,1.53,656.2,42.9,642,23.8,4,8,椴树,county_simulation
county_year,2019,云南,25.0389,102.7183,西南,牟定,,大转地意蜂,1.59,762.4,48.0,799,19.9,10,7,刺槐,county_simulation
county_year,2020,云南,25.0389,102.7183,西南,牟定,,小转地,1.56,343.4,22.0,627,24.9,2,6,荔枝,county_simulation
county_year,2021,云南,25.0389,102.7183,西南,牟定,,小转地,1.62,717.6,44.3,748,21.6,3,10,紫云英,county_simulation
county_year,2022,云南,25.0389,102.7183,西南,牟定,,小转地,1.5,966.8,64.5,522,28.7,3,8,油菜,county_simulation
county_year,2023,云南,25.0389,102.7183,西南,牟定,,定地中蜂,1.5,952.8,63.5,676,22.2,8,10,荔枝,county_simulation
county_year,2024,云南,25.0389,102.7183,西南,牟定,,定地中蜂,1.64,968.7,59.1,569,28.8,10,3,荆条,county_simulation
county_year,2025,云南,25.0389,102.7183,西南,牟定,,定地中蜂,1.64,696.9,42.5,696,23.5,3,6,刺槐,county_simulation
county_year,2016,云南,25.0389,102.7183,西南,南华,,定地中蜂,4.41,1395.4,31.6,1924,22.9,6,9,油菜,county_simulation
county_year,2017,云南,25.0389,102.7183,西南,南华,,大转地意蜂,4.26,2419.5,56.8,1485,28.7,3,1,柑橘,county_simulation
county_year,2018,云南,25.0389,102.7183,西南,南华,,大转地意蜂,4.63,1641.0,35.4,1698,27.3,9,2,枣树,county_simulation
county_year,2019,云南,25.0389,102.7183,西南,南华,,小转地,4.62,2674.1,57.9,1885,24.5,8,9,油菜,county_simulation
county_year,2020,云南,25.0389,102.7183,西南,南华,,大转地意蜂,4.8,1391.4,29.0,1641,29.2,5,4,枣树,county_simulation
county_year,2021,云南,25.0389,102.7183,西南,南华,,大转地意蜂,4.94,2419.5,49.0,1760,28.1,9,10,龙眼,county_simulation
county_year,2022,云南,25.0389,102.7183,西南,南华,,大转地意蜂,4.84,3054.0,63.1,2610,18.5,6,7,荆条,county_simulation
county_year,2023,云南,25.0389,102.7183,西南,南华,,定地意蜂,4.87,1746.8,35.9,1719,28.3,2,2,刺槐,county_simulation
county_year,2024,云南,25.0389,102.7183,西南,南华,,大转地意蜂,5.04,1468.3,29.1,2352,21.4,3,5,紫云英,county_simulation
county_year,2025,云南,25.0389,102.7183,西南,南华,,小转地,5.29,3600.2,68.1,2827,18.7,1,1,荔枝,county_simulation
county_year,2016,河南,34.7466,113.6254,华中,中牟,,定地中蜂,2.13,771.3,36.2,927,23.0,2,1,枣树,county_simulation
county_year,2017,河南,34.7466,113.6254,华中,中牟,,定地中蜂,2.16,687.4,31.8,858,25.2,2,5,油菜,county_simulation
county_year,2018,河南,34.7466,113.6254,华中,中牟,,大转地意蜂,2.13,495.7,23.3,864,24.6,7,4,油菜,county_simulation
county_year,2019,河南,34.7466,113.6254,华中,中牟,,小转地,2.13,1145.0,53.8,720,29.6,9,3,荔枝,county_simulation
county_year,2020,河南,34.7466,113.6254,华中,中牟,,小转地,2.12,1321.1,62.3,907,23.4,3,6,向日葵,county_simulation
county_year,2021,河南,34.7466,113.6254,华中,中牟,,定地中蜂,2.21,1036.0,46.9,807,27.4,9,8,油菜,county_simulation
county_year,2022,河南,34.7466,113.6254,华中,中牟,,定地意蜂,2.04,1254.0,61.5,865,23.6,3,1,油菜,county_simulation
county_year,2023,河南,34.7466,113.6254,华中,中牟,,定地中蜂,2.35,1172.5,49.9,987,23.8,6,4,柑橘,county_simulation
county_year,2024,河南,34.7466,113.6254,华中,中牟,,大转地意蜂,2.38,668.1,28.1,1113,21.4,5,2,紫云英,county_simulation
county_year,2025,河南,34.7466,113.6254,华中,中牟,,定地意蜂,2.36,1327.6,56.3,843,28.0,7,4,柑橘,county_simulation
county_year,2016,河南,34.7466,113.6254,华中,新郑,,定地意蜂,2.36,1587.6,67.3,824,28.6,8,5,枣树,county_simulation
county_year,2017,河南,34.7466,113.6254,华中,新郑,,定地意蜂,2.5,763.3,30.5,1143,21.9,1,3,油菜,county_simulation
county_year,2018,河南,34.7466,113.6254,华中,新郑,,小转地,2.57,526.3,20.5,1423,18.1,7,9,椴树,county_simulation
county_year,2019,河南,34.7466,113.6254,华中,新郑,,大转地意蜂,2.59,1537.6,59.4,1058,24.5,9,1,椴树,county_simulation
county_year,2020,河南,34.7466,113.6254,华中,新郑,,定地意蜂,2.66,1613.0,60.6,1196,22.2,7,3,油菜,county_simulation
county_year,2021,河南,34.7466,113.6254,华中,新郑,,大转地意蜂,2.62,776.8,29.6,1167,22.4,4,1,荔枝,county_simulation
county_year,2022,河南,34.7466,113.6254,华中,新郑,,定地意蜂,2.77,819.2,29.6,1044,26.5,4,4,椴树,county_simulation
county_year,2023,河南,34.7466,113.6254,华中,新郑,,小转地,2.96,1321.4,44.6,1605,18.4,1,4,紫云英,county_simulation
county_year,2024,河南,34.7466,113.6254,华中,新郑,,小转地,2.52,1134.4,45.0,1181,21.3,9,4,柑橘,county_simulation
county_year,2025,河南,34.7466,113.6254,华中,新郑,,小转地,2.93,843.1,28.8,1161,25.2,2,3,荔枝,county_simulation
county_year,2016,河南,34.7466,113.6254,华中,巩义,,定地意蜂,4.07,2297.3,56.4,1424,28.6,4,1,向日葵,county_simulation
county_year,2017,河南,34.7466,113.6254,华中,巩义,,大转地意蜂,4.42,2835.7,64.2,1689,26.2,7,1,龙眼,county_simulation
county_year,2018,河南,34.7466,113.6254,华中,巩义,,定地中蜂,4.6,1550.3,33.7,1536,29.9,8,6,向日葵,county_simulation
county_year,2019,河南,34.7466,113.6254,华中,巩义,,定地意蜂,4.53,1414.6,31.2,1583,28.6,7,9,椴树,county_simulation
county_year,2020,河南,34.7466,113.6254,华中,巩义,,大转地意蜂,4.65,1708.2,36.7,2048,22.7,4,7,刺槐,county_simulation
county_year,2021,河南,34.7466,113.6254,华中,巩义,,大转地意蜂,4.81,1753.8,36.5,2362,20.4,2,1,椴树,county_simulation
county_year,2022,河南,34.7466,113.6254,华中,巩义,,定地意蜂,4.71,2819.5,59.9,2575,18.3,5,4,刺槐,county_simulation
county_year,2023,河南,34.7466,113.6254,华中,巩义,,定地意蜂,4.77,2939.6,61.6,1616,29.5,9,4,刺槐,county_simulation
county_year,2024,河南,34.7466,113.6254,华中,巩义,,定地中蜂,5.14,2991.7,58.2,2020,25.4,10,2,刺槐,county_simulation
county_year,2025,河南,34.7466,113.6254,华中,巩义,,大转地意蜂,5.55,2157.3,38.9,1913,29.0,3,1,椴树,county_simulation
county_year,2016,河南,34.7466,113.6254,华中,荥阳,,大转地意蜂,0.53,133.0,25.1,228,23.2,9,1,荔枝,county_simulation
county_year,2017,河南,34.7466,113.6254,华中,荥阳,,定地中蜂,0.51,259.4,50.9,223,22.8,4,10,柑橘,county_simulation
county_year,2018,河南,34.7466,113.6254,华中,荥阳,,大转地意蜂,0.59,352.6,59.8,260,22.6,6,1,椴树,county_simulation
county_year,2019,河南,34.7466,113.6254,华中,荥阳,,大转地意蜂,0.56,142.2,25.4,223,25.1,10,2,柑橘,county_simulation
county_year,2020,河南,34.7466,113.6254,华中,荥阳,,定地意蜂,0.56,272.5,48.7,275,20.3,6,7,椴树,county_simulation
county_year,2021,河南,34.7466,113.6254,华中,荥阳,,大转地意蜂,0.58,186.5,32.2,248,23.3,1,3,荔枝,county_simulation
county_year,2022,河南,34.7466,113.6254,华中,荥阳,,定地意蜂,0.58,305.0,52.6,240,24.2,5,10,向日葵,county_simulation
county_year,2023,河南,34.7466,113.6254,华中,荥阳,,定地意蜂,0.61,216.1,35.4,308,19.8,5,6,油菜,county_simulation
county_year,2024,河南,34.7466,113.6254,华中,荥阳,,小转地,0.59,160.7,27.2,227,25.9,9,9,油菜,county_simulation
county_year,2025,河南,34.7466,113.6254,华中,荥阳,,小转地,0.58,174.1,30.0,285,20.3,2,6,枣树,county_simulation
county_year,2016,河南,34.7466,113.6254,华中,新密,,定地意蜂,3.12,1559.6,50.0,1047,29.8,10,10,龙眼,county_simulation
county_year,2017,河南,34.7466,113.6254,华中,新密,,定地中蜂,3.24,910.9,28.1,1407,23.0,1,8,枣树,county_simulation
county_year,2018,河南,34.7466,113.6254,华中,新密,,定地中蜂,3.18,1738.2,54.7,1239,25.7,10,4,枣树,county_simulation
county_year,2019,河南,34.7466,113.6254,华中,新密,,定地中蜂,3.39,2058.8,60.7,1245,27.2,4,7,荆条,county_simulation
county_year,2020,河南,34.7466,113.6254,华中,新密,,定地意蜂,3.42,700.9,20.5,1891,18.1,1,9,刺槐,county_simulation
county_year,2021,河南,34.7466,113.6254,华中,新密,,定地意蜂,3.38,1743.0,51.6,1451,23.3,1,1,枣树,county_simulation
county_year,2022,河南,34.7466,113.6254,华中,新密,,小转地,3.36,2159.4,64.3,1672,20.1,6,9,枣树,county_simulation
county_year,2023,河南,34.7466,113.6254,华中,新密,,大转地意蜂,3.32,2063.2,62.1,1818,18.3,1,3,紫云英,county_simulation
county_year,2024,河南,34.7466,113.6254,华中,新密,,小转地,3.68,1358.6,36.9,1285,28.6,5,8,枣树,county_simulation
county_year,2025,河南,34.7466,113.6254,华中,新密,,定地中蜂,3.45,985.6,28.6,1535,22.5,2,2,荆条,county_simulation
county_year,2016,河南,34.7466,113.6254,华中,登封,,定地意蜂,4.63,2158.9,46.6,2283,20.3,6,10,紫云英,county_simulation
county_year,2017,河南,34.7466,113.6254,华中,登封,,小转地,3.9,870.1,22.3,1862,20.9,9,5,荆条,county_simulation
county_year,2018,河南,34.7466,113.6254,华中,登封,,小转地,4.42,2642.3,59.8,2371,18.6,9,10,椴树,county_simulation
county_year,2019,河南,34.7466,113.6254,华中,登封,,大转地意蜂,4.45,1937.2,43.5,2344,19.0,3,9,紫云英,county_simulation
county_year,2020,河南,34.7466,113.6254,华中,登封,,定地中蜂,4.41,2004.7,45.5,1713,25.7,9,8,荆条,county_simulation
county_year,2021,河南,34.7466,113.6254,华中,登封,,定地中蜂,4.41,2413.4,54.7,1961,22.5,8,5,柑橘,county_simulation
county_year,2022,河南,34.7466,113.6254,华中,登封,,大转地意蜂,4.45,2189.4,49.2,1531,29.1,4,4,枣树,county_simulation
county_year,2023,河南,34.7466,113.6254,华中,登封,,定地中蜂,4.51,1394.9,30.9,2166,20.8,7,10,荆条,county_simulation
county_year,2024,河南,34.7466,113.6254,华中,登封,,小转地,5.05,2400.1,47.5,2245,22.5,2,5,椴树,county_simulation
county_year,2025,河南,34.7466,113.6254,华中,登封,,定地意蜂,4.66,1027.9,22.1,2244,20.8,7,8,椴树,county_simulation
county_year,2016,河南,34.7466,113.6254,华中,偃师,,大转地意蜂,2.3,774.0,33.7,959,24.0,3,8,枣树,county_simulation
county_year,2017,河南,34.7466,113.6254,华中,偃师,,定地意蜂,2.35,1529.2,65.1,1242,18.9,9,9,向日葵,county_simulation
county_year,2018,河南,34.7466,113.6254,华中,偃师,,大转地意蜂,2.23,1479.2,66.3,812,27.4,2,2,龙眼,county_simulation
county_year,2019,河南,34.7466,113.6254,华中,偃师,,定地意蜂,2.36,704.0,29.8,1156,20.4,5,5,荔枝,county_simulation
county_year,2020,河南,34.7466,113.6254,华中,偃师,,定地意蜂,2.32,623.9,26.9,918,25.2,1,5,荔枝,county_simulation
county_year,2021,河南,34.7466,113.6254,华中,偃师,,定地中蜂,2.39,960.6,40.2,872,27.4,10,1,椴树,county_simulation
county_year,2022,河南,34.7466,113.6254,华中,偃师,,定地中蜂,2.41,1628.5,67.6,806,29.9,4,4,枣树,county_simulation
county_year,2023,河南,34.7466,113.6254,华中,偃师,,定地中蜂,2.38,1411.3,59.3,983,24.2,8,6,刺槐,county_simulation
county_year,2024,河南,34.7466,113.6254,华中,偃师,,定地中蜂,2.31,1351.5,58.5,1140,20.3,4,8,椴树,county_simulation
county_year,2025,河南,34.7466,113.6254,华中,偃师,,小转地,2.68,722.2,26.9,1459,18.4,5,1,椴树,county_simulation
county_year,2016,河南,34.7466,113.6254,华中,孟津,,定地中蜂,3.59,1470.4,41.0,1626,22.1,9,5,龙眼,county_simulation
county_year,2017,河南,34.7466,113.6254,华中,孟津,,小转地,3.89,840.6,21.6,1567,24.8,3,6,柑橘,county_simulation
county_year,2018,河南,34.7466,113.6254,华中,孟津,,定地中蜂,3.93,1980.4,50.4,1557,25.2,7,4,紫云英,county_simulation
county_year,2019,河南,34.7466,113.6254,华中,孟津,,定地意蜂,4.14,1810.8,43.7,1828,22.6,10,8,荔枝,county_simulation
county_year,2020,河南,34.7466,113.6254,华中,孟津,,大转地意蜂,4.08,1943.9,47.6,2119,19.3,10,8,油菜,county_simulation
county_year,2021,河南,34.7466,113.6254,华中,孟津,,定地意蜂,4.04,2753.2,68.1,2145,18.8,4,4,荔枝,county_simulation
county_year,2022,河南,34.7466,113.6254,华中,孟津,,大转地意蜂,4.24,969.8,22.9,2250,18.8,3,6,紫云英,county_simulation
county_year,2023,河南,34.7466,113.6254,华中,孟津,,定地中蜂,4.12,1090.0,26.5,1379,29.9,8,2,紫云英,county_simulation
county_year,2024,河南,34.7466,113.6254,华中,孟津,,小转地,4.69,1242.7,26.5,1652,28.4,5,7,椴树,county_simulation
county_year,2025,河南,34.7466,113.6254,华中,孟津,,小转地,3.86,1370.9,35.5,1550,24.9,9,8,荔枝,county_simulation
county_year,2016,河南,34.7466,113.6254,华中,新安,,小转地,1.05,642.9,61.2,449,23.3,9,6,柑橘,county_simulation
county_year,2017,河南,34.7466,113.6254,华中,新安,,大转地意蜂,1.13,551.5,48.8,480,23.5,5,8,龙眼,county_simulation
county_year,2018,河南,34.7466,113.6254,华中,新安,,小转地,1.19,415.0,34.9,448,26.5,7,4,荆条,county_simulation
county_year,2019,河南,34.7466,113.6254,华中,新安,,小转地,1.21,519.0,42.9,451,26.8,10,2,紫云英,county_simulation
county_year,2020,河南,34.7466,113.6254,华中,新安,,小转地,1.25,803.5,64.3,674,18.5,5,9,荔枝,county_simulation
county_year,2021,河南,34.7466,113.6254,华中,新安,,小转地,1.27,715.4,56.3,675,18.8,8,7,向日葵,county_simulation
county_year,2022,河南,34.7466,113.6254,华中,新安,,定地意蜂,1.22,704.8,57.8,544,22.4,7,8,荆条,county_simulation
county_year,2023,河南,34.7466,113.6254,华中,新安,,大转地意蜂,1.23,530.2,43.1,510,24.1,8,7,龙眼,county_simulation
county_year,2024,河南,34.7466,113.6254,华中,新安,,大转地意蜂,1.37,545.7,39.8,484,28.3,5,2,荆条,county_simulation
county_year,2025,河南,34.7466,113.6254,华中,新安,,大转地意蜂,1.25,553.0,44.2,463,27.0,2,9,枣树,county_simulation
county_year,2016,河南,34.7466,113.6254,华中,栾川,,小转地,3.54,1202.1,34.0,1496,23.6,3,1,柑橘,county_simulation
county_year,2017,河南,34.7466,113.6254,华中,栾川,,定地中蜂,3.78,1766.5,46.7,1755,21.5,3,2,油菜,county_simulation
county_year,2018,河南,34.7466,113.6254,华中,栾川,,小转地,3.48,1319.1,37.9,1753,19.8,1,9,枣树,county_simulation
county_year,2019,河南,34.7466,113.6254,华中,栾川,,大转地意蜂,3.6,1862.6,51.7,1938,18.6,7,5,椴树,county_simulation
county_year,2020,河南,34.7466,113.6254,华中,栾川,,小转地,3.63,2127.9,58.6,2010,18.1,4,6,枣树,county_simulation
county_year,2021,河南,34.7466,113.6254,华中,栾川,,大转地意蜂,3.6,770.3,21.4,1978,18.2,6,4,刺槐,county_simulation
county_year,2022,河南,34.7466,113.6254,华中,栾川,,小转地,3.58,2142.5,59.8,1252,28.6,3,1,紫云英,county_simulation
county_year,2023,河南,34.7466,113.6254,华中,栾川,,小转地,3.75,1355.0,36.1,1349,27.8,10,4,向日葵,county_simulation
county_year,2024,河南,34.7466,113.6254,华中,栾川,,大转地意蜂,3.68,1163.6,31.6,1590,23.1,6,6,荆条,county_simulation
county_year,2025,河南,34.7466,113.6254,华中,栾川,,小转地,3.28,675.6,20.6,1268,25.8,8,4,刺槐,county_simulation
county_year,2016,河南,34.7466,113.6254,华中,嵩县,,小转地,3.41,756.9,22.2,1337,25.5,7,5,柑橘,county_simulation
county_year,2017,河南,34.7466,113.6254,华中,嵩县,,小转地,3.27,1819.0,55.6,1094,29.9,5,2,柑橘,county_simulation
county_year,2018,河南,34.7466,113.6254,华中,嵩县,,小转地,3.37,1328.7,39.4,1317,25.6,6,3,龙眼,county_simulation
county_year,2019,河南,34.7466,113.6254,华中,嵩县,,大转地意蜂,3.24,757.4,23.4,1246,26.0,10,10,椴树,county_simulation
county_year,2020,河南,34.7466,113.6254,华中,嵩县,,大转地意蜂,3.37,1065.6,31.6,1311,25.7,4,1,柑橘,county_simulation
county_year,2021,河南,34.7466,113.6254,华中,嵩县,,定地中蜂,3.46,1101.0,31.8,1775,19.5,4,10,刺槐,county_simulation
county_year,2022,河南,34.7466,113.6254,华中,嵩县,,小转地,3.26,1135.5,34.8,1449,22.5,7,4,油菜,county_simulation
county_year,2023,河南,34.7466,113.6254,华中,嵩县,,定地中蜂,3.31,2298.1,69.4,1239,26.7,6,3,荔枝,county_simulation
county_year,2024,河南,34.7466,113.6254,华中,嵩县,,定地中蜂,3.36,738.5,22.0,1224,27.4,5,1,枣树,county_simulation
county_year,2025,河南,34.7466,113.6254,华中,嵩县,,大转地意蜂,3.89,1249.2,32.1,1770,22.0,4,4,柑橘,county_simulation
county_year,2016,河南,34.7466,113.6254,华中,汝阳,,大转地意蜂,4.17,2147.1,51.5,2064,20.2,8,2,枣树,county_simulation
county_year,2017,河南,34.7466,113.6254,华中,汝阳,,小转地,4.59,3071.3,66.9,1534,29.9,2,3,柑橘,county_simulation
county_year,2018,河南,34.7466,113.6254,华中,汝阳,,大转地意蜂,4.26,1287.3,30.2,1546,27.5,7,8,荔枝,county_simulation
county_year,2019,河南,34.7466,113.6254,华中,汝阳,,小转地,4.41,1817.0,41.2,2164,20.4,5,5,柑橘,county_simulation
county_year,2020,河南,34.7466,113.6254,华中,汝阳,,定地中蜂,4.37,1468.0,33.6,1705,25.6,2,6,紫云英,county_simulation
county_year,2021,河南,34.7466,113.6254,华中,汝阳,,定地中蜂,4.38,1801.7,41.1,1852,23.6,3,8,油菜,county_simulation
county_year,2022,河南,34.7466,113.6254,华中,汝阳,,定地意蜂,4.59,1109.0,24.2,1984,23.1,10,9,荆条,county_simulation
county_year,2023,河南,34.7466,113.6254,华中,汝阳,,定地意蜂,4.54,1771.6,39.0,2257,20.1,8,5,紫云英,county_simulation
county_year,2024,河南,34.7466,113.6254,华中,汝阳,,定地中蜂,4.61,1690.1,36.7,1939,23.8,4,3,枣树,county_simulation
county_year,2025,河南,34.7466,113.6254,华中,汝阳,,定地意蜂,3.94,2226.8,56.5,1390,28.3,8,7,紫云英,county_simulation
county_year,2016,河南,34.7466,113.6254,华中,宜阳,,大转地意蜂,3.97,1765.8,44.5,1766,22.5,7,1,刺槐,county_simulation
county_year,2017,河南,34.7466,113.6254,华中,宜阳,,定地中蜂,4.64,1378.6,29.7,1871,24.8,5,6,向日葵,county_simulation
county_year,2018,河南,34.7466,113.6254,华中,宜阳,,大转地意蜂,4.47,1716.9,38.4,1744,25.6,7,7,枣树,county_simulation
county_year,2019,河南,34.7466,113.6254,华中,宜阳,,大转地意蜂,4.71,2856.9,60.7,2557,18.4,3,5,柑橘,county_simulation
county_year,2020,河南,34.7466,113.6254,华中,宜阳,,小转地,4.68,1531.0,32.7,1788,26.2,1,2,刺槐,county_simulation
county_year,2021,河南,34.7466,113.6254,华中,宜阳,,大转地意蜂,4.77,1902.4,39.9,1644,29.0,9,4,紫云英,county_simulation
county_year,2022,河南,34.7466,113.6254,华中,宜阳,,定地中蜂,4.59,2505.8,54.6,1985,23.1,10,5,紫云英,county_simulation
county_year,2023,河南,34.7466,113.6254,华中,宜阳,,大转地意蜂,5.04,3198.9,63.5,1732,29.1,10,6,荆条,county_simulation
county_year,2024,河南,34.7466,113.6254,华中,宜阳,,定地意蜂,4.61,2646.8,57.4,2247,20.5,1,3,椴树,county_simulation
county_year,2025,河南,34.7466,113.6254,华中,宜阳,,定地中蜂,4.22,2313.2,54.8,2240,18.8,5,7,荆条,county_simulation
county_year,2016,河南,34.7466,113.6254,华中,洛宁,,大转地意蜂,1.17,518.6,44.3,596,19.6,8,10,枣树,county_simulation
county_year,2017,河南,34.7466,113.6254,华中,洛宁,,小转地,1.16,338.0,29.1,620,18.7,5,7,椴树,county_simulation
county_year,2018,河南,34.7466,113.6254,华中,洛宁,,小转地,1.09,691.3,63.4,427,25.5,2,5,刺槐,county_simulation
county_year,2019,河南,34.7466,113.6254,华中,洛宁,,小转地,1.13,419.3,37.1,529,21.3,8,8,刺槐,county_simulation
county_year,2020,河南,34.7466,113.6254,华中,洛宁,,大转地意蜂,1.13,765.7,67.8,533,21.2,2,4,向日葵,county_simulation
county_year,2021,河南,34.7466,113.6254,华中,洛宁,,定地意蜂,1.16,533.6,46.0,515,22.5,8,8,龙眼,county_simulation
county_year,2022,河南,34.7466,113.6254,华中,洛宁,,定地意蜂,1.17,632.9,54.1,530,22.0,6,4,龙眼,county_simulation
county_year,2023,河南,34.7466,113.6254,华中,洛宁,,定地意蜂,1.2,274.3,22.9,532,22.5,6,2,油菜,county_simulation
county_year,2024,河南,34.7466,113.6254,华中,洛宁,,小转地,1.16,652.6,56.3,439,26.4,1,10,刺槐,county_simulation
county_year,2025,河南,34.7466,113.6254,华中,洛宁,,小转地,1.31,720.0,55.0,613,21.4,6,8,柑橘,county_simulation
county_year,2016,河南,34.7466,113.6254,华中,伊川,,大转地意蜂,3.05,1616.8,53.0,1261,24.2,6,1,龙眼,county_simulation
county_year,2017,河南,34.7466,113.6254,华中,伊川,,定地中蜂,3.16,1794.6,56.8,1066,29.6,4,10,椴树,county_simulation
county_year,2018,河南,34.7466,113.6254,华中,伊川,,定地中蜂,3.47,835.2,24.1,1368,25.4,8,2,紫云英,county_simulation
county_year,2019,河南,34.7466,113.6254,华中,伊川,,大转地意蜂,3.51,953.2,27.2,1725,20.3,3,8,刺槐,county_simulation
county_year,2020,河南,34.7466,113.6254,华中,伊川,,定地中蜂,3.5,1660.3,47.4,1342,26.1,3,8,刺槐,county_simulation
county_year,2021,河南,34.7466,113.6254,华中,伊川,,小转地,3.53,1135.5,32.2,1441,24.5,2,2,紫云英,county_simulation
county_year,2022,河南,34.7466,113.6254,华中,伊川,,定地意蜂,3.78,2511.8,66.5,2059,18.4,7,5,枣树,county_simulation
county_year,2023,河南,34.7466,113.6254,华中,伊川,,大转地意蜂,3.74,2527.3,67.6,1438,26.0,3,9,椴树,county_simulation
county_year,2024,河南,34.7466,113.6254,华中,伊川,,大转地意蜂,3.3,2098.7,63.6,1254,26.3,6,7,紫云英,county_simulation
county_year,2025,河南,34.7466,113.6254,华中,伊川,,定地中蜂,3.84,2623.2,68.3,1400,27.4,4,4,荔枝,county_simulation
county_year,2016,河南,34.7466,113.6254,华中,宝丰,,小转地,0.9,513.3,57.0,471,19.1,2,10,龙眼,county_simulation
county_year,2017,河南,34.7466,113.6254,华中,宝丰,,大转地意蜂,0.88,343.3,39.0,404,21.8,5,1,柑橘,county_simulation
county_year,2018,河南,34.7466,113.6254,华中,宝丰,,定地意蜂,0.83,572.6,69.0,294,28.2,6,3,向日葵,county_simulation
county_year,2019,河南,34.7466,113.6254,华中,宝丰,,大转地意蜂,0.83,210.2,25.3,330,25.1,9,8,龙眼,county_simulation
county_year,2020,河南,34.7466,113.6254,华中,宝丰,,定地中蜂,0.85,525.8,61.9,289,29.3,8,3,柑橘,county_simulation
county_year,2021,河南,34.7466,113.6254,华中,宝丰,,大转地意蜂,0.85,530.9,62.5,315,27.0,10,6,荔枝,county_simulation
county_year,2022,河南,34.7466,113.6254,华中,宝丰,,定地中蜂,0.87,293.0,33.7,331,26.3,4,8,荔枝,county_simulation
county_year,2023,河南,34.7466,113.6254,华中,宝丰,,定地意蜂,0.9,621.5,69.1,399,22.5,3,4,枣树,county_simulation
county_year,2024,河南,34.7466,113.6254,华中,宝丰,,小转地,0.92,582.1,63.3,493,18.6,8,7,荔枝,county_simulation
county_year,2025,河南,34.7466,113.6254,华中,宝丰,,大转地意蜂,1.01,630.5,62.4,389,25.9,9,7,龙眼,county_simulation
county_year,2016,河南,34.7466,113.6254,华中,叶县,,大转地意蜂,2.2,870.5,39.6,991,22.2,9,5,荔枝,county_simulation
county_year,2017,河南,34.7466,113.6254,华中,叶县,,定地中蜂,2.13,1337.9,62.8,1047,20.3,2,3,龙眼,county_simulation
county_year,2018,河南,34.7466,113.6254,华中,叶县,,定地意蜂,2.16,1301.5,60.3,865,25.0,8,3,柑橘,county_simulation
county_year,2019,河南,34.7466,113.6254,华中,叶县,,小转地,2.3,794.7,34.6,872,26.4,4,4,枣树,county_simulation
county_year,2020,河南,34.7466,113.6254,华中,叶县,,大转地意蜂,2.27,1278.0,56.3,1253,18.1,3,7,紫云英,county_simulation
county_year,2021,河南,34.7466,113.6254,华中,叶县,,定地意蜂,2.32,529.3,22.8,1158,20.0,8,3,油菜,county_simulation
county_year,2022,河南,34.7466,113.6254,华中,叶县,,定地中蜂,2.22,819.7,36.9,917,24.2,3,7,枣树,county_simulation
county_year,2023,河南,34.7466,113.6254,华中,叶县,,小转地,2.15,955.3,44.4,1029,20.9,7,2,椴树,county_simulation
county_year,2024,河南,34.7466,113.6254,华中,叶县,,定地中蜂,2.56,864.3,33.8,992,25.8,6,1,刺槐,county_simulation
county_year,2025,河南,34.7466,113.6254,华中,叶县,,小转地,2.13,1109.1,52.1,1094,19.5,1,10,柑橘,county_simulation
county_year,2016,河南,34.7466,113.6254,华中,鲁山,,小转地,4.73,1169.6,24.7,1796,26.3,7,8,紫云英,county_simulation
county_year,2017,河南,34.7466,113.6254,华中,鲁山,,小转地,4.93,1787.7,36.3,2527,19.5,7,1,紫云英,county_simulation
county_year,2018,河南,34.7466,113.6254,华中,鲁山,,定地中蜂,4.77,2891.1,60.6,1951,24.4,2,9,柑橘,county_simulation
county_year,2019,河南,34.7466,113.6254,华中,鲁山,,小转地,4.84,2545.1,52.6,1739,27.8,2,3,柑橘,county_simulation
county_year,2020,河南,34.7466,113.6254,华中,鲁山,,定地意蜂,4.9,2075.7,42.4,2712,18.1,2,1,荆条,county_simulation
county_year,2021,河南,34.7466,113.6254,华中,鲁山,,定地意蜂,4.97,1212.2,24.4,1923,25.8,1,2,刺槐,county_simulation
county_year,2022,河南,34.7466,113.6254,华中,鲁山,,定地中蜂,5.0,2361.1,47.2,2235,22.4,1,4,荔枝,county_simulation
county_year,2023,河南,34.7466,113.6254,华中,鲁山,,定地意蜂,4.65,3033.2,65.2,1584,29.3,9,8,荆条,county_simulation
county_year,2024,河南,34.7466,113.6254,华中,鲁山,,定地意蜂,5.19,2394.3,46.1,1970,26.3,10,9,向日葵,county_simulation
county_year,2025,河南,34.7466,113.6254,华中,鲁山,,小转地,4.72,2878.6,61.0,2459,19.2,1,4,荆条,county_simulation
county_year,2016,河南,34.7466,113.6254,华中,郏县,,小转地,1.5,751.6,50.1,508,29.5,10,6,荔枝,county_simulation
county_year,2017,河南,34.7466,113.6254,华中,郏县,,定地意蜂,1.77,419.8,23.7,694,25.5,5,7,荆条,county_simulation
county_year,2018,河南,34.7466,113.6254,华中,郏县,,定地中蜂,1.69,552.8,32.7,889,19.0,3,9,枣树,county_simulation
county_year,2019,河南,34.7466,113.6254,华中,郏县,,小转地,1.73,1207.0,69.8,645,26.8,6,10,向日葵,county_simulation
county_year,2020,河南,34.7466,113.6254,华中,郏县,,定地中蜂,1.7,470.5,27.7,737,23.0,7,1,柑橘,county_simulation
county_year,2021,河南,34.7466,113.6254,华中,郏县,,定地中蜂,1.69,787.1,46.6,795,21.2,2,6,刺槐,county_simulation
county_year,2022,河南,34.7466,113.6254,华中,郏县,,小转地,1.71,575.6,33.7,777,22.0,5,1,刺槐,county_simulation
county_year,2023,河南,34.7466,113.6254,华中,郏县,,大转地意蜂,1.72,669.6,38.9,580,29.6,2,3,向日葵,county_simulation
county_year,2024,河南,34.7466,113.6254,华中,郏县,,定地中蜂,1.87,1142.0,61.1,862,21.7,2,9,龙眼,county_simulation
county_year,2025,河南,34.7466,113.6254,华中,郏县,,大转地意蜂,1.89,899.2,47.6,665,28.4,1,3,龙眼,county_simulation
county_year,2016,河南,34.7466,113.6254,华中,舞钢,,定地中蜂,4.65,2653.5,57.1,2100,22.1,8,10,荆条,county_simulation
county_year,2017,河南,34.7466,113.6254,华中,舞钢,,小转地,4.77,2655.0,55.7,1817,26.2,3,7,柑橘,county_simulation
county_year,2018,河南,34.7466,113.6254,华中,舞钢,,定地意蜂,4.48,2520.9,56.3,2404,18.6,4,10,紫云英,county_simulation
county_year,2019,河南,34.7466,113.6254,华中,舞钢,,定地中蜂,4.61,3195.3,69.3,2282,20.2,9,5,荔枝,county_simulation
county_year,2020,河南,34.7466,113.6254,华中,舞钢,,小转地,4.71,2634.0,55.9,1942,24.2,5,2,荔枝,county_simulation
county_year,2021,河南,34.7466,113.6254,华中,舞钢,,大转地意蜂,4.73,1159.2,24.5,2174,21.8,2,4,刺槐,county_simulation
county_year,2022,河南,34.7466,113.6254,华中,舞钢,,定地中蜂,4.62,2641.3,57.2,2472,18.7,1,7,向日葵,county_simulation
county_year,2023,河南,34.7466,113.6254,华中,舞钢,,大转地意蜂,5.22,2343.3,44.9,2658,19.6,7,1,柑橘,county_simulation
county_year,2024,河南,34.7466,113.6254,华中,舞钢,,定地中蜂,4.55,926.6,20.4,1626,28.0,9,6,枣树,county_simulation
county_year,2025,河南,34.7466,113.6254,华中,舞钢,,大转地意蜂,5.65,3730.3,66.0,2178,25.9,10,8,荆条,county_simulation
county_year,2016,贵州,26.6477,106.6302,西南,花溪,,大转地意蜂,2.31,722.0,31.3,951,24.3,6,3,向日葵,county_simulation
county_year,2017,贵州,26.6477,106.6302,西南,花溪,,小转地,2.65,1186.5,44.8,1423,18.6,6,2,龙眼,county_simulation
county_year,2018,贵州,26.6477,106.6302,西南,花溪,,大转地意蜂,2.48,1164.5,47.0,1181,21.0,5,5,椴树,county_simulation
county_year,2019,贵州,26.6477,106.6302,西南,花溪,,定地中蜂,2.67,1519.3,56.9,1298,20.6,4,5,向日葵,county_simulation
county_year,2020,贵州,26.6477,106.6302,西南,花溪,,定地中蜂,2.66,1147.9,43.2,1443,18.4,1,6,油菜,county_simulation
county_year,2021,贵州,26.6477,106.6302,西南,花溪,,大转地意蜂,2.71,1021.5,37.7,1235,21.9,6,3,紫云英,county_simulation
county_year,2022,贵州,26.6477,106.6302,西南,花溪,,大转地意蜂,2.67,1190.9,44.6,1389,19.2,9,9,荆条,county_simulation
county_year,2023,贵州,26.6477,106.6302,西南,花溪,,定地意蜂,2.7,549.3,20.3,932,29.0,4,8,紫云英,county_simulation
county_year,2024,贵州,26.6477,106.6302,西南,花溪,,定地意蜂,2.69,1738.0,64.6,1202,22.4,2,8,椴树,county_simulation
county_year,2025,贵州,26.6477,106.6302,西南,花溪,,定地意蜂,2.53,1055.0,41.7,1137,22.2,4,2,枣树,county_simulation
county_year,2016,贵州,26.6477,106.6302,西南,乌当,,大转地意蜂,1.32,482.6,36.6,572,23.1,3,4,椴树,county_simulation
county_year,2017,贵州,26.6477,106.6302,西南,乌当,,定地中蜂,1.12,290.5,25.9,375,29.8,9,8,荆条,county_simulation
county_year,2018,贵州,26.6477,106.6302,西南,乌当,,定地中蜂,1.26,807.5,64.1,463,27.2,3,2,刺槐,county_simulation
county_year,2019,贵州,26.6477,106.6302,西南,乌当,,大转地意蜂,1.23,457.6,37.2,630,19.5,4,1,龙眼,county_simulation
county_year,2020,贵州,26.6477,106.6302,西南,乌当,,定地中蜂,1.26,257.1,20.4,500,25.2,5,5,椴树,county_simulation
county_year,2021,贵州,26.6477,106.6302,西南,乌当,,小转地,1.24,630.9,50.9,535,23.1,4,5,刺槐,county_simulation
county_year,2022,贵州,26.6477,106.6302,西南,乌当,,定地中蜂,1.34,433.7,32.4,447,29.9,4,8,刺槐,county_simulation
county_year,2023,贵州,26.6477,106.6302,西南,乌当,,小转地,1.35,392.3,29.1,561,24.0,4,2,荆条,county_simulation
county_year,2024,贵州,26.6477,106.6302,西南,乌当,,小转地,1.28,379.0,29.6,601,21.3,7,1,柑橘,county_simulation
county_year,2025,贵州,26.6477,106.6302,西南,乌当,,定地意蜂,1.21,472.1,39.0,426,28.4,4,4,龙眼,county_simulation
county_year,2016,贵州,26.6477,106.6302,西南,白云,,大转地意蜂,1.89,426.8,22.6,817,23.1,5,6,荔枝,county_simulation
county_year,2017,贵州,26.6477,106.6302,西南,白云,,大转地意蜂,1.58,511.1,32.3,595,26.5,3,1,油菜,county_simulation
county_year,2018,贵州,26.6477,106.6302,西南,白云,,定地中蜂,1.83,560.0,30.6,679,26.9,5,10,刺槐,county_simulation
county_year,2019,贵州,26.6477,106.6302,西南,白云,,定地意蜂,1.76,784.3,44.6,837,21.0,5,2,刺槐,county_simulation
county_year,2020,贵州,26.6477,106.6302,西南,白云,,小转地,1.77,1035.9,58.5,675,26.2,6,6,龙眼,county_simulation
county_year,2021,贵州,26.6477,106.6302,西南,白云,,小转地,1.81,909.3,50.2,722,25.1,5,4,柑橘,county_simulation
county_year,2022,贵州,26.6477,106.6302,西南,白云,,大转地意蜂,1.78,472.1,26.5,621,28.6,1,10,枣树,county_simulation
county_year,2023,贵州,26.6477,106.6302,西南,白云,,定地意蜂,1.73,431.3,24.9,740,23.3,5,8,枣树,county_simulation
county_year,2024,贵州,26.6477,106.6302,西南,白云,,定地中蜂,1.86,490.9,26.4,937,19.8,9,5,向日葵,county_simulation
county_year,2025,贵州,26.6477,106.6302,西南,白云,,大转地意蜂,2.11,895.1,42.4,734,28.7,7,2,椴树,county_simulation
county_year,2016,贵州,26.6477,106.6302,西南,开阳,,定地意蜂,1.49,314.3,21.1,619,24.0,3,5,油菜,county_simulation
county_year,2017,贵州,26.6477,106.6302,西南,开阳,,小转地,1.55,1063.7,68.6,827,18.7,7,8,向日葵,county_simulation
county_year,2018,贵州,26.6477,106.6302,西南,开阳,,定地中蜂,1.63,460.9,28.3,549,29.7,9,7,紫云英,county_simulation
county_year,2019,贵州,26.6477,106.6302,西南,开阳,,小转地,1.72,347.1,20.2,839,20.5,10,1,向日葵,county_simulation
county_year,2020,贵州,26.6477,106.6302,西南,开阳,,定地意蜂,1.74,804.8,46.3,656,26.5,4,5,荔枝,county_simulation
county_year,2021,贵州,26.6477,106.6302,西南,开阳,,小转地,1.77,394.4,22.3,882,20.1,5,1,荆条,county_simulation
county_year,2022,贵州,26.6477,106.6302,西南,开阳,,大转地意蜂,1.87,498.3,26.6,876,21.3,4,4,向日葵,county_simulation
county_year,2023,贵州,26.6477,106.6302,西南,开阳,,定地意蜂,1.68,867.5,51.6,651,25.8,6,2,向日葵,county_simulation
county_year,2024,贵州,26.6477,106.6302,西南,开阳,,定地意蜂,1.72,1116.6,64.9,877,19.6,6,1,油菜,county_simulation
county_year,2025,贵州,26.6477,106.6302,西南,开阳,,小转地,2.0,1365.2,68.3,969,20.6,5,1,向日葵,county_simulation
county_year,2016,贵州,26.6477,106.6302,西南,息烽,,定地中蜂,2.27,1116.0,49.2,775,29.3,5,10,向日葵,county_simulation
county_year,2017,贵州,26.6477,106.6302,西南,息烽,,小转地,2.66,963.3,36.2,1141,23.3,10,7,荆条,county_simulation
county_year,2018,贵州,26.6477,106.6302,西南,息烽,,小转地,2.57,1071.6,41.7,960,26.8,8,2,椴树,county_simulation
county_year,2019,贵州,26.6477,106.6302,西南,息烽,,小转地,2.62,1653.7,63.1,1295,20.2,10,8,荆条,county_simulation
county_year,2020,贵州,26.6477,106.6302,西南,息烽,,小转地,2.6,731.8,28.1,1424,18.3,7,10,枣树,county_simulation
county_year,2021,贵州,26.6477,106.6302,西南,息烽,,定地中蜂,2.56,825.9,32.3,1357,18.9,2,9,荆条,county_simulation
county_year,2022,贵州,26.6477,106.6302,西南,息烽,,定地中蜂,2.72,1364.5,50.2,982,27.7,7,1,刺槐,county_simulation
county_year,2023,贵州,26.6477,106.6302,西南,息烽,,大转地意蜂,2.83,1477.9,52.2,1041,27.2,3,4,刺槐,county_simulation
county_year,2024,贵州,26.6477,106.6302,西南,息烽,,大转地意蜂,2.56,1279.5,50.0,874,29.3,2,9,龙眼,county_simulation
county_year,2025,贵州,26.6477,106.6302,西南,息烽,,定地中蜂,3.01,811.5,27.0,1582,19.0,3,5,龙眼,county_simulation
county_year,2016,贵州,26.6477,106.6302,西南,修文,,大转地意蜂,2.0,667.5,33.4,815,24.5,1,1,刺槐,county_simulation
county_year,2017,贵州,26.6477,106.6302,西南,修文,,定地中蜂,1.89,1215.7,64.3,982,19.2,3,1,枣树,county_simulation
county_year,2018,贵州,26.6477,106.6302,西南,修文,,定地意蜂,2.03,555.6,27.4,877,23.1,4,7,刺槐,county_simulation
county_year,2019,贵州,26.6477,106.6302,西南,修文,,定地意蜂,1.94,605.8,31.2,649,29.9,6,2,柑橘,county_simulation
county_year,2020,贵州,26.6477,106.6302,西南,修文,,大转地意蜂,1.96,1298.2,66.2,877,22.3,1,10,荆条,county_simulation
county_year,2021,贵州,26.6477,106.6302,西南,修文,,定地中蜂,1.94,969.6,50.0,796,24.4,3,5,柑橘,county_simulation
county_year,2022,贵州,26.6477,106.6302,西南,修文,,定地中蜂,2.07,521.6,25.2,933,22.2,6,5,刺槐,county_simulation
county_year,2023,贵州,26.6477,106.6302,西南,修文,,小转地,2.12,1460.7,68.9,748,28.3,6,3,紫云英,county_simulation
county_year,2024,贵州,26.6477,106.6302,西南,修文,,大转地意蜂,2.01,1383.2,68.8,729,27.6,2,10,紫云英,county_simulation
county_year,2025,贵州,26.6477,106.6302,西南,修文,,小转地,2.33,571.4,24.5,1091,21.3,3,7,龙眼,county_simulation
county_year,2016,贵州,26.6477,106.6302,西南,清镇,,定地意蜂,1.36,553.5,40.7,516,26.3,3,4,紫云英,county_simulation
county_year,2017,贵州,26.6477,106.6302,西南,清镇,,小转地,1.37,639.6,46.7,571,24.0,7,2,柑橘,county_simulation
county_year,2018,贵州,26.6477,106.6302,西南,清镇,,小转地,1.32,776.6,58.8,542,24.3,2,4,龙眼,county_simulation
county_year,2019,贵州,26.6477,106.6302,西南,清镇,,定地中蜂,1.41,294.1,20.9,471,29.9,3,2,油菜,county_simulation
county_year,2020,贵州,26.6477,106.6302,西南,清镇,,小转地,1.39,868.3,62.5,622,22.3,5,8,荆条,county_simulation
county_year,2021,贵州,26.6477,106.6302,西南,清镇,,定地中蜂,1.43,951.9,66.6,580,24.6,4,4,枣树,county_simulation
county_year,2022,贵州,26.6477,106.6302,西南,清镇,,小转地,1.34,912.6,68.1,681,19.7,7,1,紫云英,county_simulation
county_year,2023,贵州,26.6477,106.6302,西南,清镇,,大转地意蜂,1.4,743.9,53.1,529,26.4,8,10,荆条,county_simulation
county_year,2024,贵州,26.6477,106.6302,西南,清镇,,大转地意蜂,1.29,309.0,23.9,576,22.4,1,10,紫云英,county_simulation
county_year,2025,贵州,26.6477,106.6302,西南,清镇,,定地意蜂,1.31,749.0,57.2,648,20.2,8,7,龙眼,county_simulation
county_year,2016,贵州,26.6477,106.6302,西南,六枝,,大转地意蜂,1.7,434.6,25.6,936,18.2,1,10,荆条,county_simulation
county_year,2017,贵州,26.6477,106.6302,西南,六枝,,定地中蜂,1.78,1097.1,61.6,981,18.1,9,5,柑橘,county_simulation
county_year,2018,贵州,26.6477,106.6302,西南,六枝,,小转地,1.8,741.3,41.2,678,26.5,5,2,向日葵,county_simulation
county_year,2019,贵州,26.6477,106.6302,西南,六枝,,定地中蜂,1.83,1046.0,57.2,622,29.4,10,1,枣树,county_simulation
county_year,2020,贵州,26.6477,106.6302,西南,六枝,,大转地意蜂,1.83,1259.0,68.8,656,27.9,8,8,龙眼,county_simulation
county_year,2021,贵州,26.6477,106.6302,西南,六枝,,大转地意蜂,1.87,729.7,39.0,817,22.9,6,7,枣树,county_simulation
county_year,2022,贵州,26.6477,106.6302,西南,六枝,,定地意蜂,1.82,694.1,38.1,945,19.3,1,4,荔枝,county_simulation
county_year,2023,贵州,26.6477,106.6302,西南,六枝,,大转地意蜂,1.78,544.6,30.6,923,19.3,5,4,向日葵,county_simulation
county_year,2024,贵州,26.6477,106.6302,西南,六枝,,大转地意蜂,1.78,569.9,32.0,610,29.2,10,10,油菜,county_simulation
county_year,2025,贵州,26.6477,106.6302,西南,六枝,,定地意蜂,1.96,436.8,22.3,713,27.5,2,5,油菜,county_simulation
county_year,2016,贵州,26.6477,106.6302,西南,盘州,,定地意蜂,3.38,1521.4,45.0,1145,29.5,7,6,荆条,county_simulation
county_year,2017,贵州,26.6477,106.6302,西南,盘州,,大转地意蜂,3.51,1416.8,40.4,1831,19.2,9,3,油菜,county_simulation
county_year,2018,贵州,26.6477,106.6302,西南,盘州,,大转地意蜂,3.65,1800.1,49.3,1616,22.6,5,3,荆条,county_simulation
county_year,2019,贵州,26.6477,106.6302,西南,盘州,,小转地,3.68,1887.8,51.3,1942,18.9,4,3,荆条,county_simulation
county_year,2020,贵州,26.6477,106.6302,西南,盘州,,定地意蜂,3.76,2617.5,69.6,1565,24.0,8,3,龙眼,county_simulation
county_year,2021,贵州,26.6477,106.6302,西南,盘州,,大转地意蜂,3.75,2512.8,67.0,1471,25.5,7,4,枣树,county_simulation
county_year,2022,贵州,26.6477,106.6302,西南,盘州,,定地中蜂,4.06,2756.8,67.9,1605,25.3,2,1,荆条,county_simulation
county_year,2023,贵州,26.6477,106.6302,西南,盘州,,大转地意蜂,4.06,2573.1,63.4,1869,21.7,8,2,椴树,county_simulation
county_year,2024,贵州,26.6477,106.6302,西南,盘州,,定地意蜂,3.74,1050.0,28.1,1280,29.2,10,6,龙眼,county_simulation
county_year,2025,贵州,26.6477,106.6302,西南,盘州,,定地意蜂,3.49,2045.0,58.6,1731,20.2,8,5,椴树,county_simulation
county_year,2016,贵州,26.6477,106.6302,西南,水城,,大转地意蜂,2.69,1302.9,48.4,1380,19.5,6,5,紫云英,county_simulation
county_year,2017,贵州,26.6477,106.6302,西南,水城,,定地中蜂,2.54,1372.3,54.0,998,25.4,6,9,柑橘,county_simulation
county_year,2018,贵州,26.6477,106.6302,西南,水城,,定地中蜂,2.38,1287.8,54.1,1058,22.5,5,1,柑橘,county_simulation
county_year,2019,贵州,26.6477,106.6302,西南,水城,,大转地意蜂,2.48,1476.3,59.5,1327,18.7,3,2,荔枝,county_simulation
county_year,2020,贵州,26.6477,106.6302,西南,水城,,小转地,2.58,1617.4,62.7,1038,24.8,7,8,刺槐,county_simulation
county_year,2021,贵州,26.6477,106.6302,西南,水城,,定地中蜂,2.58,1206.3,46.8,1092,23.6,2,2,荆条,county_simulation
county_year,2022,贵州,26.6477,106.6302,西南,水城,,定地中蜂,2.7,1785.4,66.1,930,29.0,4,7,龙眼,county_simulation
county_year,2023,贵州,26.6477,106.6302,西南,水城,,小转地,2.45,1230.4,50.2,1108,22.1,8,2,荔枝,county_simulation
county_year,2024,贵州,26.6477,106.6302,西南,水城,,小转地,2.65,1786.8,67.4,1079,24.5,4,6,柑橘,county_simulation
county_year,2025,贵州,26.6477,106.6302,西南,水城,,定地意蜂,2.34,912.9,39.0,928,25.2,7,8,枣树,county_simulation
county_year,2016,贵州,26.6477,106.6302,西南,红花岗,,定地意蜂,0.38,205.9,54.2,129,29.4,5,3,刺槐,county_simulation
county_year,2017,贵州,26.6477,106.6302,西南,红花岗,,定地中蜂,0.45,108.4,24.1,211,21.3,7,9,枣树,county_simulation
county_year,2018,贵州,26.6477,106.6302,西南,红花岗,,大转地意蜂,0.42,258.4,61.5,198,21.1,7,6,荔枝,county_simulation
county_year,2019,贵州,26.6477,106.6302,西南,红花岗,,定地中蜂,0.44,180.2,41.0,198,22.2,9,3,紫云英,county_simulation
county_year,2020,贵州,26.6477,106.6302,西南,红花岗,,大转地意蜂,0.43,169.7,39.5,163,26.3,9,10,枣树,county_simulation
county_year,2021,贵州,26.6477,106.6302,西南,红花岗,,定地意蜂,0.43,218.6,50.8,165,26.0,6,1,荆条,county_simulation
county_year,2022,贵州,26.6477,106.6302,西南,红花岗,,定地意蜂,0.46,206.9,45.0,157,29.2,2,7,荔枝,county_simulation
county_year,2023,贵州,26.6477,106.6302,西南,红花岗,,小转地,0.45,191.4,42.5,249,18.0,8,10,刺槐,county_simulation
county_year,2024,贵州,26.6477,106.6302,西南,红花岗,,小转地,0.4,117.5,29.4,148,26.9,10,7,枣树,county_simulation
county_year,2025,贵州,26.6477,106.6302,西南,红花岗,,大转地意蜂,0.44,301.8,68.6,149,29.4,6,6,油菜,county_simulation
county_year,2016,贵州,26.6477,106.6302,西南,汇川,,定地中蜂,1.33,349.0,26.2,477,27.8,8,7,紫云英,county_simulation
county_year,2017,贵州,26.6477,106.6302,西南,汇川,,定地意蜂,1.32,545.1,41.3,472,27.9,2,3,椴树,county_simulation
county_year,2018,贵州,26.6477,106.6302,西南,汇川,,定地中蜂,1.31,651.7,49.7,651,20.1,7,5,紫云英,county_simulation
county_year,2019,贵州,26.6477,106.6302,西南,汇川,,大转地意蜂,1.3,869.6,66.9,491,26.4,2,2,刺槐,county_simulation
county_year,2020,贵州,26.6477,106.6302,西南,汇川,,定地中蜂,1.32,535.4,40.6,519,25.4,10,9,刺槐,county_simulation
county_year,2021,贵州,26.6477,106.6302,西南,汇川,,定地意蜂,1.35,814.0,60.3,561,24.0,7,4,枣树,county_simulation
county_year,2022,贵州,26.6477,106.6302,西南,汇川,,定地中蜂,1.39,357.6,25.7,564,24.6,2,6,椴树,county_simulation
county_year,2023,贵州,26.6477,106.6302,西南,汇川,,定地中蜂,1.34,739.6,55.2,481,27.8,1,6,枣树,county_simulation
county_year,2024,贵州,26.6477,106.6302,西南,汇川,,定地意蜂,1.38,730.5,52.9,650,21.2,7,4,油菜,county_simulation
county_year,2025,贵州,26.6477,106.6302,西南,汇川,,小转地,1.55,322.0,20.8,674,23.0,6,9,柑橘,county_simulation
county_year,2016,贵州,26.6477,106.6302,西南,播州,,定地中蜂,1.43,593.5,41.5,575,24.9,4,10,紫云英,county_simulation
county_year,2017,贵州,26.6477,106.6302,西南,播州,,小转地,1.26,616.0,48.9,456,27.6,7,3,紫云英,county_simulation
county_year,2018,贵州,26.6477,106.6302,西南,播州,,大转地意蜂,1.29,540.1,41.9,532,24.2,3,9,刺槐,county_simulation
county_year,2019,贵州,26.6477,106.6302,西南,播州,,定地意蜂,1.36,845.3,62.2,496,27.4,9,3,龙眼,county_simulation
county_year,2020,贵州,26.6477,106.6302,西南,播州,,小转地,1.38,577.8,41.9,721,19.1,1,10,向日葵,county_simulation
county_year,2021,贵州,26.6477,106.6302,西南,播州,,小转地,1.43,559.4,39.1,754,18.9,8,6,荆条,county_simulation
county_year,2022,贵州,26.6477,106.6302,西南,播州,,小转地,1.36,473.9,34.8,472,28.8,7,5,油菜,county_simulation
county_year,2023,贵州,26.6477,106.6302,西南,播州,,大转地意蜂,1.37,703.8,51.4,468,29.2,2,8,柑橘,county_simulation
county_year,2024,贵州,26.6477,106.6302,西南,播州,,小转地,1.31,433.6,33.1,664,19.7,2,2,椴树,county_simulation
county_year,2025,贵州,26.6477,106.6302,西南,播州,,大转地意蜂,1.59,483.3,30.4,549,29.0,8,1,紫云英,county_simulation
county_year,2016,贵州,26.6477,106.6302,西南,桐梓,,定地中蜂,0.43,233.8,54.4,227,18.9,6,8,荆条,county_simulation
county_year,2017,贵州,26.6477,106.6302,西南,桐梓,,大转地意蜂,0.52,150.5,28.9,286,18.1,2,6,龙眼,county_simulation
county_year,2018,贵州,26.6477,106.6302,西南,桐梓,,小转地,0.49,231.9,47.3,193,25.4,9,5,刺槐,county_simulation
county_year,2019,贵州,26.6477,106.6302,西南,桐梓,,小转地,0.51,107.9,21.2,277,18.4,4,6,刺槐,county_simulation
county_year,2020,贵州,26.6477,106.6302,西南,桐梓,,大转地意蜂,0.5,134.6,26.9,272,18.4,3,5,荔枝,county_simulation
county_year,2021,贵州,26.6477,106.6302,西南,桐梓,,定地意蜂,0.51,190.9,37.4,173,29.4,8,8,紫云英,county_simulation
county_year,2022,贵州,26.6477,106.6302,西南,桐梓,,小转地,0.51,151.2,29.7,223,22.8,4,5,紫云英,county_simulation
county_year,2023,贵州,26.6477,106.6302,西南,桐梓,,小转地,0.48,237.0,49.4,174,27.5,4,8,紫云英,county_simulation
county_year,2024,贵州,26.6477,106.6302,西南,桐梓,,定地意蜂,0.57,326.9,57.4,246,23.1,10,2,柑橘,county_simulation
county_year,2025,贵州,26.6477,106.6302,西南,桐梓,,大转地意蜂,0.51,192.0,37.6,250,20.4,8,3,油菜,county_simulation
county_year,2016,贵州,26.6477,106.6302,西南,绥阳,,定地意蜂,3.75,1882.3,50.2,1636,22.9,7,1,刺槐,county_simulation
county_year,2017,贵州,26.6477,106.6302,西南,绥阳,,定地意蜂,3.78,2250.8,59.5,1728,21.9,4,2,枣树,county_simulation
county_year,2018,贵州,26.6477,106.6302,西南,绥阳,,大转地意蜂,3.54,2087.7,59.0,1575,22.5,1,6,油菜,county_simulation
county_year,2019,贵州,26.6477,106.6302,西南,绥阳,,定地意蜂,3.6,1741.4,48.4,1750,20.6,4,9,刺槐,county_simulation
county_year,2020,贵州,26.6477,106.6302,西南,绥阳,,大转地意蜂,3.68,1706.2,46.4,1459,25.2,9,5,柑橘,county_simulation
county_year,2021,贵州,26.6477,106.6302,西南,绥阳,,定地中蜂,3.82,2046.3,53.6,1379,27.7,7,6,龙眼,county_simulation
county_year,2022,贵州,26.6477,106.6302,西南,绥阳,,大转地意蜂,3.62,1618.0,44.7,1946,18.6,5,7,刺槐,county_simulation
county_year,2023,贵州,26.6477,106.6302,西南,绥阳,,定地中蜂,3.54,1286.6,36.3,1765,20.1,4,10,油菜,county_simulation
county_year,2024,贵州,26.6477,106.6302,西南,绥阳,,大转地意蜂,3.64,2286.1,62.8,1415,25.7,8,5,荆条,county_simulation
county_year,2025,贵州,26.6477,106.6302,西南,绥阳,,大转地意蜂,4.24,2747.2,64.8,1856,22.8,6,1,刺槐,county_simulation
county_year,2016,贵州,26.6477,106.6302,西南,正安,,定地意蜂,1.7,595.8,35.0,739,23.0,6,7,刺槐,county_simulation
county_year,2017,贵州,26.6477,106.6302,西南,正安,,定地中蜂,1.85,936.4,50.6,850,21.8,5,8,椴树,county_simulation
county_year,2018,贵州,26.6477,106.6302,西南,正安,,定地意蜂,1.81,471.9,26.1,611,29.6,10,2,油菜,county_simulation
county_year,2019,贵州,26.6477,106.6302,西南,正安,,定地意蜂,1.94,522.6,26.9,695,27.9,7,4,荆条,county_simulation
county_year,2020,贵州,26.6477,106.6302,西南,正安,,大转地意蜂,1.93,1169.9,60.6,723,26.7,1,5,油菜,county_simulation
county_year,2021,贵州,26.6477,106.6302,西南,正安,,定地意蜂,1.9,451.3,23.8,647,29.4,10,7,荔枝,county_simulation
county_year,2022,贵州,26.6477,106.6302,西南,正安,,大转地意蜂,2.01,988.4,49.2,690,29.1,3,6,荆条,county_simulation
county_year,2023,贵州,26.6477,106.6302,西南,正安,,定地中蜂,2.07,1413.6,68.3,722,28.7,8,2,向日葵,county_simulation
county_year,2024,贵州,26.6477,106.6302,西南,正安,,定地意蜂,2.02,1071.9,53.1,810,24.9,6,8,枣树,county_simulation
county_year,2025,贵州,26.6477,106.6302,西南,正安,,定地意蜂,1.79,994.7,55.6,658,27.2,9,4,枣树,county_simulation
county_year,2016,贵州,26.6477,106.6302,西南,道真,,小转地,2.91,891.2,30.6,1215,23.9,8,7,枣树,county_simulation
county_year,2017,贵州,26.6477,106.6302,西南,道真,,定地意蜂,2.66,1614.6,60.7,1204,22.1,5,8,荆条,county_simulation
county_year,2018,贵州,26.6477,106.6302,西南,道真,,定地意蜂,2.57,681.1,26.5,1333,19.3,7,8,柑橘,county_simulation
county_year,2019,贵州,26.6477,106.6302,西南,道真,,定地意蜂,2.71,796.7,29.4,990,27.4,7,3,荔枝,county_simulation
county_year,2020,贵州,26.6477,106.6302,西南,道真,,定地中蜂,2.74,687.8,25.1,1099,24.9,2,2,枣树,county_simulation
county_year,2021,贵州,26.6477,106.6302,西南,道真,,定地中蜂,2.68,893.5,33.3,1138,23.5,9,8,龙眼,county_simulation
county_year,2022,贵州,26.6477,106.6302,西南,道真,,定地中蜂,2.71,655.9,24.2,930,29.1,4,3,紫云英,county_simulation
county_year,2023,贵州,26.6477,106.6302,西南,道真,,定地意蜂,2.82,639.0,22.7,1170,24.1,6,2,油菜,county_simulation
county_year,2024,贵州,26.6477,106.6302,西南,道真,,定地意蜂,2.94,1209.2,41.1,1097,26.8,4,7,荆条,county_simulation
county_year,2025,贵州,26.6477,106.6302,西南,道真,,定地中蜂,2.95,1318.1,44.7,1211,24.4,2,1,枣树,county_simulation
county_year,2016,贵州,26.6477,106.6302,西南,务川,,定地意蜂,3.79,825.6,21.8,2033,18.6,4,2,向日葵,county_simulation
county_year,2017,贵州,26.6477,106.6302,西南,务川,,定地中蜂,3.84,1958.8,51.0,1853,20.7,7,7,刺槐,county_simulation
county_year,2018,贵州,26.6477,106.6302,西南,务川,,定地中蜂,3.73,2036.0,54.6,1337,27.9,4,3,枣树,county_simulation
county_year,2019,贵州,26.6477,106.6302,西南,务川,,大转地意蜂,3.68,1833.2,49.8,1715,21.5,2,3,向日葵,county_simulation
county_year,2020,贵州,26.6477,106.6302,西南,务川,,小转地,3.68,2095.9,57.0,1445,25.5,3,6,刺槐,county_simulation
county_year,2021,贵州,26.6477,106.6302,西南,务川,,大转地意蜂,3.65,1560.8,42.8,1660,22.0,8,7,龙眼,county_simulation
county_year,2022,贵州,26.6477,106.6302,西南,务川,,小转地,3.55,2274.2,64.1,1195,29.7,1,10,龙眼,county_simulation
county_year,2023,贵州,26.6477,106.6302,西南,务川,,小转地,4.11,1825.5,44.4,1644,25.0,8,2,油菜,county_simulation
county_year,2024,贵州,26.6477,106.6302,西南,务川,,小转地,4.11,2857.3,69.5,1656,24.8,9,9,荆条,county_simulation
county_year,2025,贵州,26.6477,106.6302,西南,务川,,定地意蜂,4.15,1037.5,25.0,1519,27.3,8,8,龙眼,county_simulation
county_year,2016,贵州,26.6477,106.6302,西南,凤冈,,大转地意蜂,3.86,1475.1,38.2,1619,23.8,6,5,龙眼,county_simulation
county_year,2017,贵州,26.6477,106.6302,西南,凤冈,,定地中蜂,3.41,2143.1,62.8,1249,27.3,2,5,向日葵,county_simulation
county_year,2018,贵州,26.6477,106.6302,西南,凤冈,,小转地,3.62,2495.3,68.9,1983,18.2,3,6,椴树,county_simulation
county_year,2019,贵州,26.6477,106.6302,西南,凤冈,,定地中蜂,3.86,2114.9,54.8,1548,24.9,6,4,刺槐,county_simulation
county_year,2020,贵州,26.6477,106.6302,西南,凤冈,,定地意蜂,3.8,1973.6,51.9,1289,29.5,9,8,向日葵,county_simulation
county_year,2021,贵州,26.6477,106.6302,西南,凤冈,,定地意蜂,3.76,1407.8,37.4,1299,28.9,7,10,紫云英,county_simulation
county_year,2022,贵州,26.6477,106.6302,西南,凤冈,,定地意蜂,4.07,1201.8,29.5,1909,21.3,10,2,紫云英,county_simulation
county_year,2023,贵州,26.6477,106.6302,西南,凤冈,,定地意蜂,4.11,2450.6,59.6,1657,24.8,5,2,油菜,county_simulation
county_year,2024,贵州,26.6477,106.6302,西南,凤冈,,小转地,3.95,1711.0,43.3,1506,26.2,9,5,柑橘,county_simulation
county_year,2025,贵州,26.6477,106.6302,西南,凤冈,,大转地意蜂,4.05,1795.8,44.3,2029,20.0,5,1,椴树,county_simulation
county_year,2016,贵州,26.6477,106.6302,西南,湄潭,,定地意蜂,0.39,88.4,22.7,155,25.1,1,7,龙眼,county_simulation
county_year,2017,贵州,26.6477,106.6302,西南,湄潭,,定地意蜂,0.36,117.3,32.6,199,18.0,5,9,向日葵,county_simulation
county_year,2018,贵州,26.6477,106.6302,西南,湄潭,,小转地,0.39,130.8,33.5,204,19.0,7,10,刺槐,county_simulation
county_year,2019,贵州,26.6477,106.6302,西南,湄潭,,小转地,0.39,259.9,66.6,212,18.4,7,7,紫云英,county_simulation
county_year,2020,贵州,26.6477,106.6302,西南,湄潭,,定地意蜂,0.39,128.9,33.1,203,19.2,10,5,荆条,county_simulation
county_year,2021,贵州,26.6477,106.6302,西南,湄潭,,小转地,0.39,140.9,36.1,149,26.1,4,5,荆条,county_simulation
county_year,2022,贵州,26.6477,106.6302,西南,湄潭,,定地意蜂,0.39,137.5,35.2,191,20.4,10,8,向日葵,county_simulation
county_year,2023,贵州,26.6477,106.6302,西南,湄潭,,大转地意蜂,0.38,234.4,61.7,138,27.4,3,9,椴树,county_simulation
county_year,2024,贵州,26.6477,106.6302,西南,湄潭,,定地意蜂,0.42,227.9,54.3,174,24.0,8,6,紫云英,county_simulation
county_year,2025,贵州,26.6477,106.6302,西南,湄潭,,大转地意蜂,0.4,172.3,43.1,135,29.5,7,2,荆条,county_simulation
county_year,2016,湖南,28.2282,112.9388,华中,长沙,,小转地,1.94,884.8,45.6,927,20.9,10,9,柑橘,county_simulation
county_year,2017,湖南,28.2282,112.9388,华中,长沙,,小转地,1.74,1083.2,62.3,933,18.6,7,1,椴树,county_simulation
county_year,2018,湖南,28.2282,112.9388,华中,长沙,,大转地意蜂,1.82,782.8,43.0,638,28.5,2,1,荔枝,county_simulation
county_year,2019,湖南,28.2282,112.9388,华中,长沙,,大转地意蜂,1.87,685.8,36.7,724,25.8,5,10,椴树,county_simulation
county_year,2020,湖南,28.2282,112.9388,华中,长沙,,大转地意蜂,1.93,503.2,26.1,680,28.4,4,9,荆条,county_simulation
county_year,2021,湖南,28.2282,112.9388,华中,长沙,,小转地,1.95,523.0,26.8,658,29.6,5,5,油菜,county_simulation
county_year,2022,湖南,28.2282,112.9388,华中,长沙,,大转地意蜂,2.04,612.7,30.0,800,25.5,1,3,柑橘,county_simulation
county_year,2023,湖南,28.2282,112.9388,华中,长沙,,大转地意蜂,2.12,686.0,32.4,874,24.2,8,1,向日葵,county_simulation
county_year,2024,湖南,28.2282,112.9388,华中,长沙,,定地中蜂,1.98,516.6,26.1,1060,18.7,8,3,枣树,county_simulation
county_year,2025,湖南,28.2282,112.9388,华中,长沙,,定地中蜂,2.22,1356.1,61.1,903,24.6,10,2,紫云英,county_simulation
county_year,2016,湖南,28.2282,112.9388,华中,望城,,小转地,0.65,372.0,57.2,329,19.7,3,9,向日葵,county_simulation
county_year,2017,湖南,28.2282,112.9388,华中,望城,,大转地意蜂,0.62,213.7,34.5,260,23.8,10,8,龙眼,county_simulation
county_year,2018,湖南,28.2282,112.9388,华中,望城,,大转地意蜂,0.58,318.3,54.9,255,22.7,8,7,紫云英,county_simulation
county_year,2019,湖南,28.2282,112.9388,华中,望城,,定地中蜂,0.61,158.6,26.0,285,21.4,1,10,荔枝,county_simulation
county_year,2020,湖南,28.2282,112.9388,华中,望城,,定地中蜂,0.6,317.2,52.9,232,25.8,1,6,荆条,county_simulation
county_year,2021,湖南,28.2282,112.9388,华中,望城,,小转地,0.61,206.5,33.8,228,26.7,6,9,向日葵,county_simulation
county_year,2022,湖南,28.2282,112.9388,华中,望城,,大转地意蜂,0.59,272.9,46.3,204,28.8,3,3,龙眼,county_simulation
county_year,2023,湖南,28.2282,112.9388,华中,望城,,小转地,0.64,275.0,43.0,258,24.8,5,5,紫云英,county_simulation
county_year,2024,湖南,28.2282,112.9388,华中,望城,,定地中蜂,0.56,247.4,44.2,199,28.1,10,3,柑橘,county_simulation
county_year,2025,湖南,28.2282,112.9388,华中,望城,,定地意蜂,0.67,354.7,52.9,278,24.1,3,6,柑橘,county_simulation
county_year,2016,湖南,28.2282,112.9388,华中,浏阳,,大转地意蜂,2.88,1157.4,40.2,1133,25.4,1,3,枣树,county_simulation
county_year,2017,湖南,28.2282,112.9388,华中,浏阳,,定地中蜂,3.01,2008.0,66.7,1561,19.3,6,4,枣树,county_simulation
county_year,2018,湖南,28.2282,112.9388,华中,浏阳,,定地中蜂,2.97,1675.3,56.4,1039,28.6,7,2,油菜,county_simulation
county_year,2019,湖南,28.2282,112.9388,华中,浏阳,,大转地意蜂,2.84,1770.5,62.3,1465,19.4,8,6,柑橘,county_simulation
county_year,2020,湖南,28.2282,112.9388,华中,浏阳,,大转地意蜂,2.89,829.5,28.7,1574,18.4,8,7,荆条,county_simulation
county_year,2021,湖南,28.2282,112.9388,华中,浏阳,,定地意蜂,3.0,899.6,30.0,1205,24.9,8,8,荔枝,county_simulation
county_year,2022,湖南,28.2282,112.9388,华中,浏阳,,小转地,2.85,1188.5,41.7,1059,26.9,2,10,油菜,county_simulation
county_year,2023,湖南,28.2282,112.9388,华中,浏阳,,小转地,3.04,917.4,30.2,1168,26.0,1,6,紫云英,county_simulation
county_year,2024,湖南,28.2282,112.9388,华中,浏阳,,定地中蜂,3.05,1129.6,37.0,1074,28.4,4,4,柑橘,county_simulation
county_year,2025,湖南,28.2282,112.9388,华中,浏阳,,小转地,3.32,1255.8,37.8,1382,24.0,2,8,紫云英,county_simulation
county_year,2016,湖南,28.2282,112.9388,华中,宁乡,,定地意蜂,1.7,448.1,26.4,684,24.8,2,2,椴树,county_simulation
county_year,2017,湖南,28.2282,112.9388,华中,宁乡,,小转地,1.99,727.3,36.5,789,25.2,5,5,紫云英,county_simulation
county_year,2018,湖南,28.2282,112.9388,华中,宁乡,,定地意蜂,1.87,1188.8,63.6,993,18.8,2,9,柑橘,county_simulation
county_year,2019,湖南,28.2282,112.9388,华中,宁乡,,定地意蜂,1.97,996.1,50.6,813,24.2,7,10,油菜,county_simulation
county_year,2020,湖南,28.2282,112.9388,华中,宁乡,,定地意蜂,1.96,963.1,49.1,682,28.7,1,1,龙眼,county_simulation
county_year,2021,湖南,28.2282,112.9388,华中,宁乡,,大转地意蜂,1.97,1268.7,64.4,965,20.4,3,4,向日葵,county_simulation
county_year,2022,湖南,28.2282,112.9388,华中,宁乡,,大转地意蜂,2.07,1197.9,57.9,942,22.0,4,8,刺槐,county_simulation
county_year,2023,湖南,28.2282,112.9388,华中,宁乡,,大转地意蜂,2.12,1070.6,50.5,856,24.8,6,2,紫云英,county_simulation
county_year,2024,湖南,28.2282,112.9388,华中,宁乡,,定地中蜂,2.08,499.8,24.0,820,25.3,3,5,油菜,county_simulation
county_year,2025,湖南,28.2282,112.9388,华中,宁乡,,定地意蜂,1.82,569.0,31.3,759,24.0,7,8,荔枝,county_simulation
county_year,2016,湖南,28.2282,112.9388,华中,株洲,,大转地意蜂,2.09,1391.2,66.6,1008,20.7,4,9,柑橘,county_simulation
county_year,2017,湖南,28.2282,112.9388,华中,株洲,,定地中蜂,2.17,1234.6,56.9,828,26.2,1,7,紫云英,county_simulation
county_year,2018,湖南,28.2282,112.9388,华中,株洲,,小转地,2.29,946.7,41.3,988,23.2,2,8,刺槐,county_simulation
county_year,2019,湖南,28.2282,112.9388,华中,株洲,,小转地,2.32,890.5,38.4,778,29.8,6,7,油菜,county_simulation
county_year,2020,湖南,28.2282,112.9388,华中,株洲,,定地中蜂,2.4,492.1,20.5,1256,19.1,9,10,油菜,county_simulation
county_year,2021,湖南,28.2282,112.9388,华中,株洲,,大转地意蜂,2.49,1394.2,56.0,1369,18.2,2,1,荆条,county_simulation
county_year,2022,湖南,28.2282,112.9388,华中,株洲,,小转地,2.43,867.7,35.7,1135,21.4,5,3,柑橘,county_simulation
county_year,2023,湖南,28.2282,112.9388,华中,株洲,,大转地意蜂,2.43,1283.8,52.8,938,25.9,5,9,枣树,county_simulation
county_year,2024,湖南,28.2282,112.9388,华中,株洲,,小转地,2.49,942.4,37.8,928,26.8,8,5,龙眼,county_simulation
county_year,2025,湖南,28.2282,112.9388,华中,株洲,,定地意蜂,2.72,1433.0,52.7,1264,21.5,6,9,向日葵,county_simulation
county_year,2016,湖南,28.2282,112.9388,华中,攸县,,定地中蜂,0.48,324.1,67.5,209,22.9,5,2,枣树,county_simulation
county_year,2017,湖南,28.2282,112.9388,华中,攸县,,定地意蜂,0.43,198.0,46.0,153,28.1,9,4,刺槐,county_simulation
county_year,2018,湖南,28.2282,112.9388,华中,攸县,,小转地,0.48,130.1,27.1,172,27.8,8,8,刺槐,county_simulation
county_year,2019,湖南,28.2282,112.9388,华中,攸县,,定地中蜂,0.49,164.2,33.5,174,28.0,5,2,油菜,county_simulation
county_year,2020,湖南,28.2282,112.9388,华中,攸县,,定地中蜂,0.48,214.9,44.8,189,25.3,7,8,油菜,county_simulation
county_year,2021,湖南,28.2282,112.9388,华中,攸县,,大转地意蜂,0.48,254.4,53.0,212,22.6,5,1,向日葵,county_simulation
county_year,2022,湖南,28.2282,112.9388,华中,攸县,,定地意蜂,0.51,334.1,65.5,174,29.2,5,10,枣树,county_simulation
county_year,2023,湖南,28.2282,112.9388,华中,攸县,,定地中蜂,0.52,319.6,61.5,235,22.1,7,1,刺槐,county_simulation
county_year,2024,湖南,28.2282,112.9388,华中,攸县,,定地意蜂,0.51,339.8,66.6,173,29.4,9,8,紫云英,county_simulation
county_year,2025,湖南,28.2282,112.9388,华中,攸县,,小转地,0.52,238.9,45.9,209,24.8,7,8,枣树,county_simulation
county_year,2016,湖南,28.2282,112.9388,华中,茶陵,,大转地意蜂,0.6,405.3,67.5,217,27.6,4,9,荔枝,county_simulation
county_year,2017,湖南,28.2282,112.9388,华中,茶陵,,定地意蜂,0.56,284.4,50.8,246,22.7,5,5,柑橘,county_simulation
county_year,2018,湖南,28.2282,112.9388,华中,茶陵,,定地意蜂,0.58,307.6,53.0,267,21.7,3,8,椴树,county_simulation
county_year,2019,湖南,28.2282,112.9388,华中,茶陵,,定地意蜂,0.57,124.5,21.9,314,18.1,8,9,枣树,county_simulation
county_year,2020,湖南,28.2282,112.9388,华中,茶陵,,定地意蜂,0.56,134.3,24.0,224,25.0,2,8,荆条,county_simulation
county_year,2021,湖南,28.2282,112.9388,华中,茶陵,,定地中蜂,0.56,184.7,33.0,204,27.4,3,4,荆条,county_simulation
county_year,2022,湖南,28.2282,112.9388,华中,茶陵,,大转地意蜂,0.55,123.6,22.5,216,25.4,1,3,向日葵,county_simulation
county_year,2023,湖南,28.2282,112.9388,华中,茶陵,,小转地,0.61,134.8,22.1,244,25.0,1,5,荔枝,county_simulation
county_year,2024,湖南,28.2282,112.9388,华中,茶陵,,大转地意蜂,0.52,324.8,62.5,184,28.1,10,4,龙眼,county_simulation
county_year,2025,湖南,28.2282,112.9388,华中,茶陵,,大转地意蜂,0.52,133.4,25.7,215,24.1,4,4,龙眼,county_simulation
county_year,2016,湖南,28.2282,112.9388,华中,炎陵,,定地中蜂,1.59,374.8,23.6,607,26.2,5,3,油菜,county_simulation
county_year,2017,湖南,28.2282,112.9388,华中,炎陵,,定地中蜂,1.8,661.5,36.7,655,27.5,6,8,荔枝,county_simulation
county_year,2018,湖南,28.2282,112.9388,华中,炎陵,,小转地,1.74,386.8,22.2,873,19.9,10,1,刺槐,county_simulation
county_year,2019,湖南,28.2282,112.9388,华中,炎陵,,定地意蜂,1.77,806.1,45.5,639,27.7,4,7,柑橘,county_simulation
county_year,2020,湖南,28.2282,112.9388,华中,炎陵,,大转地意蜂,1.8,703.0,39.1,673,26.7,2,4,柑橘,county_simulation
county_year,2021,湖南,28.2282,112.9388,华中,炎陵,,定地中蜂,1.82,862.9,47.4,731,24.9,9,2,向日葵,county_simulation
county_year,2022,湖南,28.2282,112.9388,华中,炎陵,,定地中蜂,1.9,1006.2,53.0,751,25.3,6,5,枣树,county_simulation
county_year,2023,湖南,28.2282,112.9388,华中,炎陵,,小转地,1.96,631.1,32.2,910,21.5,6,4,椴树,county_simulation
county_year,2024,湖南,28.2282,112.9388,华中,炎陵,,定地中蜂,1.79,978.3,54.7,603,29.7,7,6,刺槐,county_simulation
county_year,2025,湖南,28.2282,112.9388,华中,炎陵,,定地中蜂,1.81,1189.7,65.7,752,24.1,10,4,椴树,county_simulation
county_year,2016,湖南,28.2282,112.9388,华中,醴陵,,小转地,2.47,1712.6,69.3,884,27.9,7,10,荆条,county_simulation
county_year,2017,湖南,28.2282,112.9388,华中,醴陵,,大转地意蜂,2.29,849.1,37.1,831,27.6,2,7,紫云英,county_simulation
county_year,2018,湖南,28.2282,112.9388,华中,醴陵,,小转地,2.36,1055.2,44.7,1193,19.8,3,8,油菜,county_simulation
county_year,2019,湖南,28.2282,112.9388,华中,醴陵,,定地中蜂,2.44,1421.9,58.3,1059,23.0,2,3,油菜,county_simulation
county_year,2020,湖南,28.2282,112.9388,华中,醴陵,,大转地意蜂,2.41,683.2,28.3,1317,18.3,3,9,向日葵,county_simulation
county_year,2021,湖南,28.2282,112.9388,华中,醴陵,,定地中蜂,2.5,943.0,37.7,866,28.9,9,4,荔枝,county_simulation
county_year,2022,湖南,28.2282,112.9388,华中,醴陵,,大转地意蜂,2.35,1525.6,64.9,816,28.8,1,2,龙眼,county_simulation
county_year,2023,湖南,28.2282,112.9388,华中,醴陵,,定地中蜂,2.68,1381.3,51.5,926,28.9,5,8,荆条,county_simulation
county_year,2024,湖南,28.2282,112.9388,华中,醴陵,,大转地意蜂,2.64,1306.2,49.5,989,26.7,3,1,柑橘,county_simulation
county_year,2025,湖南,28.2282,112.9388,华中,醴陵,,定地意蜂,2.6,1109.6,42.7,996,26.1,8,3,向日葵,county_simulation
county_year,2016,湖南,28.2282,112.9388,华中,湘潭,,定地中蜂,2.26,714.5,31.6,828,27.3,6,1,柑橘,county_simulation
county_year,2017,湖南,28.2282,112.9388,华中,湘潭,,定地中蜂,2.16,980.9,45.4,888,24.3,5,6,紫云英,county_simulation
county_year,2018,湖南,28.2282,112.9388,华中,湘潭,,小转地,2.24,608.4,27.2,1112,20.1,7,9,荔枝,county_simulation
county_year,2019,湖南,28.2282,112.9388,华中,湘潭,,定地意蜂,2.2,549.4,25.0,866,25.4,3,2,荔枝,county_simulation
county_year,2020,湖南,28.2282,112.9388,华中,湘潭,,定地意蜂,2.23,1433.2,64.3,958,23.3,5,10,刺槐,county_simulation
county_year,2021,湖南,28.2282,112.9388,华中,湘潭,,小转地,2.31,624.9,27.1,888,26.0,9,9,荆条,county_simulation
county_year,2022,湖南,28.2282,112.9388,华中,湘潭,,小转地,2.15,1461.8,68.0,745,28.8,1,8,油菜,county_simulation
county_year,2023,湖南,28.2282,112.9388,华中,湘潭,,定地中蜂,2.25,1516.4,67.4,1052,21.4,8,9,荆条,county_simulation
county_year,2024,湖南,28.2282,112.9388,华中,湘潭,,大转地意蜂,2.5,637.0,25.5,1160,21.5,8,7,椴树,county_simulation
county_year,2025,湖南,28.2282,112.9388,华中,湘潭,,大转地意蜂,2.18,1518.5,69.7,768,28.4,6,2,枣树,county_simulation
county_year,2016,湖南,28.2282,112.9388,华中,湘乡,,大转地意蜂,2.25,760.6,33.8,934,24.1,6,1,紫云英,county_simulation
county_year,2017,湖南,28.2282,112.9388,华中,湘乡,,小转地,2.34,1077.9,46.1,884,26.5,9,1,油菜,county_simulation
county_year,2018,湖南,28.2282,112.9388,华中,湘乡,,小转地,2.27,1443.9,63.6,906,25.0,4,5,椴树,county_simulation
county_year,2019,湖南,28.2282,112.9388,华中,湘乡,,定地意蜂,2.27,1286.6,56.7,817,27.8,3,4,刺槐,county_simulation
county_year,2020,湖南,28.2282,112.9388,华中,湘乡,,大转地意蜂,2.25,1293.1,57.5,795,28.3,7,2,椴树,county_simulation
county_year,2021,湖南,28.2282,112.9388,华中,湘乡,,定地中蜂,2.28,659.1,28.9,1112,20.5,5,10,紫云英,county_simulation
county_year,2022,湖南,28.2282,112.9388,华中,湘乡,,小转地,2.33,872.2,37.4,1119,20.8,5,4,荔枝,county_simulation
county_year,2023,湖南,28.2282,112.9388,华中,湘乡,,定地意蜂,2.38,1225.7,51.5,996,23.9,9,8,荔枝,county_simulation
county_year,2024,湖南,28.2282,112.9388,华中,湘乡,,定地意蜂,2.12,1357.7,64.0,1095,19.3,7,8,龙眼,county_simulation
county_year,2025,湖南,28.2282,112.9388,华中,湘乡,,定地意蜂,2.19,630.9,28.8,948,23.1,2,6,紫云英,county_simulation
county_year,2016,湖南,28.2282,112.9388,华中,韶山,,定地中蜂,1.95,1174.6,60.2,819,23.8,10,7,枣树,county_simulation
county_year,2017,湖南,28.2282,112.9388,华中,韶山,,定地中蜂,2.3,707.4,30.8,1084,21.2,1,9,龙眼,county_simulation
county_year,2018,湖南,28.2282,112.9388,华中,韶山,,定地中蜂,2.2,870.5,39.6,1008,21.8,7,7,荔枝,county_simulation
county_year,2019,湖南,28.2282,112.9388,华中,韶山,,定地意蜂,2.11,1190.2,56.4,994,21.2,1,5,椴树,county_simulation
county_year,2020,湖南,28.2282,112.9388,华中,韶山,,小转地,2.18,617.5,28.3,876,24.9,2,10,柑橘,county_simulation
county_year,2021,湖南,28.2282,112.9388,华中,韶山,,大转地意蜂,2.18,457.7,21.0,863,25.3,7,2,龙眼,county_simulation
county_year,2022,湖南,28.2282,112.9388,华中,韶山,,大转地意蜂,2.33,1110.1,47.6,856,27.2,9,4,龙眼,county_simulation
county_year,2023,湖南,28.2282,112.9388,华中,韶山,,定地中蜂,2.26,1399.1,61.9,757,29.8,4,5,荆条,county_simulation
county_year,2024,湖南,28.2282,112.9388,华中,韶山,,小转地,2.48,763.4,30.8,1128,22.0,1,1,油菜,county_simulation
county_year,2025,湖南,28.2282,112.9388,华中,韶山,,定地中蜂,2.46,1108.8,45.1,1011,24.3,1,3,荔枝,county_simulation
county_year,2016,湖南,28.2282,112.9388,华中,衡阳,,定地意蜂,1.07,346.3,32.4,392,27.3,2,7,紫云英,county_simulation
county_year,2017,湖南,28.2282,112.9388,华中,衡阳,,大转地意蜂,1.08,361.8,33.5,401,26.9,2,2,向日葵,county_simulation
county_year,2018,湖南,28.2282,112.9388,华中,衡阳,,大转地意蜂,0.99,403.6,40.8,364,27.1,9,10,荆条,county_simulation
county_year,2019,湖南,28.2282,112.9388,华中,衡阳,,定地意蜂,1.06,419.3,39.6,423,25.1,6,7,向日葵,county_simulation
county_year,2020,湖南,28.2282,112.9388,华中,衡阳,,大转地意蜂,1.04,446.6,42.9,480,21.6,5,10,椴树,county_simulation
county_year,2021,湖南,28.2282,112.9388,华中,衡阳,,定地中蜂,1.04,323.6,31.1,449,23.2,9,5,椴树,county_simulation
county_year,2022,湖南,28.2282,112.9388,华中,衡阳,,定地中蜂,1.03,466.9,45.3,389,26.4,1,8,紫云英,county_simulation
county_year,2023,湖南,28.2282,112.9388,华中,衡阳,,定地中蜂,1.16,646.5,55.7,427,27.2,4,10,油菜,county_simulation
county_year,2024,湖南,28.2282,112.9388,华中,衡阳,,大转地意蜂,1.06,408.0,38.5,509,20.8,5,6,荆条,county_simulation
county_year,2025,湖南,28.2282,112.9388,华中,衡阳,,小转地,1.19,294.8,24.8,400,29.7,4,8,柑橘,county_simulation
county_year,2016,湖南,28.2282,112.9388,华中,衡南,,小转地,0.94,410.6,43.7,370,25.4,1,8,荔枝,county_simulation
county_year,2017,湖南,28.2282,112.9388,华中,衡南,,大转地意蜂,0.88,543.1,61.7,327,26.9,6,10,柑橘,county_simulation
county_year,2018,湖南,28.2282,112.9388,华中,衡南,,定地中蜂,0.89,485.2,54.5,492,18.1,9,8,龙眼,county_simulation
county_year,2019,湖南,28.2282,112.9388,华中,衡南,,定地中蜂,0.86,370.4,43.1,412,20.8,9,9,刺槐,county_simulation
county_year,2020,湖南,28.2282,112.9388,华中,衡南,,小转地,0.9,214.9,23.9,389,23.1,1,3,向日葵,county_simulation
county_year,2021,湖南,28.2282,112.9388,华中,衡南,,大转地意蜂,0.92,385.3,41.9,460,20.0,1,7,椴树,county_simulation
county_year,2022,湖南,28.2282,112.9388,华中,衡南,,定地中蜂,0.88,390.4,44.4,318,27.6,7,1,荔枝,county_simulation
county_year,2023,湖南,28.2282,112.9388,华中,衡南,,定地意蜂,0.86,481.6,56.0,287,29.9,9,6,柑橘,county_simulation
county_year,2024,湖南,28.2282,112.9388,华中,衡南,,定地意蜂,1.01,285.8,28.3,407,24.8,9,4,柑橘,county_simulation
county_year,2025,湖南,28.2282,112.9388,华中,衡南,,定地中蜂,1.06,532.4,50.2,472,22.5,8,4,龙眼,county_simulation
county_year,2016,湖南,28.2282,112.9388,华中,衡山,,定地中蜂,2.55,682.6,26.8,903,28.2,1,6,紫云英,county_simulation
county_year,2017,湖南,28.2282,112.9388,华中,衡山,,大转地意蜂,2.89,2013.3,69.7,1222,23.6,5,4,枣树,county_simulation
county_year,2018,湖南,28.2282,112.9388,华中,衡山,,大转地意蜂,2.69,983.2,36.6,1100,24.5,10,8,柑橘,county_simulation
county_year,2019,湖南,28.2282,112.9388,华中,衡山,,小转地,2.84,1362.0,48.0,1278,22.2,6,1,枣树,county_simulation
county_year,2020,湖南,28.2282,112.9388,华中,衡山,,定地意蜂,2.81,1781.7,63.4,1009,27.8,6,10,紫云英,county_simulation
county_year,2021,湖南,28.2282,112.9388,华中,衡山,,小转地,2.91,1515.5,52.1,1176,24.7,2,10,荆条,county_simulation
county_year,2022,湖南,28.2282,112.9388,华中,衡山,,大转地意蜂,2.73,789.4,28.9,1325,20.6,3,9,柑橘,county_simulation
county_year,2023,湖南,28.2282,112.9388,华中,衡山,,定地意蜂,2.97,1448.8,48.8,1314,22.6,10,8,枣树,county_simulation
county_year,2024,湖南,28.2282,112.9388,华中,衡山,,大转地意蜂,2.7,1875.3,69.5,985,27.4,10,3,荆条,county_simulation
county_year,2025,湖南,28.2282,112.9388,华中,衡山,,大转地意蜂,2.67,965.7,36.2,936,28.5,3,9,椴树,county_simulation
county_year,2016,湖南,28.2282,112.9388,华中,衡东,,小转地,1.35,783.0,58.0,624,21.6,9,7,紫云英,county_simulation
county_year,2017,湖南,28.2282,112.9388,华中,衡东,,定地意蜂,1.28,483.2,37.7,483,26.5,9,2,柑橘,county_simulation
county_year,2018,湖南,28.2282,112.9388,华中,衡东,,定地意蜂,1.31,881.3,67.3,444,29.5,3,7,向日葵,county_simulation
county_year,2019,湖南,28.2282,112.9388,华中,衡东,,大转地意蜂,1.38,448.9,32.5,523,26.3,9,7,龙眼,county_simulation
county_year,2020,湖南,28.2282,112.9388,华中,衡东,,定地意蜂,1.39,872.5,62.8,489,28.4,7,4,柑橘,county_simulation
county_year,2021,湖南,28.2282,112.9388,华中,衡东,,定地中蜂,1.41,944.3,67.0,470,30.0,6,3,油菜,county_simulation
county_year,2022,湖南,28.2282,112.9388,华中,衡东,,定地意蜂,1.37,407.5,29.7,613,22.3,6,2,龙眼,county_simulation
county_year,2023,湖南,28.2282,112.9388,华中,衡东,,定地意蜂,1.54,318.0,20.6,640,24.0,1,5,椴树,county_simulation
county_year,2024,湖南,28.2282,112.9388,华中,衡东,,定地意蜂,1.41,778.5,55.2,470,29.9,1,10,油菜,county_simulation
county_year,2025,湖南,28.2282,112.9388,华中,衡东,,定地中蜂,1.61,1124.8,69.9,552,29.1,8,3,椴树,county_simulation
county_year,2016,湖南,28.2282,112.9388,华中,耒阳,,定地意蜂,2.13,536.6,25.2,867,24.5,1,10,荆条,county_simulation
county_year,2017,湖南,28.2282,112.9388,华中,耒阳,,大转地意蜂,2.15,1344.8,62.5,1068,20.1,7,2,油菜,county_simulation
county_year,2018,湖南,28.2282,112.9388,华中,耒阳,,定地意蜂,2.28,814.2,35.7,859,26.5,4,10,油菜,county_simulation
county_year,2019,湖南,28.2282,112.9388,华中,耒阳,,小转地,2.31,1501.1,65.0,886,26.1,10,6,向日葵,county_simulation
county_year,2020,湖南,28.2282,112.9388,华中,耒阳,,大转地意蜂,2.31,942.9,40.8,889,26.0,2,4,向日葵,county_simulation
county_year,2021,湖南,28.2282,112.9388,华中,耒阳,,大转地意蜂,2.28,652.7,28.6,1075,21.2,5,10,枣树,county_simulation
county_year,2022,湖南,28.2282,112.9388,华中,耒阳,,大转地意蜂,2.41,1247.5,51.8,1051,22.9,5,5,向日葵,county_simulation
county_year,2023,湖南,28.2282,112.9388,华中,耒阳,,大转地意蜂,2.32,1123.1,48.4,1049,22.1,10,8,刺槐,county_simulation
county_year,2024,湖南,28.2282,112.9388,华中,耒阳,,小转地,2.19,1236.9,56.5,1147,19.1,6,10,油菜,county_simulation
county_year,2025,湖南,28.2282,112.9388,华中,耒阳,,定地意蜂,2.61,805.9,30.9,950,27.5,8,2,枣树,county_simulation
county_year,2016,湖南,28.2282,112.9388,华中,常宁,,小转地,0.97,613.3,63.2,330,29.3,5,1,紫云英,county_simulation
county_year,2017,湖南,28.2282,112.9388,华中,常宁,,定地意蜂,0.99,267.5,27.0,491,20.1,7,4,枣树,county_simulation
county_year,2018,湖南,28.2282,112.9388,华中,常宁,,定地意蜂,1.07,737.9,69.0,524,20.4,8,5,刺槐,county_simulation
county_year,2019,湖南,28.2282,112.9388,华中,常宁,,定地中蜂,1.05,393.2,37.4,420,24.9,3,1,柑橘,county_simulation
county_year,2020,湖南,28.2282,112.9388,华中,常宁,,定地中蜂,1.06,323.7,30.5,433,24.5,6,5,枣树,county_simulation
county_year,2021,湖南,28.2282,112.9388,华中,常宁,,定地意蜂,1.06,504.4,47.6,357,29.6,2,9,枣树,county_simulation
county_year,2022,湖南,28.2282,112.9388,华中,常宁,,大转地意蜂,1.05,226.5,21.6,444,23.6,9,3,椴树,county_simulation
county_year,2023,湖南,28.2282,112.9388,华中,常宁,,定地中蜂,1.02,393.9,38.6,407,25.0,10,1,龙眼,county_simulation
county_year,2024,湖南,28.2282,112.9388,华中,常宁,,大转地意蜂,1.15,729.9,63.5,450,25.6,3,7,椴树,county_simulation
county_year,2025,湖南,28.2282,112.9388,华中,常宁,,定地意蜂,1.06,265.1,25.0,411,25.8,5,3,椴树,county_simulation
county_year,2016,湖南,28.2282,112.9388,华中,邵东,,定地中蜂,1.56,793.0,50.8,670,23.3,7,8,枣树,county_simulation
county_year,2017,湖南,28.2282,112.9388,华中,邵东,,定地中蜂,1.76,649.3,36.9,782,22.5,5,1,枣树,county_simulation
county_year,2018,湖南,28.2282,112.9388,华中,邵东,,定地中蜂,1.65,748.2,45.3,572,28.8,7,5,柑橘,county_simulation
county_year,2019,湖南,28.2282,112.9388,华中,邵东,,定地意蜂,1.73,789.1,45.6,943,18.3,10,9,枣树,county_simulation
county_year,2020,湖南,28.2282,112.9388,华中,邵东,,定地意蜂,1.73,466.7,27.0,697,24.8,1,2,荔枝,county_simulation
county_year,2021,湖南,28.2282,112.9388,华中,邵东,,定地中蜂,1.78,664.0,37.3,903,19.7,3,8,油菜,county_simulation
county_year,2022,湖南,28.2282,112.9388,华中,邵东,,定地意蜂,1.8,514.9,28.6,882,20.4,2,3,枣树,county_simulation
county_year,2023,湖南,28.2282,112.9388,华中,邵东,,小转地,1.9,1067.9,56.2,817,23.2,9,6,油菜,county_simulation
county_year,2024,湖南,28.2282,112.9388,华中,邵东,,定地中蜂,1.79,779.4,43.5,808,22.1,4,8,紫云英,county_simulation
county_year,2025,湖南,28.2282,112.9388,华中,邵东,,大转地意蜂,1.99,1157.2,58.2,751,26.5,7,3,龙眼,county_simulation
county_year,2016,湖南,28.2282,112.9388,华中,新邵,,定地中蜂,2.46,1596.6,64.9,901,27.3,10,7,向日葵,county_simulation
county_year,2017,湖南,28.2282,112.9388,华中,新邵,,大转地意蜂,2.46,1402.7,57.0,1031,23.9,4,10,荆条,county_simulation
county_year,2018,湖南,28.2282,112.9388,华中,新邵,,大转地意蜂,2.22,821.2,37.0,989,22.4,10,10,紫云英,county_simulation
county_year,2019,湖南,28.2282,112.9388,华中,新邵,,小转地,2.26,608.0,26.9,877,25.7,1,4,荔枝,county_simulation
county_year,2020,湖南,28.2282,112.9388,华中,新邵,,定地中蜂,2.35,1238.5,52.7,1064,22.1,3,5,荔枝,county_simulation
county_year,2021,湖南,28.2282,112.9388,华中,新邵,,定地中蜂,2.35,510.9,21.7,843,27.9,3,3,紫云英,county_simulation
county_year,2022,湖南,28.2282,112.9388,华中,新邵,,大转地意蜂,2.44,1055.2,43.2,871,28.0,6,2,紫云英,county_simulation
county_year,2023,湖南,28.2282,112.9388,华中,新邵,,定地中蜂,2.54,913.2,36.0,1399,18.1,8,1,椴树,county_simulation
county_year,2024,湖南,28.2282,112.9388,华中,新邵,,大转地意蜂,2.53,1040.4,41.1,971,26.0,5,7,荔枝,county_simulation
county_year,2025,湖南,28.2282,112.9388,华中,新邵,,定地中蜂,2.63,1587.4,60.4,1356,19.4,9,6,椴树,county_simulation
county_year,2016,重庆,29.4316,106.9123,西南,万州,,小转地,1.69,432.4,25.6,569,29.7,7,9,紫云英,county_simulation
county_year,2017,重庆,29.4316,106.9123,西南,万州,,定地意蜂,1.74,354.1,20.3,917,19.0,4,9,柑橘,county_simulation
county_year,2018,重庆,29.4316,106.9123,西南,万州,,定地意蜂,1.84,412.7,22.4,784,23.5,1,2,椴树,county_simulation
county_year,2019,重庆,29.4316,106.9123,西南,万州,,定地意蜂,1.91,954.4,50.0,1026,18.6,5,7,龙眼,county_simulation
county_year,2020,重庆,29.4316,106.9123,西南,万州,,定地意蜂,1.93,408.7,21.2,709,27.2,3,5,龙眼,county_simulation
county_year,2021,重庆,29.4316,106.9123,西南,万州,,大转地意蜂,1.94,676.8,34.9,830,23.4,10,2,龙眼,county_simulation
county_year,2022,重庆,29.4316,106.9123,西南,万州,,小转地,2.02,804.2,39.8,828,24.4,2,9,刺槐,county_simulation
county_year,2023,重庆,29.4316,106.9123,西南,万州,,定地意蜂,1.86,830.9,44.7,942,19.7,6,8,柑橘,county_simulation
county_year,2024,重庆,29.4316,106.9123,西南,万州,,定地中蜂,1.89,1167.0,61.7,677,27.9,1,2,龙眼,county_simulation
county_year,2025,重庆,29.4316,106.9123,西南,万州,,大转地意蜂,1.95,1342.4,68.8,986,19.8,7,9,刺槐,county_simulation
county_year,2016,重庆,29.4316,106.9123,西南,涪陵,,小转地,0.93,372.3,40.0,430,21.6,5,2,紫云英,county_simulation
county_year,2017,重庆,29.4316,106.9123,西南,涪陵,,定地意蜂,0.89,432.0,48.5,323,27.5,10,9,向日葵,county_simulation
county_year,2018,重庆,29.4316,106.9123,西南,涪陵,,定地意蜂,0.94,563.5,59.9,449,20.9,10,8,枣树,county_simulation
county_year,2019,重庆,29.4316,106.9123,西南,涪陵,,小转地,0.98,562.0,57.3,421,23.2,5,9,油菜,county_simulation
county_year,2020,重庆,29.4316,106.9123,西南,涪陵,,定地意蜂,1.0,539.1,53.9,345,28.9,1,7,枣树,county_simulation
county_year,2021,重庆,29.4316,106.9123,西南,涪陵,,定地意蜂,0.98,259.6,26.5,426,23.0,8,10,龙眼,county_simulation
county_year,2022,重庆,29.4316,106.9123,西南,涪陵,,小转地,0.97,537.9,55.5,468,20.7,2,10,荔枝,county_simulation
county_year,2023,重庆,29.4316,106.9123,西南,涪陵,,定地中蜂,1.07,460.4,43.0,422,25.3,10,6,向日葵,county_simulation
county_year,2024,重庆,29.4316,106.9123,西南,涪陵,,定地意蜂,1.01,208.3,20.6,346,29.2,6,6,椴树,county_simulation
county_year,2025,重庆,29.4316,106.9123,西南,涪陵,,小转地,0.95,427.0,44.9,336,28.3,7,5,紫云英,county_simulation
county_year,2016,重庆,29.4316,106.9123,西南,渝中,,定地意蜂,0.21,108.3,51.6,70,29.6,2,4,向日葵,county_simulation
county_year,2017,重庆,29.4316,106.9123,西南,渝中,,定地中蜂,0.24,85.8,35.8,111,21.5,1,3,柑橘,county_simulation
county_year,2018,重庆,29.4316,106.9123,西南,渝中,,定地中蜂,0.24,115.8,48.2,94,25.5,1,5,向日葵,county_simulation
county_year,2019,重庆,29.4316,106.9123,西南,渝中,,小转地,0.24,93.0,38.8,80,29.9,7,10,刺槐,county_simulation
county_year,2020,重庆,29.4316,106.9123,西南,渝中,,定地意蜂,0.24,167.1,69.6,116,20.6,3,3,紫云英,county_simulation
county_year,2021,重庆,29.4316,106.9123,西南,渝中,,定地意蜂,0.25,77.2,30.9,112,22.2,6,6,刺槐,county_simulation
county_year,2022,重庆,29.4316,106.9123,西南,渝中,,定地意蜂,0.25,129.1,51.7,95,26.2,9,9,向日葵,county_simulation
county_year,2023,重庆,29.4316,106.9123,西南,渝中,,定地中蜂,0.25,111.9,44.7,88,28.3,5,8,荆条,county_simulation
county_year,2024,重庆,29.4316,106.9123,西南,渝中,,定地意蜂,0.28,96.4,34.4,139,20.1,8,3,刺槐,county_simulation
county_year,2025,重庆,29.4316,106.9123,西南,渝中,,定地中蜂,0.25,171.8,68.7,96,25.8,4,1,柑橘,county_simulation
county_year,2016,重庆,29.4316,106.9123,西南,大渡口,,定地中蜂,0.67,161.0,24.0,278,24.0,1,6,柑橘,county_simulation
county_year,2017,重庆,29.4316,106.9123,西南,大渡口,,大转地意蜂,0.73,318.2,43.6,293,24.8,6,1,柑橘,county_simulation
county_year,2018,重庆,29.4316,106.9123,西南,大渡口,,小转地,0.67,318.9,47.6,259,25.8,3,8,龙眼,county_simulation
county_year,2019,重庆,29.4316,106.9123,西南,大渡口,,小转地,0.7,305.3,43.6,335,20.9,6,3,荔枝,county_simulation
county_year,2020,重庆,29.4316,106.9123,西南,大渡口,,定地中蜂,0.72,351.9,48.9,391,18.4,4,10,椴树,county_simulation
county_year,2021,重庆,29.4316,106.9123,西南,大渡口,,大转地意蜂,0.75,514.8,68.6,272,27.6,10,6,荆条,county_simulation
county_year,2022,重庆,29.4316,106.9123,西南,大渡口,,大转地意蜂,0.71,166.8,23.5,266,26.7,7,9,椴树,county_simulation
county_year,2023,重庆,29.4316,106.9123,西南,大渡口,,定地意蜂,0.79,322.8,40.9,419,18.8,9,2,柑橘,county_simulation
county_year,2024,重庆,29.4316,106.9123,西南,大渡口,,定地中蜂,0.77,163.1,21.2,315,24.4,1,5,紫云英,county_simulation
county_year,2025,重庆,29.4316,106.9123,西南,大渡口,,定地中蜂,0.83,182.6,22.0,310,26.7,9,8,紫云英,county_simulation
county_year,2016,重庆,29.4316,106.9123,西南,江北,,大转地意蜂,2.23,1291.1,57.9,791,28.2,3,6,紫云英,county_simulation
county_year,2017,重庆,29.4316,106.9123,西南,江北,,定地中蜂,1.99,639.9,32.2,1009,19.7,4,5,刺槐,county_simulation
county_year,2018,重庆,29.4316,106.9123,西南,江北,,定地中蜂,2.11,905.4,42.9,801,26.3,4,5,龙眼,county_simulation
county_year,2019,重庆,29.4316,106.9123,西南,江北,,定地意蜂,2.12,1258.6,59.4,908,23.3,10,5,柑橘,county_simulation
county_year,2020,重庆,29.4316,106.9123,西南,江北,,大转地意蜂,2.11,972.5,46.1,1072,19.7,4,6,柑橘,county_simulation
county_year,2021,重庆,29.4316,106.9123,西南,江北,,小转地,2.12,1425.5,67.2,986,21.5,10,5,椴树,county_simulation
county_year,2022,重庆,29.4316,106.9123,西南,江北,,小转地,2.21,612.7,27.7,847,26.1,3,10,荔枝,county_simulation
county_year,2023,重庆,29.4316,106.9123,西南,江北,,小转地,2.31,725.2,31.4,1095,21.1,10,5,荆条,county_simulation
county_year,2024,重庆,29.4316,106.9123,西南,江北,,定地中蜂,2.24,1255.7,56.1,1060,21.1,8,10,荆条,county_simulation
county_year,2025,重庆,29.4316,106.9123,西南,江北,,定地意蜂,2.52,1243.8,49.4,979,25.7,9,6,紫云英,county_simulation
county_year,2016,重庆,29.4316,106.9123,西南,沙坪坝,,小转地,2.22,1027.0,46.3,1108,20.0,8,7,油菜,county_simulation
county_year,2017,重庆,29.4316,106.9123,西南,沙坪坝,,小转地,2.17,677.9,31.2,1155,18.8,4,3,荔枝,county_simulation
county_year,2018,重庆,29.4316,106.9123,西南,沙坪坝,,小转地,2.23,579.3,26.0,833,26.7,6,8,椴树,county_simulation
county_year,2019,重庆,29.4316,106.9123,西南,沙坪坝,,小转地,2.27,467.8,20.6,884,25.7,4,6,油菜,county_simulation
county_year,2020,重庆,29.4316,106.9123,西南,沙坪坝,,大转地意蜂,2.31,842.6,36.5,1203,19.2,5,9,向日葵,county_simulation
county_year,2021,重庆,29.4316,106.9123,西南,沙坪坝,,大转地意蜂,2.38,570.5,24.0,973,24.5,8,10,向日葵,county_simulation
county_year,2022,重庆,29.4316,106.9123,西南,沙坪坝,,小转地,2.28,1299.0,57.0,1081,21.1,4,8,荆条,county_simulation
county_year,2023,重庆,29.4316,106.9123,西南,沙坪坝,,大转地意蜂,2.19,1042.4,47.6,865,25.3,4,2,荆条,county_simulation
county_year,2024,重庆,29.4316,106.9123,西南,沙坪坝,,定地中蜂,2.41,756.2,31.4,1286,18.7,8,2,向日葵,county_simulation
county_year,2025,重庆,29.4316,106.9123,西南,沙坪坝,,大转地意蜂,2.69,1600.6,59.5,1445,18.6,4,8,刺槐,county_simulation
county_year,2016,重庆,29.4316,106.9123,西南,九龙坡,,定地中蜂,1.22,603.5,49.5,635,19.2,5,10,油菜,county_simulation
county_year,2017,重庆,29.4316,106.9123,西南,九龙坡,,定地中蜂,1.2,306.9,25.6,423,28.3,4,10,柑橘,county_simulation
county_year,2018,重庆,29.4316,106.9123,西南,九龙坡,,定地中蜂,1.19,387.8,32.6,397,29.9,10,5,椴树,county_simulation
county_year,2019,重庆,29.4316,106.9123,西南,九龙坡,,定地意蜂,1.24,547.6,44.2,565,21.9,5,5,向日葵,county_simulation
county_year,2020,重庆,29.4316,106.9123,西南,九龙坡,,定地意蜂,1.26,605.6,48.1,591,21.3,8,2,荆条,county_simulation
county_year,2021,重庆,29.4316,106.9123,西南,九龙坡,,定地中蜂,1.27,872.7,68.7,581,21.8,8,3,荆条,county_simulation
county_year,2022,重庆,29.4316,106.9123,西南,九龙坡,,定地中蜂,1.22,429.8,35.2,526,23.2,6,9,荆条,county_simulation
county_year,2023,重庆,29.4316,106.9123,西南,九龙坡,,定地意蜂,1.23,388.6,31.6,637,19.3,9,5,龙眼,county_simulation
county_year,2024,重庆,29.4316,106.9123,西南,九龙坡,,小转地,1.39,753.9,54.2,587,23.7,10,3,龙眼,county_simulation
county_year,2025,重庆,29.4316,106.9123,西南,九龙坡,,小转地,1.19,705.6,59.3,437,27.2,10,3,龙眼,county_simulation
county_year,2016,重庆,29.4316,106.9123,西南,南岸,,定地意蜂,2.14,1272.0,59.4,828,25.8,4,5,椴树,county_simulation
county_year,2017,重庆,29.4316,106.9123,西南,南岸,,定地意蜂,2.26,871.0,38.5,806,28.0,6,6,龙眼,county_simulation
county_year,2018,重庆,29.4316,106.9123,西南,南岸,,定地中蜂,2.5,991.9,39.7,1082,23.1,1,7,油菜,county_simulation
county_year,2019,重庆,29.4316,106.9123,西南,南岸,,定地中蜂,2.44,1470.6,60.3,1096,22.2,5,1,枣树,county_simulation
county_year,2020,重庆,29.4316,106.9123,西南,南岸,,定地意蜂,2.53,878.9,34.7,951,26.6,1,6,紫云英,county_simulation
county_year,2021,重庆,29.4316,106.9123,西南,南岸,,小转地,2.6,1248.0,48.0,1186,21.9,4,10,向日葵,county_simulation
county_year,2022,重庆,29.4316,106.9123,西南,南岸,,小转地,2.57,609.6,23.7,1207,21.3,6,8,柑橘,county_simulation
county_year,2023,重庆,29.4316,106.9123,西南,南岸,,定地中蜂,2.6,579.8,22.3,876,29.7,8,4,荔枝,county_simulation
county_year,2024,重庆,29.4316,106.9123,西南,南岸,,大转地意蜂,2.93,672.9,23.0,1170,25.0,6,5,向日葵,county_simulation
county_year,2025,重庆,29.4316,106.9123,西南,南岸,,小转地,2.56,654.1,25.6,880,29.1,2,6,紫云英,county_simulation
county_year,2016,重庆,29.4316,106.9123,西南,北碚,,大转地意蜂,1.92,935.1,48.7,765,25.1,8,4,龙眼,county_simulation
county_year,2017,重庆,29.4316,106.9123,西南,北碚,,定地意蜂,2.11,697.1,33.0,777,27.2,1,3,刺槐,county_simulation
county_year,2018,重庆,29.4316,106.9123,西南,北碚,,定地意蜂,2.06,1173.2,57.0,780,26.4,8,4,荆条,county_simulation
county_year,2019,重庆,29.4316,106.9123,西南,北碚,,小转地,2.21,842.2,38.1,1065,20.7,5,5,柑橘,county_simulation
county_year,2020,重庆,29.4316,106.9123,西南,北碚,,定地中蜂,2.21,573.7,26.0,1209,18.3,7,7,椴树,county_simulation
county_year,2021,重庆,29.4316,106.9123,西南,北碚,,定地意蜂,2.27,522.4,23.0,811,28.0,1,10,紫云英,county_simulation
county_year,2022,重庆,29.4316,106.9123,西南,北碚,,定地意蜂,2.38,1515.0,63.7,806,29.5,9,8,荔枝,county_simulation
county_year,2023,重庆,29.4316,106.9123,西南,北碚,,大转地意蜂,2.3,1304.6,56.7,897,25.6,9,2,向日葵,county_simulation
county_year,2024,重庆,29.4316,106.9123,西南,北碚,,定地中蜂,2.11,1320.3,62.6,873,24.2,10,4,刺槐,county_simulation
county_year,2025,重庆,29.4316,106.9123,西南,北碚,,定地中蜂,2.49,842.7,33.8,1074,23.2,3,6,刺槐,county_simulation
county_year,2016,重庆,29.4316,106.9123,西南,綦江,,定地中蜂,0.58,342.5,59.1,247,23.4,1,7,柑橘,county_simulation
county_year,2017,重庆,29.4316,106.9123,西南,綦江,,大转地意蜂,0.62,244.9,39.5,243,25.5,4,6,紫云英,county_simulation
county_year,2018,重庆,29.4316,106.9123,西南,綦江,,定地意蜂,0.63,310.1,49.2,222,28.3,9,8,枣树,county_simulation
county_year,2019,重庆,29.4316,106.9123,西南,綦江,,小转地,0.6,226.4,37.7,241,24.9,4,3,枣树,county_simulation
county_year,2020,重庆,29.4316,106.9123,西南,綦江,,大转地意蜂,0.61,284.7,46.7,317,19.2,3,9,龙眼,county_simulation
county_year,2021,重庆,29.4316,106.9123,西南,綦江,,小转地,0.64,228.9,35.8,291,21.9,4,4,荔枝,county_simulation
county_year,2022,重庆,29.4316,106.9123,西南,綦江,,小转地,0.6,189.9,31.6,200,29.9,6,1,荆条,county_simulation
county_year,2023,重庆,29.4316,106.9123,西南,綦江,,定地中蜂,0.67,175.2,26.2,228,29.3,1,8,枣树,county_simulation
county_year,2024,重庆,29.4316,106.9123,西南,綦江,,小转地,0.62,247.7,40.0,265,23.4,7,10,刺槐,county_simulation
county_year,2025,重庆,29.4316,106.9123,西南,綦江,,大转地意蜂,0.57,374.3,65.7,283,20.1,3,4,刺槐,county_simulation
county_year,2016,重庆,29.4316,106.9123,西南,大足,,定地中蜂,2.25,1569.8,69.8,1008,22.3,4,4,刺槐,county_simulation
county_year,2017,重庆,29.4316,106.9123,西南,大足,,大转地意蜂,2.28,747.0,32.8,1021,22.3,8,1,油菜,county_simulation
county_year,2018,重庆,29.4316,106.9123,西南,大足,,大转地意蜂,2.48,1688.3,68.1,1076,23.0,6,6,荔枝,county_simulation
county_year,2019,重庆,29.4316,106.9123,西南,大足,,定地意蜂,2.42,1509.8,62.4,1042,23.2,4,2,紫云英,county_simulation
county_year,2020,重庆,29.4316,106.9123,西南,大足,,定地意蜂,2.49,1698.5,68.2,1368,18.2,1,3,枣树,county_simulation
county_year,2021,重庆,29.4316,106.9123,西南,大足,,小转地,2.47,1134.5,45.9,1363,18.1,8,1,油菜,county_simulation
county_year,2022,重庆,29.4316,106.9123,西南,大足,,定地意蜂,2.57,1464.7,57.0,1252,20.5,6,10,紫云英,county_simulation
county_year,2023,重庆,29.4316,106.9123,西南,大足,,小转地,2.71,778.6,28.7,1176,23.0,3,6,刺槐,county_simulation
county_year,2024,重庆,29.4316,106.9123,西南,大足,,定地中蜂,2.76,833.6,30.2,1503,18.4,6,5,柑橘,county_simulation
county_year,2025,重庆,29.4316,106.9123,西南,大足,,定地中蜂,2.48,907.2,36.6,905,27.4,1,3,紫云英,county_simulation
county_year,2016,重庆,29.4316,106.9123,西南,渝北,,小转地,0.28,129.5,46.3,111,25.2,2,1,龙眼,county_simulation
county_year,2017,重庆,29.4316,106.9123,西南,渝北,,大转地意蜂,0.25,173.5,69.4,130,19.1,8,8,紫云英,county_simulation
county_year,2018,重庆,29.4316,106.9123,西南,渝北,,大转地意蜂,0.26,69.5,26.7,106,24.4,5,8,椴树,county_simulation
county_year,2019,重庆,29.4316,106.9123,西南,渝北,,定地意蜂,0.27,97.6,36.1,128,21.1,10,2,椴树,county_simulation
county_year,2020,重庆,29.4316,106.9123,西南,渝北,,小转地,0.28,136.0,48.6,100,28.0,4,9,荆条,county_simulation
county_year,2021,重庆,29.4316,106.9123,西南,渝北,,大转地意蜂,0.29,153.6,53.0,147,19.7,7,5,柑橘,county_simulation
county_year,2022,重庆,29.4316,106.9123,西南,渝北,,定地意蜂,0.27,78.9,29.2,130,20.7,6,8,柑橘,county_simulation
county_year,2023,重庆,29.4316,106.9123,西南,渝北,,小转地,0.29,186.1,64.2,116,24.9,6,7,龙眼,county_simulation
county_year,2024,重庆,29.4316,106.9123,西南,渝北,,大转地意蜂,0.3,200.2,66.7,120,25.0,7,1,枣树,county_simulation
county_year,2025,重庆,29.4316,106.9123,西南,渝北,,小转地,0.33,170.7,51.7,181,18.2,3,7,龙眼,county_simulation
county_year,2016,重庆,29.4316,106.9123,西南,巴南,,定地中蜂,0.19,55.8,29.4,67,28.3,8,4,椴树,county_simulation
county_year,2017,重庆,29.4316,106.9123,西南,巴南,,定地意蜂,0.18,46.6,25.9,73,24.6,9,6,龙眼,county_simulation
county_year,2018,重庆,29.4316,106.9123,西南,巴南,,定地中蜂,0.18,66.7,37.0,88,20.2,9,8,刺槐,county_simulation
county_year,2019,重庆,29.4316,106.9123,西南,巴南,,大转地意蜂,0.19,87.3,46.0,85,22.1,6,7,油菜,county_simulation
county_year,2020,重庆,29.4316,106.9123,西南,巴南,,定地中蜂,0.19,59.6,31.4,97,19.5,2,2,向日葵,county_simulation
county_year,2021,重庆,29.4316,106.9123,西南,巴南,,定地中蜂,0.2,74.8,37.4,102,19.5,7,9,刺槐,county_simulation
county_year,2022,重庆,29.4316,106.9123,西南,巴南,,小转地,0.21,61.2,29.1,70,29.7,3,4,油菜,county_simulation
county_year,2023,重庆,29.4316,106.9123,西南,巴南,,小转地,0.19,87.9,46.3,70,26.9,10,9,向日葵,county_simulation
county_year,2024,重庆,29.4316,106.9123,西南,巴南,,小转地,0.18,84.6,47.0,73,24.4,6,3,刺槐,county_simulation
county_year,2025,重庆,29.4316,106.9123,西南,巴南,,小转地,0.21,132.2,62.9,81,25.6,3,9,柑橘,county_simulation
county_year,2016,重庆,29.4316,106.9123,西南,长寿,,定地中蜂,1.25,855.7,68.5,672,18.6,5,7,向日葵,county_simulation
county_year,2017,重庆,29.4316,106.9123,西南,长寿,,小转地,1.07,464.4,43.4,372,28.7,5,1,刺槐,county_simulation
county_year,2018,重庆,29.4316,106.9123,西南,长寿,,大转地意蜂,1.23,437.6,35.6,498,24.7,1,7,荆条,county_simulation
county_year,2019,重庆,29.4316,106.9123,西南,长寿,,小转地,1.23,716.2,58.2,441,27.9,7,3,紫云英,county_simulation
county_year,2020,重庆,29.4316,106.9123,西南,长寿,,大转地意蜂,1.21,746.8,61.7,595,20.3,4,5,荆条,county_simulation
county_year,2021,重庆,29.4316,106.9123,西南,长寿,,小转地,1.26,718.0,57.0,646,19.5,4,8,荆条,county_simulation
county_year,2022,重庆,29.4316,106.9123,西南,长寿,,大转地意蜂,1.26,258.8,20.5,464,27.1,9,5,向日葵,county_simulation
county_year,2023,重庆,29.4316,106.9123,西南,长寿,,定地中蜂,1.16,505.2,43.6,454,25.5,5,2,向日葵,county_simulation
county_year,2024,重庆,29.4316,106.9123,西南,长寿,,定地意蜂,1.33,312.8,23.5,567,23.5,5,1,紫云英,county_simulation
county_year,2025,重庆,29.4316,106.9123,西南,长寿,,定地中蜂,1.4,718.8,51.3,664,21.1,10,3,椴树,county_simulation
county_year,2016,重庆,29.4316,106.9123,西南,江津,,定地意蜂,2.1,1467.5,69.9,1091,19.2,4,8,紫云英,county_simulation
county_year,2017,重庆,29.4316,106.9123,西南,江津,,定地意蜂,2.01,1271.5,63.3,783,25.7,5,5,向日葵,county_simulation
county_year,2018,重庆,29.4316,106.9123,西南,江津,,定地意蜂,2.04,664.3,32.6,784,26.0,2,1,刺槐,county_simulation
county_year,2019,重庆,29.4316,106.9123,西南,江津,,小转地,2.0,985.8,49.3,839,23.8,10,7,荔枝,county_simulation
county_year,2020,重庆,29.4316,106.9123,西南,江津,,定地中蜂,2.04,1130.7,55.4,745,27.4,10,9,紫云英,county_simulation
county_year,2021,重庆,29.4316,106.9123,西南,江津,,大转地意蜂,2.01,1244.4,61.9,1041,19.3,10,2,刺槐,county_simulation
county_year,2022,重庆,29.4316,106.9123,西南,江津,,定地中蜂,2.2,1078.1,49.0,1054,20.9,7,1,龙眼,county_simulation
county_year,2023,重庆,29.4316,106.9123,西南,江津,,大转地意蜂,2.16,929.6,43.0,927,23.3,7,7,油菜,county_simulation
county_year,2024,重庆,29.4316,106.9123,西南,江津,,定地意蜂,1.98,1020.2,51.5,981,20.2,2,5,紫云英,county_simulation
county_year,2025,重庆,29.4316,106.9123,西南,江津,,定地意蜂,2.33,1455.6,62.5,871,26.7,6,6,龙眼,county_simulation
county_year,2016,重庆,29.4316,106.9123,西南,合川,,定地中蜂,2.63,588.9,22.4,1126,23.4,5,3,枣树,county_simulation
county_year,2017,重庆,29.4316,106.9123,西南,合川,,定地中蜂,2.47,1294.6,52.4,870,28.4,6,3,椴树,county_simulation
county_year,2018,重庆,29.4316,106.9123,西南,合川,,小转地,2.41,1224.8,50.8,1095,22.0,6,5,刺槐,county_simulation
county_year,2019,重庆,29.4316,106.9123,西南,合川,,定地中蜂,2.48,999.5,40.3,1299,19.1,3,7,枣树,county_simulation
county_year,2020,重庆,29.4316,106.9123,西南,合川,,定地中蜂,2.57,964.5,37.5,970,26.5,6,3,荆条,county_simulation
county_year,2021,重庆,29.4316,106.9123,西南,合川,,定地意蜂,2.57,1261.7,49.1,1329,19.3,9,9,荆条,county_simulation
county_year,2022,重庆,29.4316,106.9123,西南,合川,,大转地意蜂,2.59,775.2,29.9,983,26.3,10,7,荔枝,county_simulation
county_year,2023,重庆,29.4316,106.9123,西南,合川,,小转地,2.49,938.5,37.7,1127,22.1,7,2,荔枝,county_simulation
county_year,2024,重庆,29.4316,106.9123,西南,合川,,小转地,2.75,995.3,36.2,927,29.6,8,1,枣树,county_simulation
county_year,2025,重庆,29.4316,106.9123,西南,合川,,定地中蜂,2.74,923.1,33.7,1053,26.0,4,4,枣树,county_simulation
county_year,2016,重庆,29.4316,106.9123,西南,永川,,定地意蜂,2.27,619.0,27.3,818,27.7,4,1,柑橘,county_simulation
county_year,2017,重庆,29.4316,106.9123,西南,永川,,小转地,2.27,1085.4,47.8,975,23.3,7,3,向日葵,county_simulation
county_year,2018,重庆,29.4316,106.9123,西南,永川,,定地中蜂,2.26,1456.1,64.4,885,25.5,5,6,荔枝,county_simulation
county_year,2019,重庆,29.4316,106.9123,西南,永川,,小转地,2.32,1537.6,66.3,1036,22.4,6,9,龙眼,county_simulation
county_year,2020,重庆,29.4316,106.9123,西南,永川,,小转地,2.33,840.7,36.1,885,26.3,9,10,荆条,county_simulation
county_year,2021,重庆,29.4316,106.9123,西南,永川,,定地中蜂,2.3,1593.3,69.3,792,29.0,9,6,刺槐,county_simulation
county_year,2022,重庆,29.4316,106.9123,西南,永川,,小转地,2.46,1377.7,56.0,974,25.2,8,5,柑橘,county_simulation
county_year,2023,重庆,29.4316,106.9123,西南,永川,,定地中蜂,2.54,1064.1,41.9,1079,23.5,2,3,油菜,county_simulation
county_year,2024,重庆,29.4316,106.9123,西南,永川,,定地意蜂,2.46,562.8,22.9,995,24.7,8,3,刺槐,county_simulation
county_year,2025,重庆,29.4316,106.9123,西南,永川,,定地意蜂,2.57,1437.7,55.9,1368,18.8,1,10,椴树,county_simulation
county_year,2016,重庆,29.4316,106.9123,西南,南川,,定地中蜂,1.1,437.9,39.8,561,19.6,5,9,荔枝,county_simulation
county_year,2017,重庆,29.4316,106.9123,西南,南川,,定地中蜂,1.23,784.7,63.8,495,24.8,3,9,柑橘,county_simulation
county_year,2018,重庆,29.4316,106.9123,西南,南川,,定地意蜂,1.23,620.9,50.5,680,18.1,10,2,刺槐,county_simulation
county_year,2019,重庆,29.4316,106.9123,西南,南川,,小转地,1.21,683.9,56.5,496,24.4,4,10,荆条,county_simulation
county_year,2020,重庆,29.4316,106.9123,西南,南川,,大转地意蜂,1.23,817.2,66.4,670,18.4,6,2,刺槐,county_simulation
county_year,2021,重庆,29.4316,106.9123,西南,南川,,定地中蜂,1.28,863.4,67.5,514,24.9,7,7,椴树,county_simulation
county_year,2022,重庆,29.4316,106.9123,西南,南川,,定地意蜂,1.2,297.5,24.8,542,22.1,3,7,荔枝,county_simulation
county_year,2023,重庆,29.4316,106.9123,西南,南川,,小转地,1.27,508.9,40.1,628,20.2,6,2,龙眼,county_simulation
county_year,2024,重庆,29.4316,106.9123,西南,南川,,大转地意蜂,1.27,417.7,32.9,663,19.1,9,1,龙眼,county_simulation
county_year,2025,重庆,29.4316,106.9123,西南,南川,,大转地意蜂,1.14,789.5,69.3,632,18.0,1,6,紫云英,county_simulation
county_year,2016,重庆,29.4316,106.9123,西南,璧山,,大转地意蜂,0.82,317.7,38.7,330,24.8,3,4,柑橘,county_simulation
county_year,2017,重庆,29.4316,106.9123,西南,璧山,,大转地意蜂,0.9,619.1,68.8,368,24.4,3,10,龙眼,county_simulation
county_year,2018,重庆,29.4316,106.9123,西南,璧山,,小转地,0.9,497.9,55.3,313,28.7,9,3,椴树,county_simulation
county_year,2019,重庆,29.4316,106.9123,西南,璧山,,大转地意蜂,0.94,440.7,46.9,509,18.5,5,5,刺槐,county_simulation
county_year,2020,重庆,29.4316,106.9123,西南,璧山,,大转地意蜂,0.92,422.5,45.9,456,20.2,8,4,柑橘,county_simulation
county_year,2021,重庆,29.4316,106.9123,西南,璧山,,定地中蜂,0.91,335.5,36.9,358,25.4,9,7,椴树,county_simulation
county_year,2022,重庆,29.4316,106.9123,西南,璧山,,小转地,0.99,230.4,23.3,380,26.0,6,3,枣树,county_simulation
county_year,2023,重庆,29.4316,106.9123,西南,璧山,,大转地意蜂,1.03,614.9,59.7,431,23.9,6,1,椴树,county_simulation
county_year,2024,重庆,29.4316,106.9123,西南,璧山,,大转地意蜂,1.03,570.4,55.4,356,28.9,9,2,龙眼,county_simulation
county_year,2025,重庆,29.4316,106.9123,西南,璧山,,定地中蜂,1.08,595.2,55.1,436,24.8,9,4,荔枝,county_simulation
county_year,2016,重庆,29.4316,106.9123,西南,铜梁,,定地中蜂,0.93,625.1,67.2,456,20.4,7,7,紫云英,county_simulation
county_year,2017,重庆,29.4316,106.9123,西南,铜梁,,定地中蜂,1.0,252.2,25.2,546,18.3,10,7,荔枝,county_simulation
county_year,2018,重庆,29.4316,106.9123,西南,铜梁,,大转地意蜂,0.94,323.0,34.4,342,27.4,9,1,枣树,county_simulation
county_year,2019,重庆,29.4316,106.9123,西南,铜梁,,小转地,0.92,454.2,49.4,424,21.7,6,1,向日葵,county_simulation
county_year,2020,重庆,29.4316,106.9123,西南,铜梁,,定地意蜂,0.96,376.8,39.2,324,29.6,9,1,紫云英,county_simulation
county_year,2021,重庆,29.4316,106.9123,西南,铜梁,,定地意蜂,0.98,283.4,28.9,403,24.3,1,4,刺槐,county_simulation
county_year,2022,重庆,29.4316,106.9123,西南,铜梁,,定地意蜂,0.97,301.5,31.1,479,20.2,2,4,椴树,county_simulation
county_year,2023,重庆,29.4316,106.9123,西南,铜梁,,定地中蜂,0.94,195.3,20.8,365,25.7,4,2,荔枝,county_simulation
county_year,2024,重庆,29.4316,106.9123,西南,铜梁,,定地意蜂,0.88,534.0,60.7,421,20.9,3,7,枣树,county_simulation
county_year,2025,重庆,29.4316,106.9123,西南,铜梁,,小转地,0.97,215.7,22.2,345,28.1,10,4,柑橘,county_simulation
county_year,2016,福建,26.0745,119.2965,华东,闽侯,,定地意蜂,1.2,582.3,48.5,520,23.1,4,5,紫云英,county_simulation
county_year,2017,福建,26.0745,119.2965,华东,闽侯,,定地意蜂,1.3,528.9,40.7,565,23.0,4,8,荔枝,county_simulation
county_year,2018,福建,26.0745,119.2965,华东,闽侯,,定地中蜂,1.34,533.0,39.8,525,25.5,3,4,刺槐,county_simulation
county_year,2019,福建,26.0745,119.2965,华东,闽侯,,定地中蜂,1.36,885.5,65.1,701,19.4,2,3,向日葵,county_simulation
county_year,2020,福建,26.0745,119.2965,华东,闽侯,,定地中蜂,1.38,453.0,32.8,470,29.3,5,9,荔枝,county_simulation
county_year,2021,福建,26.0745,119.2965,华东,闽侯,,大转地意蜂,1.38,350.9,25.4,555,24.8,7,4,刺槐,county_simulation
county_year,2022,福建,26.0745,119.2965,华东,闽侯,,大转地意蜂,1.42,374.3,26.4,592,24.0,8,8,刺槐,county_simulation
county_year,2023,福建,26.0745,119.2965,华东,闽侯,,大转地意蜂,1.33,524.1,39.4,720,18.5,2,4,紫云英,county_simulation
county_year,2024,福建,26.0745,119.2965,华东,闽侯,,大转地意蜂,1.48,401.6,27.1,636,23.3,9,4,枣树,county_simulation
county_year,2025,福建,26.0745,119.2965,华东,闽侯,,小转地,1.55,321.0,20.7,836,18.5,6,5,荆条,county_simulation
county_year,2016,福建,26.0745,119.2965,华东,连江,,小转地,0.81,320.5,39.6,314,25.7,5,9,刺槐,county_simulation
county_year,2017,福建,26.0745,119.2965,华东,连江,,定地中蜂,0.8,294.4,36.8,313,25.5,1,8,刺槐,county_simulation
county_year,2018,福建,26.0745,119.2965,华东,连江,,小转地,0.74,254.5,34.4,293,25.2,3,9,龙眼,county_simulation
county_year,2019,福建,26.0745,119.2965,华东,连江,,大转地意蜂,0.8,324.0,40.5,305,26.2,10,3,龙眼,county_simulation
county_year,2020,福建,26.0745,119.2965,华东,连江,,小转地,0.78,196.5,25.2,395,19.7,1,7,油菜,county_simulation
county_year,2021,福建,26.0745,119.2965,华东,连江,,大转地意蜂,0.8,467.5,58.4,288,27.8,4,1,柑橘,county_simulation
county_year,2022,福建,26.0745,119.2965,华东,连江,,定地中蜂,0.8,489.6,61.2,438,18.2,10,7,荔枝,county_simulation
county_year,2023,福建,26.0745,119.2965,华东,连江,,小转地,0.83,543.8,65.5,366,22.6,8,10,荔枝,county_simulation
county_year,2024,福建,26.0745,119.2965,华东,连江,,小转地,0.79,337.7,42.7,264,29.9,8,9,龙眼,county_simulation
county_year,2025,福建,26.0745,119.2965,华东,连江,,定地中蜂,0.76,429.8,56.5,354,21.4,5,3,龙眼,county_simulation
county_year,2016,福建,26.0745,119.2965,华东,罗源,,定地中蜂,1.48,327.5,22.1,685,21.6,9,4,紫云英,county_simulation
county_year,2017,福建,26.0745,119.2965,华东,罗源,,定地中蜂,1.58,480.4,30.4,619,25.5,7,7,椴树,county_simulation
county_year,2018,福建,26.0745,119.2965,华东,罗源,,定地意蜂,1.45,571.6,39.4,621,23.3,6,6,紫云英,county_simulation
county_year,2019,福建,26.0745,119.2965,华东,罗源,,小转地,1.54,497.4,32.3,632,24.4,10,4,柑橘,county_simulation
county_year,2020,福建,26.0745,119.2965,华东,罗源,,定地中蜂,1.52,959.5,63.1,645,23.6,6,5,枣树,county_simulation
county_year,2021,福建,26.0745,119.2965,华东,罗源,,定地中蜂,1.52,716.5,47.1,642,23.6,5,10,紫云英,county_simulation
county_year,2022,福建,26.0745,119.2965,华东,罗源,,小转地,1.47,699.5,47.6,713,20.6,7,9,紫云英,county_simulation
county_year,2023,福建,26.0745,119.2965,华东,罗源,,定地中蜂,1.48,809.5,54.7,634,23.3,10,3,荔枝,county_simulation
county_year,2024,福建,26.0745,119.2965,华东,罗源,,定地中蜂,1.76,1028.9,58.5,672,26.2,10,4,荆条,county_simulation
county_year,2025,福建,26.0745,119.2965,华东,罗源,,小转地,1.55,982.7,63.4,656,23.6,8,6,柑橘,county_simulation
county_year,2016,福建,26.0745,119.2965,华东,闽清,,大转地意蜂,1.76,1122.8,63.8,656,26.8,2,2,油菜,county_simulation
county_year,2017,福建,26.0745,119.2965,华东,闽清,,大转地意蜂,1.99,450.5,22.6,702,28.3,6,6,枣树,county_simulation
county_year,2018,福建,26.0745,119.2965,华东,闽清,,大转地意蜂,1.79,633.3,35.4,606,29.5,6,10,龙眼,county_simulation
county_year,2019,福建,26.0745,119.2965,华东,闽清,,小转地,1.85,809.5,43.8,662,27.9,5,5,刺槐,county_simulation
county_year,2020,福建,26.0745,119.2965,华东,闽清,,小转地,1.88,1203.7,64.0,943,19.9,7,2,向日葵,county_simulation
county_year,2021,福建,26.0745,119.2965,华东,闽清,,定地中蜂,1.95,937.6,48.1,850,22.9,5,4,刺槐,county_simulation
county_year,2022,福建,26.0745,119.2965,华东,闽清,,大转地意蜂,1.96,828.0,42.2,991,19.8,3,7,椴树,county_simulation
county_year,2023,福建,26.0745,119.2965,华东,闽清,,定地意蜂,1.9,399.0,21.0,947,20.0,8,10,柑橘,county_simulation
county_year,2024,福建,26.0745,119.2965,华东,闽清,,定地意蜂,1.81,1240.1,68.5,630,28.7,6,2,龙眼,county_simulation
county_year,2025,福建,26.0745,119.2965,华东,闽清,,定地中蜂,1.73,605.6,35.0,881,19.6,3,2,枣树,county_simulation
county_year,2016,福建,26.0745,119.2965,华东,永泰,,大转地意蜂,1.94,1308.3,67.4,731,26.5,6,10,椴树,county_simulation
county_year,2017,福建,26.0745,119.2965,华东,永泰,,小转地,2.05,838.2,40.9,714,28.7,6,5,枣树,county_simulation
county_year,2018,福建,26.0745,119.2965,华东,永泰,,大转地意蜂,1.89,1232.5,65.2,634,29.8,8,6,荆条,county_simulation
county_year,2019,福建,26.0745,119.2965,华东,永泰,,定地中蜂,1.97,696.0,35.3,944,20.9,7,6,油菜,county_simulation
county_year,2020,福建,26.0745,119.2965,华东,永泰,,大转地意蜂,1.94,1025.0,52.8,647,29.9,6,9,油菜,county_simulation
county_year,2021,福建,26.0745,119.2965,华东,永泰,,大转地意蜂,1.91,978.1,51.2,642,29.7,5,7,枣树,county_simulation
county_year,2022,福建,26.0745,119.2965,华东,永泰,,定地意蜂,2.07,451.2,21.8,917,22.6,7,6,龙眼,county_simulation
county_year,2023,福建,26.0745,119.2965,华东,永泰,,定地中蜂,2.1,1243.3,59.2,743,28.2,6,3,龙眼,county_simulation
county_year,2024,福建,26.0745,119.2965,华东,永泰,,定地意蜂,2.11,937.7,44.4,856,24.6,2,8,刺槐,county_simulation
county_year,2025,福建,26.0745,119.2965,华东,永泰,,大转地意蜂,2.21,1393.9,63.1,763,29.0,1,3,刺槐,county_simulation
county_year,2016,福建,26.0745,119.2965,华东,平潭,,小转地,0.6,291.6,48.6,319,18.8,2,2,油菜,county_simulation
county_year,2017,福建,26.0745,119.2965,华东,平潭,,大转地意蜂,0.54,200.1,37.1,201,26.8,3,10,椴树,county_simulation
county_year,2018,福建,26.0745,119.2965,华东,平潭,,大转地意蜂,0.56,298.2,53.2,254,22.0,1,3,枣树,county_simulation
county_year,2019,福建,26.0745,119.2965,华东,平潭,,大转地意蜂,0.56,164.0,29.3,192,29.1,1,7,枣树,county_simulation
county_year,2020,福建,26.0745,119.2965,华东,平潭,,小转地,0.58,228.2,39.3,218,26.6,8,4,椴树,county_simulation
county_year,2021,福建,26.0745,119.2965,华东,平潭,,大转地意蜂,0.59,203.0,34.4,291,20.2,8,3,向日葵,county_simulation
county_year,2022,福建,26.0745,119.2965,华东,平潭,,小转地,0.56,167.4,29.9,278,20.1,9,10,枣树,county_simulation
county_year,2023,福建,26.0745,119.2965,华东,平潭,,小转地,0.62,147.5,23.8,234,26.4,6,4,荆条,county_simulation
county_year,2024,福建,26.0745,119.2965,华东,平潭,,定地中蜂,0.59,205.5,34.8,210,28.0,9,5,枣树,county_simulation
county_year,2025,福建,26.0745,119.2965,华东,平潭,,大转地意蜂,0.6,340.6,56.8,215,27.9,5,5,荆条,county_simulation
county_year,2016,福建,26.0745,119.2965,华东,福清,,定地中蜂,0.26,147.3,56.6,117,22.1,2,8,油菜,county_simulation
county_year,2017,福建,26.0745,119.2965,华东,福清,,定地意蜂,0.22,79.0,35.9,84,26.1,10,2,柑橘,county_simulation
county_year,2018,福建,26.0745,119.2965,华东,福清,,定地中蜂,0.25,106.3,42.5,89,28.1,6,8,荔枝,county_simulation
county_year,2019,福建,26.0745,119.2965,华东,福清,,小转地,0.24,167.9,70.0,110,21.8,4,10,荆条,county_simulation
county_year,2020,福建,26.0745,119.2965,华东,福清,,定地中蜂,0.25,108.1,43.2,112,22.2,6,7,椴树,county_simulation
county_year,2021,福建,26.0745,119.2965,华东,福清,,定地中蜂,0.26,71.8,27.6,110,23.6,7,1,荆条,county_simulation
county_year,2022,福建,26.0745,119.2965,华东,福清,,小转地,0.26,165.1,63.5,115,22.6,7,6,油菜,county_simulation
county_year,2023,福建,26.0745,119.2965,华东,福清,,小转地,0.25,163.2,65.3,89,27.8,10,3,枣树,county_simulation
county_year,2024,福建,26.0745,119.2965,华东,福清,,定地意蜂,0.23,63.2,27.5,101,22.7,4,1,椴树,county_simulation
county_year,2025,福建,26.0745,119.2965,华东,福清,,定地意蜂,0.25,169.4,67.8,115,21.6,4,4,椴树,county_simulation
county_year,2016,福建,26.0745,119.2965,华东,长乐,,定地中蜂,1.22,763.5,62.6,525,23.2,1,6,刺槐,county_simulation
county_year,2017,福建,26.0745,119.2965,华东,长乐,,定地意蜂,1.33,583.0,43.8,607,21.9,3,4,向日葵,county_simulation
county_year,2018,福建,26.0745,119.2965,华东,长乐,,大转地意蜂,1.18,481.6,40.8,426,27.6,5,3,龙眼,county_simulation
county_year,2019,福建,26.0745,119.2965,华东,长乐,,大转地意蜂,1.25,518.1,41.4,476,26.2,10,3,向日葵,county_simulation
county_year,2020,福建,26.0745,119.2965,华东,长乐,,小转地,1.27,766.5,60.4,475,26.7,6,10,椴树,county_simulation
county_year,2021,福建,26.0745,119.2965,华东,长乐,,小转地,1.25,510.6,40.9,534,23.4,6,4,龙眼,county_simulation
county_year,2022,福建,26.0745,119.2965,华东,长乐,,定地意蜂,1.31,573.9,43.8,454,28.8,9,6,柑橘,county_simulation
county_year,2023,福建,26.0745,119.2965,华东,长乐,,定地意蜂,1.37,891.8,65.1,519,26.4,10,4,柑橘,county_simulation
county_year,2024,福建,26.0745,119.2965,华东,长乐,,定地中蜂,1.35,438.1,32.5,486,27.8,1,6,向日葵,county_simulation
county_year,2025,福建,26.0745,119.2965,华东,长乐,,定地意蜂,1.48,405.8,27.4,654,22.6,2,9,椴树,county_simulation
county_year,2016,福建,26.0745,119.2965,华东,仙游,,大转地意蜂,0.86,485.0,56.4,292,29.4,8,7,枣树,county_simulation
county_year,2017,福建,26.0745,119.2965,华东,仙游,,大转地意蜂,0.91,247.1,27.2,426,21.3,8,4,枣树,county_simulation
county_year,2018,福建,26.0745,119.2965,华东,仙游,,定地中蜂,0.96,587.9,61.2,437,21.9,9,3,荔枝,county_simulation
county_year,2019,福建,26.0745,119.2965,华东,仙游,,小转地,0.96,342.8,35.7,403,23.8,4,10,柑橘,county_simulation
county_year,2020,福建,26.0745,119.2965,华东,仙游,,小转地,1.0,567.7,56.8,373,26.8,9,9,荔枝,county_simulation
county_year,2021,福建,26.0745,119.2965,华东,仙游,,大转地意蜂,0.99,544.8,55.0,439,22.5,5,5,枣树,county_simulation
county_year,2022,福建,26.0745,119.2965,华东,仙游,,定地中蜂,0.97,510.0,52.6,529,18.3,2,6,椴树,county_simulation
county_year,2023,福建,26.0745,119.2965,华东,仙游,,定地中蜂,1.08,457.2,42.3,361,29.9,9,3,柑橘,county_simulation
county_year,2024,福建,26.0745,119.2965,华东,仙游,,定地中蜂,1.02,681.8,66.8,468,21.8,5,4,柑橘,county_simulation
county_year,2025,福建,26.0745,119.2965,华东,仙游,,大转地意蜂,1.03,272.2,26.4,516,20.0,2,1,龙眼,county_simulation
county_year,2016,福建,26.0745,119.2965,华东,莆田,,大转地意蜂,1.16,649.9,56.0,532,21.8,7,6,紫云英,county_simulation
county_year,2017,福建,26.0745,119.2965,华东,莆田,,定地意蜂,1.2,696.3,58.0,473,25.4,6,10,柑橘,county_simulation
county_year,2018,福建,26.0745,119.2965,华东,莆田,,小转地,1.21,679.3,56.1,501,24.1,8,2,刺槐,county_simulation
county_year,2019,福建,26.0745,119.2965,华东,莆田,,小转地,1.18,332.4,28.2,613,19.2,2,6,龙眼,county_simulation
county_year,2020,福建,26.0745,119.2965,华东,莆田,,定地中蜂,1.17,673.2,57.5,509,23.0,7,9,油菜,county_simulation
county_year,2021,福建,26.0745,119.2965,华东,莆田,,小转地,1.18,469.6,39.8,459,25.7,9,2,枣树,county_simulation
county_year,2022,福建,26.0745,119.2965,华东,莆田,,定地意蜂,1.18,773.7,65.6,608,19.4,4,4,油菜,county_simulation
county_year,2023,福建,26.0745,119.2965,华东,莆田,,小转地,1.23,278.3,22.6,498,24.7,8,1,油菜,county_simulation
county_year,2024,福建,26.0745,119.2965,华东,莆田,,小转地,1.13,312.2,27.6,543,20.8,9,6,龙眼,county_simulation
county_year,2025,福建,26.0745,119.2965,华东,莆田,,定地意蜂,1.18,469.5,39.8,460,25.6,8,1,紫云英,county_simulation
county_year,2016,福建,26.0745,119.2965,华东,明溪,,定地中蜂,1.24,377.5,30.4,494,25.1,1,6,刺槐,county_simulation
county_year,2017,福建,26.0745,119.2965,华东,明溪,,小转地,1.11,720.7,64.9,495,22.4,7,4,荆条,county_simulation
county_year,2018,福建,26.0745,119.2965,华东,明溪,,定地意蜂,1.13,646.5,57.2,389,29.0,5,9,龙眼,county_simulation
county_year,2019,福建,26.0745,119.2965,华东,明溪,,定地意蜂,1.15,345.9,30.1,577,19.9,6,4,龙眼,county_simulation
county_year,2020,福建,26.0745,119.2965,华东,明溪,,定地中蜂,1.16,609.3,52.5,510,22.7,1,8,柑橘,county_simulation
county_year,2021,福建,26.0745,119.2965,华东,明溪,,小转地,1.21,707.9,58.5,464,26.1,3,2,油菜,county_simulation
county_year,2022,福建,26.0745,119.2965,华东,明溪,,小转地,1.17,779.9,66.7,606,19.3,4,10,荔枝,county_simulation
county_year,2023,福建,26.0745,119.2965,华东,明溪,,定地意蜂,1.27,817.0,64.3,486,26.1,6,8,油菜,county_simulation
county_year,2024,福建,26.0745,119.2965,华东,明溪,,定地意蜂,1.25,806.4,64.5,602,20.8,4,9,油菜,county_simulation
county_year,2025,福建,26.0745,119.2965,华东,明溪,,定地意蜂,1.15,334.0,29.0,558,20.6,4,8,紫云英,county_simulation
county_year,2016,福建,26.0745,119.2965,华东,清流,,定地中蜂,1.44,830.8,57.7,634,22.7,8,9,柑橘,county_simulation
county_year,2017,福建,26.0745,119.2965,华东,清流,,小转地,1.49,936.7,62.9,499,29.8,2,10,刺槐,county_simulation
county_year,2018,福建,26.0745,119.2965,华东,清流,,大转地意蜂,1.38,703.3,51.0,488,28.2,5,1,荔枝,county_simulation
county_year,2019,福建,26.0745,119.2965,华东,清流,,大转地意蜂,1.47,1000.5,68.1,549,26.7,1,6,枣树,county_simulation
county_year,2020,福建,26.0745,119.2965,华东,清流,,定地意蜂,1.48,845.0,57.1,499,29.7,2,5,紫云英,county_simulation
county_year,2021,福建,26.0745,119.2965,华东,清流,,大转地意蜂,1.51,328.4,21.7,700,21.6,5,3,荔枝,county_simulation
county_year,2022,福建,26.0745,119.2965,华东,清流,,小转地,1.5,1037.5,69.2,513,29.2,2,1,椴树,county_simulation
county_year,2023,福建,26.0745,119.2965,华东,清流,,定地中蜂,1.44,809.9,56.2,744,19.4,10,9,荔枝,county_simulation
county_year,2024,福建,26.0745,119.2965,华东,清流,,小转地,1.46,642.2,44.0,552,26.4,4,2,紫云英,county_simulation
county_year,2025,福建,26.0745,119.2965,华东,清流,,定地中蜂,1.63,731.4,44.9,887,18.4,7,3,油菜,county_simulation
county_year,2016,福建,26.0745,119.2965,华东,宁化,,定地意蜂,1.3,760.2,58.5,693,18.8,5,8,枣树,county_simulation
county_year,2017,福建,26.0745,119.2965,华东,宁化,,小转地,1.11,372.9,33.6,606,18.3,4,8,油菜,county_simulation
county_year,2018,福建,26.0745,119.2965,华东,宁化,,定地中蜂,1.11,534.6,48.2,599,18.5,9,8,枣树,county_simulation
county_year,2019,福建,26.0745,119.2965,华东,宁化,,大转地意蜂,1.18,405.0,34.3,438,26.9,10,6,椴树,county_simulation
county_year,2020,福建,26.0745,119.2965,华东,宁化,,定地意蜂,1.21,467.8,38.7,493,24.5,9,9,荆条,county_simulation
county_year,2021,福建,26.0745,119.2965,华东,宁化,,定地中蜂,1.21,488.2,40.4,471,25.7,6,8,龙眼,county_simulation
county_year,2022,福建,26.0745,119.2965,华东,宁化,,定地中蜂,1.27,681.1,53.6,642,19.8,9,7,龙眼,county_simulation
county_year,2023,福建,26.0745,119.2965,华东,宁化,,小转地,1.35,440.9,32.7,709,19.0,6,6,椴树,county_simulation
county_year,2024,福建,26.0745,119.2965,华东,宁化,,大转地意蜂,1.25,675.2,54.0,510,24.5,6,9,荆条,county_simulation
county_year,2025,福建,26.0745,119.2965,华东,宁化,,小转地,1.31,807.0,61.6,535,24.5,10,3,枣树,county_simulation
county_year,2016,福建,26.0745,119.2965,华东,大田,,大转地意蜂,1.65,1056.6,64.0,591,27.9,9,2,柑橘,county_simulation
county_year,2017,福建,26.0745,119.2965,华东,大田,,小转地,1.78,947.5,53.2,609,29.2,4,6,椴树,county_simulation
county_year,2018,福建,26.0745,119.2965,华东,大田,,定地中蜂,1.72,1029.3,59.8,642,26.8,9,7,枣树,county_simulation
county_year,2019,福建,26.0745,119.2965,华东,大田,,大转地意蜂,1.65,897.4,54.4,611,27.0,4,8,荆条,county_simulation
county_year,2020,福建,26.0745,119.2965,华东,大田,,大转地意蜂,1.68,494.2,29.4,584,28.7,9,2,椴树,county_simulation
county_year,2021,福建,26.0745,119.2965,华东,大田,,小转地,1.66,1120.6,67.5,879,18.9,7,5,枣树,county_simulation
county_year,2022,福建,26.0745,119.2965,华东,大田,,大转地意蜂,1.72,1044.5,60.7,897,19.2,1,1,荔枝,county_simulation
county_year,2023,福建,26.0745,119.2965,华东,大田,,大转地意蜂,1.61,946.7,58.8,795,20.2,2,5,椴树,county_simulation
county_year,2024,福建,26.0745,119.2965,华东,大田,,定地中蜂,1.93,731.0,37.9,836,23.1,1,10,荔枝,county_simulation
county_year,2025,福建,26.0745,119.2965,华东,大田,,定地中蜂,1.68,591.2,35.2,746,22.5,10,10,油菜,county_simulation
county_year,2016,福建,26.0745,119.2965,华东,尤溪,,定地意蜂,1.19,447.1,37.6,495,24.0,8,7,向日葵,county_simulation
county_year,2017,福建,26.0745,119.2965,华东,尤溪,,定地意蜂,1.29,636.7,49.4,559,23.1,8,1,紫云英,county_simulation
county_year,2018,福建,26.0745,119.2965,华东,尤溪,,定地中蜂,1.45,946.8,65.3,607,23.8,5,9,刺槐,county_simulation
county_year,2019,福建,26.0745,119.2965,华东,尤溪,,大转地意蜂,1.43,797.7,55.8,535,26.7,8,7,龙眼,county_simulation
county_year,2020,福建,26.0745,119.2965,华东,尤溪,,定地意蜂,1.4,304.0,21.7,469,29.8,9,8,枣树,county_simulation
county_year,2021,福建,26.0745,119.2965,华东,尤溪,,大转地意蜂,1.43,774.9,54.2,747,19.1,9,8,刺槐,county_simulation
county_year,2022,福建,26.0745,119.2965,华东,尤溪,,定地中蜂,1.43,784.4,54.9,607,23.6,9,1,荔枝,county_simulation
county_year,2023,福建,26.0745,119.2965,华东,尤溪,,定地中蜂,1.47,655.0,44.6,557,26.4,5,3,油菜,county_simulation
county_year,2024,福建,26.0745,119.2965,华东,尤溪,,小转地,1.39,354.2,25.5,632,22.0,2,4,椴树,county_simulation
county_year,2025,福建,26.0745,119.2965,华东,尤溪,,小转地,1.47,864.2,58.8,813,18.1,7,1,荔枝,county_simulation
county_year,2016,福建,26.0745,119.2965,华东,沙县,,小转地,0.47,292.7,62.3,179,26.2,8,2,刺槐,county_simulation
county_year,2017,福建,26.0745,119.2965,华东,沙县,,大转地意蜂,0.48,330.9,68.9,245,19.6,8,8,龙眼,county_simulation
county_year,2018,福建,26.0745,119.2965,华东,沙县,,定地意蜂,0.44,243.8,55.4,189,23.2,9,2,紫云英,county_simulation
county_year,2019,福建,26.0745,119.2965,华东,沙县,,定地中蜂,0.47,225.0,47.9,220,21.3,2,2,刺槐,county_simulation
county_year,2020,福建,26.0745,119.2965,华东,沙县,,定地中蜂,0.47,178.0,37.9,159,29.4,9,4,荆条,county_simulation
county_year,2021,福建,26.0745,119.2965,华东,沙县,,小转地,0.46,223.2,48.5,230,19.9,8,9,龙眼,county_simulation
county_year,2022,福建,26.0745,119.2965,华东,沙县,,小转地,0.48,329.0,68.5,202,23.7,10,7,刺槐,county_simulation
county_year,2023,福建,26.0745,119.2965,华东,沙县,,小转地,0.49,134.1,27.4,235,20.8,7,1,龙眼,county_simulation
county_year,2024,福建,26.0745,119.2965,华东,沙县,,定地意蜂,0.44,112.8,25.6,160,27.5,10,9,油菜,county_simulation
county_year,2025,福建,26.0745,119.2965,华东,沙县,,小转地,0.47,169.1,36.0,169,27.7,8,4,枣树,county_simulation
county_year,2016,福建,26.0745,119.2965,华东,将乐,,大转地意蜂,1.33,380.7,28.6,646,20.6,3,3,向日葵,county_simulation
county_year,2017,福建,26.0745,119.2965,华东,将乐,,大转地意蜂,1.42,623.2,43.9,523,27.1,10,3,枣树,county_simulation
county_year,2018,福建,26.0745,119.2965,华东,将乐,,小转地,1.33,682.0,51.3,579,23.0,5,7,油菜,county_simulation
county_year,2019,福建,26.0745,119.2965,华东,将乐,,定地中蜂,1.34,482.7,36.0,723,18.5,1,4,龙眼,county_simulation
county_year,2020,福建,26.0745,119.2965,华东,将乐,,小转地,1.38,874.2,63.3,545,25.3,8,10,向日葵,county_simulation
county_year,2021,福建,26.0745,119.2965,华东,将乐,,小转地,1.42,820.4,57.8,551,25.8,4,10,向日葵,county_simulation
county_year,2022,福建,26.0745,119.2965,华东,将乐,,大转地意蜂,1.37,570.4,41.6,502,27.3,7,2,向日葵,county_simulation
county_year,2023,福建,26.0745,119.2965,华东,将乐,,大转地意蜂,1.31,357.3,27.3,456,28.7,6,5,紫云英,county_simulation
county_year,2024,福建,26.0745,119.2965,华东,将乐,,定地意蜂,1.36,942.9,69.3,527,25.8,5,9,柑橘,county_simulation
county_year,2025,福建,26.0745,119.2965,华东,将乐,,定地中蜂,1.37,923.7,67.4,631,21.7,7,10,向日葵,county_simulation
county_year,2016,福建,26.0745,119.2965,华东,泰宁,,定地中蜂,1.74,847.4,48.7,670,25.9,6,2,椴树,county_simulation
county_year,2017,福建,26.0745,119.2965,华东,泰宁,,大转地意蜂,1.65,838.5,50.8,676,24.4,5,5,荔枝,county_simulation
county_year,2018,福建,26.0745,119.2965,华东,泰宁,,定地意蜂,1.74,546.2,31.4,692,25.1,4,10,枣树,county_simulation
county_year,2019,福建,26.0745,119.2965,华东,泰宁,,定地中蜂,1.86,1139.9,61.3,858,21.7,5,5,柑橘,county_simulation
county_year,2020,福建,26.0745,119.2965,华东,泰宁,,小转地,1.86,1086.5,58.4,717,25.9,5,4,龙眼,county_simulation
county_year,2021,福建,26.0745,119.2965,华东,泰宁,,定地中蜂,1.91,577.3,30.2,775,24.6,10,9,荆条,county_simulation
county_year,2022,福建,26.0745,119.2965,华东,泰宁,,小转地,1.82,629.2,34.6,682,26.7,4,10,龙眼,county_simulation
county_year,2023,福建,26.0745,119.2965,华东,泰宁,,小转地,1.81,811.7,44.8,702,25.8,7,8,荔枝,county_simulation
county_year,2024,福建,26.0745,119.2965,华东,泰宁,,定地意蜂,2.13,789.6,37.1,906,23.5,10,2,荔枝,county_simulation
county_year,2025,福建,26.0745,119.2965,华东,泰宁,,定地中蜂,1.75,831.8,47.5,777,22.5,1,2,枣树,county_simulation
county_year,2016,福建,26.0745,119.2965,华东,建宁,,定地意蜂,1.69,1127.9,66.7,705,23.9,9,10,紫云英,county_simulation
county_year,2017,福建,26.0745,119.2965,华东,建宁,,定地中蜂,1.69,699.4,41.4,908,18.6,10,2,椴树,county_simulation
county_year,2018,福建,26.0745,119.2965,华东,建宁,,大转地意蜂,1.63,439.9,27.0,749,21.8,6,1,油菜,county_simulation
county_year,2019,福建,26.0745,119.2965,华东,建宁,,定地意蜂,1.6,758.8,47.4,750,21.3,3,2,紫云英,county_simulation
county_year,2020,福建,26.0745,119.2965,华东,建宁,,大转地意蜂,1.65,797.4,48.3,574,28.7,2,6,柑橘,county_simulation
county_year,2021,福建,26.0745,119.2965,华东,建宁,,小转地,1.69,541.4,32.0,789,21.4,10,10,柑橘,county_simulation
county_year,2022,福建,26.0745,119.2965,华东,建宁,,小转地,1.74,655.6,37.7,597,29.1,3,1,向日葵,county_simulation
county_year,2023,福建,26.0745,119.2965,华东,建宁,,定地中蜂,1.73,494.6,28.6,637,27.1,4,9,柑橘,county_simulation
county_year,2024,福建,26.0745,119.2965,华东,建宁,,定地意蜂,1.53,743.0,48.6,767,19.9,8,2,刺槐,county_simulation
county_year,2025,福建,26.0745,119.2965,华东,建宁,,小转地,1.61,516.8,32.1,703,22.9,3,4,荔枝,county_simulation
county_year,2016,福建,26.0745,119.2965,华东,永春,,定地中蜂,0.34,166.5,49.0,156,21.7,8,4,枣树,county_simulation
county_year,2017,福建,26.0745,119.2965,华东,永春,,定地中蜂,0.34,189.1,55.6,179,19.0,3,7,柑橘,county_simulation
county_year,2018,福建,26.0745,119.2965,华东,永春,,小转地,0.31,180.6,58.3,169,18.3,8,7,向日葵,county_simulation
county_year,2019,福建,26.0745,119.2965,华东,永春,,定地中蜂,0.33,149.7,45.4,180,18.2,8,10,枣树,county_simulation
county_year,2020,福建,26.0745,119.2965,华东,永春,,定地中蜂,0.33,165.2,50.0,124,26.4,3,7,枣树,county_simulation
county_year,2021,福建,26.0745,119.2965,华东,永春,,定地意蜂,0.33,111.2,33.7,148,22.2,4,7,柑橘,county_simulation
county_year,2022,福建,26.0745,119.2965,华东,永春,,小转地,0.35,190.1,54.3,118,29.5,2,8,油菜,county_simulation
county_year,2023,福建,26.0745,119.2965,华东,永春,,定地中蜂,0.33,128.9,39.0,149,22.1,7,8,紫云英,county_simulation
county_year,2024,福建,26.0745,119.2965,华东,永春,,定地意蜂,0.31,97.4,31.4,147,21.1,5,8,荆条,county_simulation
county_year,2025,福建,26.0745,119.2965,华东,永春,,小转地,0.31,162.0,52.3,109,28.2,1,7,龙眼,county_simulation
county_year,2016,湖北,30.5928,114.3055,华中,黄陂,,大转地意蜂,0.21,58.7,27.9,79,26.5,5,2,向日葵,county_simulation
county_year,2017,湖北,30.5928,114.3055,华中,黄陂,,定地中蜂,0.19,65.8,34.7,81,23.4,5,3,枣树,county_simulation
county_year,2018,湖北,30.5928,114.3055,华中,黄陂,,大转地意蜂,0.21,49.0,23.3,105,20.0,10,1,柑橘,county_simulation
county_year,2019,湖北,30.5928,114.3055,华中,黄陂,,小转地,0.2,135.4,67.7,72,27.4,5,9,椴树,county_simulation
county_year,2020,湖北,30.5928,114.3055,华中,黄陂,,小转地,0.21,66.8,31.8,73,28.7,10,2,刺槐,county_simulation
county_year,2021,湖北,30.5928,114.3055,华中,黄陂,,大转地意蜂,0.21,124.2,59.2,98,21.2,8,9,龙眼,county_simulation
county_year,2022,湖北,30.5928,114.3055,华中,黄陂,,小转地,0.22,146.5,66.6,110,19.8,1,6,荆条,county_simulation
county_year,2023,湖北,30.5928,114.3055,华中,黄陂,,大转地意蜂,0.23,48.4,21.0,95,24.2,7,3,荆条,county_simulation
county_year,2024,湖北,30.5928,114.3055,华中,黄陂,,定地意蜂,0.19,50.6,26.6,95,19.9,10,5,椴树,county_simulation
county_year,2025,湖北,30.5928,114.3055,华中,黄陂,,小转地,0.2,51.0,25.5,99,20.1,3,10,油菜,county_simulation
county_year,2016,湖北,30.5928,114.3055,华中,新洲,,定地中蜂,0.24,103.3,43.0,133,18.0,7,9,向日葵,county_simulation
county_year,2017,湖北,30.5928,114.3055,华中,新洲,,定地意蜂,0.23,99.7,43.3,80,28.7,10,10,紫云英,county_simulation
county_year,2018,湖北,30.5928,114.3055,华中,新洲,,定地中蜂,0.23,92.9,40.4,94,24.3,3,1,枣树,county_simulation
county_year,2019,湖北,30.5928,114.3055,华中,新洲,,大转地意蜂,0.25,155.2,62.1,83,29.9,10,7,紫云英,county_simulation
county_year,2020,湖北,30.5928,114.3055,华中,新洲,,小转地,0.24,85.7,35.7,106,22.5,1,4,紫云英,county_simulation
county_year,2021,湖北,30.5928,114.3055,华中,新洲,,小转地,0.25,106.2,42.5,92,27.0,5,7,枣树,county_simulation
county_year,2022,湖北,30.5928,114.3055,华中,新洲,,定地意蜂,0.24,156.4,65.2,83,28.8,8,7,椴树,county_simulation
county_year,2023,湖北,30.5928,114.3055,华中,新洲,,小转地,0.26,78.6,30.2,115,22.5,7,1,枣树,county_simulation
county_year,2024,湖北,30.5928,114.3055,华中,新洲,,定地意蜂,0.28,185.2,66.1,97,28.8,6,1,龙眼,county_simulation
county_year,2025,湖北,30.5928,114.3055,华中,新洲,,定地中蜂,0.25,131.7,52.7,110,22.6,2,10,荔枝,county_simulation
county_year,2016,湖北,30.5928,114.3055,华中,蔡甸,,定地中蜂,0.74,493.6,66.7,311,23.7,2,6,龙眼,county_simulation
county_year,2017,湖北,30.5928,114.3055,华中,蔡甸,,大转地意蜂,0.79,223.5,28.3,271,29.1,3,9,荔枝,county_simulation
county_year,2018,湖北,30.5928,114.3055,华中,蔡甸,,定地意蜂,0.79,407.1,51.5,327,24.1,1,8,紫云英,county_simulation
county_year,2019,湖北,30.5928,114.3055,华中,蔡甸,,定地意蜂,0.77,287.6,37.3,303,25.4,5,6,油菜,county_simulation
county_year,2020,湖北,30.5928,114.3055,华中,蔡甸,,定地中蜂,0.77,494.2,64.2,307,25.0,7,9,油菜,county_simulation
county_year,2021,湖北,30.5928,114.3055,华中,蔡甸,,大转地意蜂,0.78,448.1,57.4,317,24.6,3,7,龙眼,county_simulation
county_year,2022,湖北,30.5928,114.3055,华中,蔡甸,,定地意蜂,0.8,449.0,56.1,343,23.3,3,3,枣树,county_simulation
county_year,2023,湖北,30.5928,114.3055,华中,蔡甸,,大转地意蜂,0.73,290.0,39.7,322,22.6,1,5,油菜,county_simulation
county_year,2024,湖北,30.5928,114.3055,华中,蔡甸,,定地中蜂,0.88,426.5,48.5,432,20.3,3,7,向日葵,county_simulation
county_year,2025,湖北,30.5928,114.3055,华中,蔡甸,,大转地意蜂,0.82,250.4,30.5,274,29.9,3,1,荔枝,county_simulation
county_year,2016,湖北,30.5928,114.3055,华中,江夏,,小转地,1.29,848.3,65.8,625,20.6,8,2,刺槐,county_simulation
county_year,2017,湖北,30.5928,114.3055,华中,江夏,,定地意蜂,1.36,505.1,37.1,490,27.7,8,5,柑橘,county_simulation
county_year,2018,湖北,30.5928,114.3055,华中,江夏,,定地意蜂,1.41,856.1,60.7,491,28.7,6,9,荆条,county_simulation
county_year,2019,湖北,30.5928,114.3055,华中,江夏,,定地意蜂,1.42,702.7,49.5,506,28.0,10,4,枣树,county_simulation
county_year,2020,湖北,30.5928,114.3055,华中,江夏,,定地意蜂,1.45,487.3,33.6,624,23.2,8,7,油菜,county_simulation
county_year,2021,湖北,30.5928,114.3055,华中,江夏,,大转地意蜂,1.5,947.3,63.2,694,21.6,3,9,枣树,county_simulation
county_year,2022,湖北,30.5928,114.3055,华中,江夏,,定地中蜂,1.54,1044.3,67.8,746,20.6,3,2,向日葵,county_simulation
county_year,2023,湖北,30.5928,114.3055,华中,江夏,,定地意蜂,1.49,595.9,40.0,649,23.0,5,2,枣树,county_simulation
county_year,2024,湖北,30.5928,114.3055,华中,江夏,,大转地意蜂,1.39,923.2,66.4,584,23.8,6,1,紫云英,county_simulation
county_year,2025,湖北,30.5928,114.3055,华中,江夏,,大转地意蜂,1.48,602.5,40.7,638,23.2,6,6,刺槐,county_simulation
county_year,2016,湖北,30.5928,114.3055,华中,东西湖,,定地中蜂,0.66,438.2,66.4,220,30.0,10,4,紫云英,county_simulation
county_year,2017,湖北,30.5928,114.3055,华中,东西湖,,小转地,0.67,215.5,32.2,321,20.8,6,3,柑橘,county_simulation
county_year,2018,湖北,30.5928,114.3055,华中,东西湖,,大转地意蜂,0.68,164.2,24.1,301,22.5,2,1,荆条,county_simulation
county_year,2019,湖北,30.5928,114.3055,华中,东西湖,,小转地,0.67,164.9,24.6,280,23.9,1,1,椴树,county_simulation
county_year,2020,湖北,30.5928,114.3055,华中,东西湖,,定地意蜂,0.68,470.5,69.2,346,19.6,6,10,刺槐,county_simulation
county_year,2021,湖北,30.5928,114.3055,华中,东西湖,,大转地意蜂,0.67,244.6,36.5,233,28.7,10,2,油菜,county_simulation
county_year,2022,湖北,30.5928,114.3055,华中,东西湖,,小转地,0.71,210.2,29.6,254,27.9,7,8,刺槐,county_simulation
county_year,2023,湖北,30.5928,114.3055,华中,东西湖,,大转地意蜂,0.67,414.3,61.8,311,21.5,10,5,荆条,county_simulation
county_year,2024,湖北,30.5928,114.3055,华中,东西湖,,大转地意蜂,0.64,211.2,33.0,253,25.3,8,10,枣树,county_simulation
county_year,2025,湖北,30.5928,114.3055,华中,东西湖,,小转地,0.76,475.8,62.6,413,18.4,8,8,龙眼,county_simulation
county_year,2016,湖北,30.5928,114.3055,华中,汉南,,定地中蜂,1.87,1135.7,60.7,723,25.8,4,5,龙眼,county_simulation
county_year,2017,湖北,30.5928,114.3055,华中,汉南,,大转地意蜂,1.9,1048.1,55.2,807,23.5,2,1,柑橘,county_simulation
county_year,2018,湖北,30.5928,114.3055,华中,汉南,,小转地,1.74,1216.5,69.9,880,19.8,3,2,荔枝,county_simulation
county_year,2019,湖北,30.5928,114.3055,华中,汉南,,定地中蜂,1.81,886.2,49.0,689,26.3,7,7,刺槐,county_simulation
county_year,2020,湖北,30.5928,114.3055,华中,汉南,,定地意蜂,1.86,996.6,53.6,714,26.0,4,8,油菜,county_simulation
county_year,2021,湖北,30.5928,114.3055,华中,汉南,,大转地意蜂,1.86,692.9,37.3,819,22.7,1,5,紫云英,county_simulation
county_year,2022,湖北,30.5928,114.3055,华中,汉南,,定地中蜂,1.82,963.1,52.9,759,24.0,6,8,荆条,county_simulation
county_year,2023,湖北,30.5928,114.3055,华中,汉南,,定地意蜂,2.02,1118.5,55.4,749,26.9,10,3,油菜,county_simulation
county_year,2024,湖北,30.5928,114.3055,华中,汉南,,大转地意蜂,2.09,679.9,32.5,1046,20.0,8,6,荆条,county_simulation
county_year,2025,湖北,30.5928,114.3055,华中,汉南,,定地中蜂,1.69,771.3,45.6,858,19.7,5,4,荆条,county_simulation
county_year,2016,湖北,30.5928,114.3055,华中,大冶,,定地意蜂,0.79,439.0,55.6,308,25.6,6,1,刺槐,county_simulation
county_year,2017,湖北,30.5928,114.3055,华中,大冶,,小转地,0.86,387.5,45.1,308,27.9,3,6,向日葵,county_simulation
county_year,2018,湖北,30.5928,114.3055,华中,大冶,,小转地,0.89,413.3,46.4,392,22.7,7,1,椴树,county_simulation
county_year,2019,湖北,30.5928,114.3055,华中,大冶,,定地中蜂,0.85,293.3,34.5,338,25.1,1,5,龙眼,county_simulation
county_year,2020,湖北,30.5928,114.3055,华中,大冶,,大转地意蜂,0.88,600.6,68.3,350,25.1,8,7,椴树,county_simulation
county_year,2021,湖北,30.5928,114.3055,华中,大冶,,定地意蜂,0.91,287.1,31.5,359,25.3,10,4,椴树,county_simulation
county_year,2022,湖北,30.5928,114.3055,华中,大冶,,小转地,0.88,551.0,62.6,306,28.7,10,5,紫云英,county_simulation
county_year,2023,湖北,30.5928,114.3055,华中,大冶,,定地中蜂,0.87,191.6,22.0,357,24.4,4,7,油菜,county_simulation
county_year,2024,湖北,30.5928,114.3055,华中,大冶,,定地意蜂,0.9,541.1,60.1,305,29.5,9,9,紫云英,county_simulation
county_year,2025,湖北,30.5928,114.3055,华中,大冶,,定地意蜂,0.8,453.1,56.6,281,28.4,10,1,椴树,county_simulation
county_year,2016,湖北,30.5928,114.3055,华中,阳新,,大转地意蜂,1.98,680.7,34.4,763,25.9,4,7,向日葵,county_simulation
county_year,2017,湖北,30.5928,114.3055,华中,阳新,,大转地意蜂,1.79,945.2,52.8,889,20.1,7,2,龙眼,county_simulation
county_year,2018,湖北,30.5928,114.3055,华中,阳新,,小转地,1.85,389.1,21.0,630,29.4,5,3,荔枝,county_simulation
county_year,2019,湖北,30.5928,114.3055,华中,阳新,,小转地,1.88,1227.6,65.3,817,23.0,3,6,刺槐,county_simulation
county_year,2020,湖北,30.5928,114.3055,华中,阳新,,大转地意蜂,1.92,1342.0,69.9,894,21.5,2,3,刺槐,county_simulation
county_year,2021,湖北,30.5928,114.3055,华中,阳新,,定地意蜂,1.98,633.2,32.0,1097,18.0,3,2,椴树,county_simulation
county_year,2022,湖北,30.5928,114.3055,华中,阳新,,定地中蜂,1.92,1185.8,61.8,799,24.0,9,2,椴树,county_simulation
county_year,2023,湖北,30.5928,114.3055,华中,阳新,,大转地意蜂,2.04,492.9,24.2,955,21.3,6,3,紫云英,county_simulation
county_year,2024,湖北,30.5928,114.3055,华中,阳新,,大转地意蜂,2.14,695.8,32.5,871,24.5,10,2,刺槐,county_simulation
county_year,2025,湖北,30.5928,114.3055,华中,阳新,,小转地,1.83,843.7,46.1,827,22.1,8,6,油菜,county_simulation
county_year,2016,湖北,30.5928,114.3055,华中,丹江口,,定地中蜂,0.73,183.8,25.2,269,27.1,4,3,枣树,county_simulation
county_year,2017,湖北,30.5928,114.3055,华中,丹江口,,大转地意蜂,0.7,345.2,49.3,294,23.8,4,8,向日葵,county_simulation
county_year,2018,湖北,30.5928,114.3055,华中,丹江口,,小转地,0.7,364.9,52.1,309,22.6,1,1,椴树,county_simulation
county_year,2019,湖北,30.5928,114.3055,华中,丹江口,,定地意蜂,0.75,156.4,20.9,301,24.9,6,7,油菜,county_simulation
county_year,2020,湖北,30.5928,114.3055,华中,丹江口,,大转地意蜂,0.74,179.5,24.3,261,28.3,10,9,向日葵,county_simulation
county_year,2021,湖北,30.5928,114.3055,华中,丹江口,,定地意蜂,0.76,331.9,43.7,302,25.1,2,10,油菜,county_simulation
county_year,2022,湖北,30.5928,114.3055,华中,丹江口,,定地中蜂,0.78,252.0,32.3,304,25.7,5,1,刺槐,county_simulation
county_year,2023,湖北,30.5928,114.3055,华中,丹江口,,小转地,0.7,477.4,68.2,324,21.6,5,7,荆条,county_simulation
county_year,2024,湖北,30.5928,114.3055,华中,丹江口,,定地意蜂,0.73,504.2,69.1,258,28.2,2,8,荔枝,county_simulation
county_year,2025,湖北,30.5928,114.3055,华中,丹江口,,定地意蜂,0.83,176.9,21.3,362,22.9,6,3,刺槐,county_simulation
county_year,2016,湖北,30.5928,114.3055,华中,郧阳,,定地意蜂,1.46,913.6,62.6,578,25.2,2,2,荔枝,county_simulation
county_year,2017,湖北,30.5928,114.3055,华中,郧阳,,小转地,1.57,411.1,26.2,719,21.8,10,2,枣树,county_simulation
county_year,2018,湖北,30.5928,114.3055,华中,郧阳,,大转地意蜂,1.76,1021.4,58.0,809,21.7,9,10,向日葵,county_simulation
county_year,2019,湖北,30.5928,114.3055,华中,郧阳,,定地中蜂,1.71,596.4,34.9,694,24.6,1,5,紫云英,county_simulation
county_year,2020,湖北,30.5928,114.3055,华中,郧阳,,小转地,1.71,975.6,57.1,777,22.0,2,2,柑橘,county_simulation
county_year,2021,湖北,30.5928,114.3055,华中,郧阳,,定地意蜂,1.67,369.5,22.1,581,28.7,7,9,刺槐,county_simulation
county_year,2022,湖北,30.5928,114.3055,华中,郧阳,,小转地,1.69,812.2,48.1,673,25.1,2,6,荆条,county_simulation
county_year,2023,湖北,30.5928,114.3055,华中,郧阳,,大转地意蜂,1.66,913.6,55.0,572,29.0,1,8,枣树,county_simulation
county_year,2024,湖北,30.5928,114.3055,华中,郧阳,,小转地,1.87,1063.9,56.9,957,19.5,7,1,向日葵,county_simulation
county_year,2025,湖北,30.5928,114.3055,华中,郧阳,,小转地,1.98,1118.6,56.5,794,24.9,8,9,枣树,county_simulation
county_year,2016,湖北,30.5928,114.3055,华中,郧西,,定地意蜂,0.24,71.1,29.6,92,26.0,6,3,紫云英,county_simulation
county_year,2017,湖北,30.5928,114.3055,华中,郧西,,定地意蜂,0.2,97.8,48.9,87,22.9,4,10,刺槐,county_simulation
county_year,2018,湖北,30.5928,114.3055,华中,郧西,,大转地意蜂,0.22,110.6,50.3,104,21.1,2,7,柑橘,county_simulation
county_year,2019,湖北,30.5928,114.3055,华中,郧西,,小转地,0.23,60.7,26.4,109,21.0,10,2,枣树,county_simulation
county_year,2020,湖北,30.5928,114.3055,华中,郧西,,大转地意蜂,0.23,160.8,69.9,124,18.5,2,7,荆条,county_simulation
county_year,2021,湖北,30.5928,114.3055,华中,郧西,,大转地意蜂,0.24,61.5,25.6,112,21.3,4,2,油菜,county_simulation
county_year,2022,湖北,30.5928,114.3055,华中,郧西,,小转地,0.23,97.4,42.4,104,22.1,2,6,龙眼,county_simulation
county_year,2023,湖北,30.5928,114.3055,华中,郧西,,定地意蜂,0.26,119.5,45.9,115,22.5,8,4,荆条,county_simulation
county_year,2024,湖北,30.5928,114.3055,华中,郧西,,小转地,0.22,139.7,63.5,98,22.2,8,8,荔枝,county_simulation
county_year,2025,湖北,30.5928,114.3055,华中,郧西,,小转地,0.24,100.0,41.7,114,21.0,1,1,椴树,county_simulation
county_year,2016,湖北,30.5928,114.3055,华中,竹山,,定地意蜂,1.11,381.4,34.4,574,19.3,5,3,紫云英,county_simulation
county_year,2017,湖北,30.5928,114.3055,华中,竹山,,大转地意蜂,0.99,575.5,58.1,418,23.7,10,8,龙眼,county_simulation
county_year,2018,湖北,30.5928,114.3055,华中,竹山,,定地意蜂,1.08,324.5,30.0,521,20.7,8,7,荔枝,county_simulation
county_year,2019,湖北,30.5928,114.3055,华中,竹山,,大转地意蜂,1.09,711.1,65.2,527,20.6,4,8,紫云英,county_simulation
county_year,2020,湖北,30.5928,114.3055,华中,竹山,,小转地,1.08,491.2,45.5,367,29.4,2,5,龙眼,county_simulation
county_year,2021,湖北,30.5928,114.3055,华中,竹山,,定地意蜂,1.09,366.1,33.6,414,26.3,7,1,刺槐,county_simulation
county_year,2022,湖北,30.5928,114.3055,华中,竹山,,定地意蜂,1.11,355.9,32.1,387,28.6,5,4,向日葵,county_simulation
county_year,2023,湖北,30.5928,114.3055,华中,竹山,,小转地,1.18,781.4,66.2,474,24.9,8,9,油菜,county_simulation
county_year,2024,湖北,30.5928,114.3055,华中,竹山,,定地中蜂,1.03,601.8,58.4,564,18.2,10,6,油菜,county_simulation
county_year,2025,湖北,30.5928,114.3055,华中,竹山,,定地中蜂,1.12,634.3,56.6,553,20.2,5,5,柑橘,county_simulation
county_year,2016,湖北,30.5928,114.3055,华中,竹溪,,定地意蜂,0.48,240.4,50.1,170,28.1,2,7,椴树,county_simulation
county_year,2017,湖北,30.5928,114.3055,华中,竹溪,,定地意蜂,0.46,166.7,36.2,160,28.7,6,8,枣树,county_simulation
county_year,2018,湖北,30.5928,114.3055,华中,竹溪,,大转地意蜂,0.47,195.2,41.5,196,23.9,2,2,柑橘,county_simulation
county_year,2019,湖北,30.5928,114.3055,华中,竹溪,,小转地,0.47,297.6,63.3,226,20.8,8,7,向日葵,county_simulation
county_year,2020,湖北,30.5928,114.3055,华中,竹溪,,定地中蜂,0.49,264.8,54.0,259,18.9,3,4,枣树,county_simulation
county_year,2021,湖北,30.5928,114.3055,华中,竹溪,,定地中蜂,0.48,157.5,32.8,250,19.2,2,5,柑橘,county_simulation
county_year,2022,湖北,30.5928,114.3055,华中,竹溪,,小转地,0.52,128.3,24.7,181,28.7,10,2,刺槐,county_simulation
county_year,2023,湖北,30.5928,114.3055,华中,竹溪,,小转地,0.53,248.3,46.8,192,27.5,1,8,荔枝,county_simulation
county_year,2024,湖北,30.5928,114.3055,华中,竹溪,,大转地意蜂,0.51,279.4,54.8,197,25.9,8,4,紫云英,county_simulation
county_year,2025,湖北,30.5928,114.3055,华中,竹溪,,小转地,0.57,257.6,45.2,296,19.2,10,5,油菜,county_simulation
county_year,2016,湖北,30.5928,114.3055,华中,房县,,小转地,0.9,383.6,42.6,403,22.3,1,2,柑橘,county_simulation
county_year,2017,湖北,30.5928,114.3055,华中,房县,,小转地,0.95,271.7,28.6,445,21.3,4,1,荆条,county_simulation
county_year,2018,湖北,30.5928,114.3055,华中,房县,,定地中蜂,0.91,242.3,26.6,443,20.5,1,8,枣树,county_simulation
county_year,2019,湖北,30.5928,114.3055,华中,房县,,小转地,0.88,495.3,56.3,478,18.4,6,5,紫云英,county_simulation
county_year,2020,湖北,30.5928,114.3055,华中,房县,,定地中蜂,0.9,585.5,65.1,479,18.8,7,1,荆条,county_simulation
county_year,2021,湖北,30.5928,114.3055,华中,房县,,定地中蜂,0.9,488.0,54.2,368,24.4,2,2,荆条,county_simulation
county_year,2022,湖北,30.5928,114.3055,华中,房县,,小转地,0.89,226.3,25.4,448,19.8,3,5,向日葵,county_simulation
county_year,2023,湖北,30.5928,114.3055,华中,房县,,定地意蜂,0.96,446.8,46.5,335,28.6,8,3,柑橘,county_simulation
county_year,2024,湖北,30.5928,114.3055,华中,房县,,定地中蜂,0.94,636.2,67.7,378,24.8,3,10,椴树,county_simulation
county_year,2025,湖北,30.5928,114.3055,华中,房县,,大转地意蜂,0.89,273.3,30.7,421,21.1,4,7,荔枝,county_simulation
county_year,2016,湖北,30.5928,114.3055,华中,远安,,大转地意蜂,0.77,490.8,63.7,264,29.1,3,1,枣树,county_simulation
county_year,2017,湖北,30.5928,114.3055,华中,远安,,定地中蜂,0.75,471.4,62.9,307,24.4,7,10,荆条,county_simulation
county_year,2018,湖北,30.5928,114.3055,华中,远安,,小转地,0.83,529.5,63.8,411,20.2,4,1,向日葵,county_simulation
county_year,2019,湖北,30.5928,114.3055,华中,远安,,大转地意蜂,0.78,184.9,23.7,318,24.5,6,9,向日葵,county_simulation
county_year,2020,湖北,30.5928,114.3055,华中,远安,,小转地,0.81,384.3,47.4,383,21.1,1,7,椴树,county_simulation
county_year,2021,湖北,30.5928,114.3055,华中,远安,,小转地,0.83,499.2,60.1,405,20.5,2,9,荆条,county_simulation
county_year,2022,湖北,30.5928,114.3055,华中,远安,,大转地意蜂,0.83,465.2,56.0,440,18.9,6,8,荆条,county_simulation
county_year,2023,湖北,30.5928,114.3055,华中,远安,,大转地意蜂,0.86,317.2,36.9,287,29.9,1,1,油菜,county_simulation
county_year,2024,湖北,30.5928,114.3055,华中,远安,,小转地,0.91,220.1,24.2,341,26.7,10,2,刺槐,county_simulation
county_year,2025,湖北,30.5928,114.3055,华中,远安,,定地中蜂,0.89,536.4,60.3,374,23.8,9,6,油菜,county_simulation
county_year,2016,湖北,30.5928,114.3055,华中,兴山,,定地意蜂,1.4,783.5,56.0,554,25.3,6,7,刺槐,county_simulation
county_year,2017,湖北,30.5928,114.3055,华中,兴山,,定地意蜂,1.43,493.3,34.5,594,24.0,5,3,刺槐,county_simulation
county_year,2018,湖北,30.5928,114.3055,华中,兴山,,定地中蜂,1.52,811.8,53.4,768,19.8,5,8,向日葵,county_simulation
county_year,2019,湖北,30.5928,114.3055,华中,兴山,,定地意蜂,1.5,431.8,28.8,792,18.9,9,10,油菜,county_simulation
county_year,2020,湖北,30.5928,114.3055,华中,兴山,,定地中蜂,1.56,707.6,45.4,660,23.6,1,1,柑橘,county_simulation
county_year,2021,湖北,30.5928,114.3055,华中,兴山,,定地中蜂,1.53,983.6,64.3,589,25.9,6,6,刺槐,county_simulation
county_year,2022,湖北,30.5928,114.3055,华中,兴山,,定地中蜂,1.56,725.4,46.5,644,24.2,7,10,刺槐,county_simulation
county_year,2023,湖北,30.5928,114.3055,华中,兴山,,小转地,1.53,512.1,33.5,773,19.8,6,6,油菜,county_simulation
county_year,2024,湖北,30.5928,114.3055,华中,兴山,,定地中蜂,1.57,930.3,59.3,563,27.9,1,9,油菜,county_simulation
county_year,2025,湖北,30.5928,114.3055,华中,兴山,,定地中蜂,1.69,513.7,30.4,906,18.6,10,10,向日葵,county_simulation
county_year,2016,湖北,30.5928,114.3055,华中,秭归,,小转地,0.95,556.9,58.6,316,30.0,3,2,油菜,county_simulation
county_year,2017,湖北,30.5928,114.3055,华中,秭归,,定地中蜂,0.97,253.4,26.1,522,18.6,5,9,刺槐,county_simulation
county_year,2018,湖北,30.5928,114.3055,华中,秭归,,定地意蜂,0.9,512.3,56.9,310,29.0,5,3,向日葵,county_simulation
county_year,2019,湖北,30.5928,114.3055,华中,秭归,,小转地,0.92,612.2,66.5,383,24.0,7,4,向日葵,county_simulation
county_year,2020,湖北,30.5928,114.3055,华中,秭归,,大转地意蜂,0.96,308.3,32.1,421,22.8,3,7,柑橘,county_simulation
county_year,2021,湖北,30.5928,114.3055,华中,秭归,,定地意蜂,0.98,451.6,46.1,366,26.7,7,5,荆条,county_simulation
county_year,2022,湖北,30.5928,114.3055,华中,秭归,,小转地,0.92,532.0,57.8,322,28.6,6,9,紫云英,county_simulation
county_year,2023,湖北,30.5928,114.3055,华中,秭归,,大转地意蜂,0.94,553.8,58.9,432,21.7,8,1,紫云英,county_simulation
county_year,2024,湖北,30.5928,114.3055,华中,秭归,,定地意蜂,0.95,375.2,39.5,318,29.8,6,5,油菜,county_simulation
county_year,2025,湖北,30.5928,114.3055,华中,秭归,,定地意蜂,0.92,515.7,56.1,334,27.5,6,9,荆条,county_simulation
county_year,2016,湖北,30.5928,114.3055,华中,长阳,,大转地意蜂,0.56,118.5,21.2,193,28.9,8,7,荔枝,county_simulation
county_year,2017,湖北,30.5928,114.3055,华中,长阳,,大转地意蜂,0.65,224.4,34.5,304,21.4,4,2,龙眼,county_simulation
county_year,2018,湖北,30.5928,114.3055,华中,长阳,,定地意蜂,0.66,303.2,45.9,250,26.4,6,3,椴树,county_simulation
county_year,2019,湖北,30.5928,114.3055,华中,长阳,,定地意蜂,0.65,348.9,53.7,246,26.4,1,5,油菜,county_simulation
county_year,2020,湖北,30.5928,114.3055,华中,长阳,,小转地,0.66,199.5,30.2,307,21.5,4,6,枣树,county_simulation
county_year,2021,湖北,30.5928,114.3055,华中,长阳,,大转地意蜂,0.68,243.1,35.8,322,21.1,7,4,荆条,county_simulation
county_year,2022,湖北,30.5928,114.3055,华中,长阳,,定地中蜂,0.69,383.4,55.6,361,19.1,9,8,刺槐,county_simulation
county_year,2023,湖北,30.5928,114.3055,华中,长阳,,大转地意蜂,0.68,203.5,29.9,269,25.3,4,8,枣树,county_simulation
county_year,2024,湖北,30.5928,114.3055,华中,长阳,,大转地意蜂,0.63,440.8,70.0,244,25.7,7,1,刺槐,county_simulation
county_year,2025,湖北,30.5928,114.3055,华中,长阳,,定地中蜂,0.78,394.6,50.6,268,29.0,6,7,刺槐,county_simulation
county_year,2016,湖北,30.5928,114.3055,华中,五峰,,大转地意蜂,0.92,438.2,47.6,401,22.9,1,3,枣树,county_simulation
county_year,2017,湖北,30.5928,114.3055,华中,五峰,,大转地意蜂,0.88,188.9,21.5,293,30.0,6,7,刺槐,county_simulation
county_year,2018,湖北,30.5928,114.3055,华中,五峰,,大转地意蜂,0.94,434.2,46.2,335,28.1,4,7,龙眼,county_simulation
county_year,2019,湖北,30.5928,114.3055,华中,五峰,,定地意蜂,0.95,315.3,33.2,359,26.4,10,2,紫云英,county_simulation
county_year,2020,湖北,30.5928,114.3055,华中,五峰,,定地中蜂,0.96,518.5,54.0,335,28.6,6,10,龙眼,county_simulation
county_year,2021,湖北,30.5928,114.3055,华中,五峰,,大转地意蜂,0.95,337.8,35.6,508,18.7,2,9,柑橘,county_simulation
county_year,2022,湖北,30.5928,114.3055,华中,五峰,,定地中蜂,0.96,300.4,31.3,392,24.5,9,8,龙眼,county_simulation
county_year,2023,湖北,30.5928,114.3055,华中,五峰,,定地中蜂,1.05,607.2,57.8,419,25.0,4,3,荆条,county_simulation
county_year,2024,湖北,30.5928,114.3055,华中,五峰,,大转地意蜂,1.1,498.2,45.3,435,25.3,4,8,荔枝,county_simulation
county_year,2025,湖北,30.5928,114.3055,华中,五峰,,大转地意蜂,0.96,236.3,24.6,417,23.0,5,3,向日葵,county_simulation
county_year,2016,湖北,30.5928,114.3055,华中,宜都,,大转地意蜂,0.94,360.4,38.3,507,18.5,6,4,椴树,county_simulation
county_year,2017,湖北,30.5928,114.3055,华中,宜都,,大转地意蜂,0.98,669.5,68.3,423,23.1,9,2,刺槐,county_simulation
county_year,2018,湖北,30.5928,114.3055,华中,宜都,,大转地意蜂,1.04,648.2,62.3,449,23.1,4,1,向日葵,county_simulation
county_year,2019,湖北,30.5928,114.3055,华中,宜都,,大转地意蜂,1.06,422.9,39.9,474,22.3,1,7,荆条,county_simulation
county_year,2020,湖北,30.5928,114.3055,华中,宜都,,小转地,1.1,737.2,67.0,582,18.9,2,3,枣树,county_simulation
county_year,2021,湖北,30.5928,114.3055,华中,宜都,,定地中蜂,1.09,246.4,22.6,493,22.1,9,9,荆条,county_simulation
county_year,2022,湖北,30.5928,114.3055,华中,宜都,,定地中蜂,1.11,569.6,51.3,574,19.3,7,9,荆条,county_simulation
county_year,2023,湖北,30.5928,114.3055,华中,宜都,,定地意蜂,1.16,714.2,61.6,389,29.8,1,2,枣树,county_simulation
county_year,2024,湖北,30.5928,114.3055,华中,宜都,,定地中蜂,1.09,650.6,59.7,442,24.7,4,6,荔枝,county_simulation
county_year,2025,湖北,30.5928,114.3055,华中,宜都,,小转地,1.07,702.3,65.6,377,28.4,7,1,枣树,county_simulation
county_year,2016,安徽,31.8206,117.2272,华东,肥东,,定地意蜂,0.51,115.6,22.7,191,26.7,8,1,柑橘,county_simulation
county_year,2017,安徽,31.8206,117.2272,华东,肥东,,大转地意蜂,0.47,327.4,69.7,195,24.1,5,5,柑橘,county_simulation
county_year,2018,安徽,31.8206,117.2272,华东,肥东,,定地意蜂,0.52,362.8,69.8,285,18.2,10,3,紫云英,county_simulation
county_year,2019,安徽,31.8206,117.2272,华东,肥东,,定地中蜂,0.5,255.9,51.2,188,26.5,10,10,紫云英,county_simulation
county_year,2020,安徽,31.8206,117.2272,华东,肥东,,定地中蜂,0.51,313.7,61.5,197,25.9,2,9,荔枝,county_simulation
county_year,2021,安徽,31.8206,117.2272,华东,肥东,,小转地,0.51,249.7,49.0,186,27.4,3,6,柑橘,county_simulation
county_year,2022,安徽,31.8206,117.2272,华东,肥东,,定地意蜂,0.5,225.1,45.0,273,18.3,10,10,枣树,county_simulation
county_year,2023,安徽,31.8206,117.2272,华东,肥东,,小转地,0.57,144.9,25.4,198,28.7,5,3,紫云英,county_simulation
county_year,2024,安徽,31.8206,117.2272,华东,肥东,,定地中蜂,0.52,347.8,66.9,210,24.7,10,1,向日葵,county_simulation
county_year,2025,安徽,31.8206,117.2272,华东,肥东,,定地中蜂,0.54,139.8,25.9,237,22.8,1,8,荆条,county_simulation
county_year,2016,安徽,31.8206,117.2272,华东,肥西,,小转地,1.4,787.1,56.2,477,29.3,6,10,龙眼,county_simulation
county_year,2017,安徽,31.8206,117.2272,华东,肥西,,大转地意蜂,1.32,607.3,46.0,458,28.8,5,1,龙眼,county_simulation
county_year,2018,安徽,31.8206,117.2272,华东,肥西,,小转地,1.29,334.0,25.9,450,28.6,10,10,紫云英,county_simulation
county_year,2019,安徽,31.8206,117.2272,华东,肥西,,小转地,1.39,868.0,62.4,565,24.6,7,10,龙眼,county_simulation
county_year,2020,安徽,31.8206,117.2272,华东,肥西,,大转地意蜂,1.4,742.6,53.0,708,19.8,9,7,柑橘,county_simulation
county_year,2021,安徽,31.8206,117.2272,华东,肥西,,小转地,1.4,331.0,23.6,611,22.9,1,9,椴树,county_simulation
county_year,2022,安徽,31.8206,117.2272,华东,肥西,,小转地,1.47,904.5,61.5,766,19.2,4,9,龙眼,county_simulation
county_year,2023,安徽,31.8206,117.2272,华东,肥西,,定地意蜂,1.46,839.8,57.5,490,29.8,4,5,紫云英,county_simulation
county_year,2024,安徽,31.8206,117.2272,华东,肥西,,定地意蜂,1.46,873.3,59.8,698,20.9,9,5,油菜,county_simulation
county_year,2025,安徽,31.8206,117.2272,华东,肥西,,小转地,1.61,454.2,28.2,575,28.0,1,1,向日葵,county_simulation
county_year,2016,安徽,31.8206,117.2272,华东,长丰,,大转地意蜂,0.84,194.3,23.1,293,28.6,2,7,向日葵,county_simulation
county_year,2017,安徽,31.8206,117.2272,华东,长丰,,定地意蜂,0.88,261.1,29.7,463,19.0,1,1,刺槐,county_simulation
county_year,2018,安徽,31.8206,117.2272,华东,长丰,,大转地意蜂,0.85,445.5,52.4,455,18.7,5,10,刺槐,county_simulation
county_year,2019,安徽,31.8206,117.2272,华东,长丰,,小转地,0.83,354.1,42.7,379,21.9,9,4,柑橘,county_simulation
county_year,2020,安徽,31.8206,117.2272,华东,长丰,,大转地意蜂,0.86,441.6,51.3,334,25.7,6,4,荔枝,county_simulation
county_year,2021,安徽,31.8206,117.2272,华东,长丰,,定地意蜂,0.85,357.3,42.0,295,28.7,7,3,油菜,county_simulation
county_year,2022,安徽,31.8206,117.2272,华东,长丰,,定地中蜂,0.9,242.9,27.0,384,23.4,7,3,柑橘,county_simulation
county_year,2023,安徽,31.8206,117.2272,华东,长丰,,定地中蜂,0.83,497.4,59.9,455,18.2,8,7,油菜,county_simulation
county_year,2024,安徽,31.8206,117.2272,华东,长丰,,大转地意蜂,0.99,659.6,66.6,399,24.8,5,1,紫云英,county_simulation
county_year,2025,安徽,31.8206,117.2272,华东,长丰,,小转地,1.01,334.7,33.1,387,26.1,4,4,椴树,county_simulation
county_year,2016,安徽,31.8206,117.2272,华东,庐江,,小转地,0.44,157.1,35.7,149,29.5,4,6,紫云英,county_simulation
county_year,2017,安徽,31.8206,117.2272,华东,庐江,,大转地意蜂,0.53,127.0,24.0,216,24.5,4,3,刺槐,county_simulation
county_year,2018,安徽,31.8206,117.2272,华东,庐江,,小转地,0.53,206.7,39.0,265,20.0,7,4,向日葵,county_simulation
county_year,2019,安徽,31.8206,117.2272,华东,庐江,,定地意蜂,0.49,212.6,43.4,224,21.8,7,2,枣树,county_simulation
county_year,2020,安徽,31.8206,117.2272,华东,庐江,,定地意蜂,0.51,272.3,53.4,269,18.9,5,5,柑橘,county_simulation
county_year,2021,安徽,31.8206,117.2272,华东,庐江,,定地意蜂,0.5,316.1,63.2,169,29.5,1,3,紫云英,county_simulation
county_year,2022,安徽,31.8206,117.2272,华东,庐江,,定地中蜂,0.51,310.5,60.9,275,18.5,5,5,油菜,county_simulation
county_year,2023,安徽,31.8206,117.2272,华东,庐江,,大转地意蜂,0.5,162.5,32.5,244,20.5,7,8,向日葵,county_simulation
county_year,2024,安徽,31.8206,117.2272,华东,庐江,,定地中蜂,0.48,207.2,43.2,243,19.7,9,3,荆条,county_simulation
county_year,2025,安徽,31.8206,117.2272,华东,庐江,,定地中蜂,0.47,244.2,52.0,167,28.0,10,9,荆条,county_simulation
county_year,2016,安徽,31.8206,117.2272,华东,巢湖,,小转地,0.3,206.1,68.7,123,24.2,10,9,龙眼,county_simulation
county_year,2017,安徽,31.8206,117.2272,华东,巢湖,,定地中蜂,0.27,152.7,56.6,112,23.9,4,7,枣树,county_simulation
county_year,2018,安徽,31.8206,117.2272,华东,巢湖,,小转地,0.27,172.3,63.8,110,24.5,9,6,紫云英,county_simulation
county_year,2019,安徽,31.8206,117.2272,华东,巢湖,,大转地意蜂,0.29,166.8,57.5,139,20.7,8,10,向日葵,county_simulation
county_year,2020,安徽,31.8206,117.2272,华东,巢湖,,大转地意蜂,0.29,156.7,54.0,125,23.1,8,8,油菜,county_simulation
county_year,2021,安徽,31.8206,117.2272,华东,巢湖,,定地中蜂,0.29,92.2,31.8,99,29.3,9,3,油菜,county_simulation
county_year,2022,安徽,31.8206,117.2272,华东,巢湖,,大转地意蜂,0.29,136.4,47.0,160,18.0,3,3,枣树,county_simulation
county_year,2023,安徽,31.8206,117.2272,华东,巢湖,,定地中蜂,0.3,83.9,28.0,136,21.9,6,1,龙眼,county_simulation
county_year,2024,安徽,31.8206,117.2272,华东,巢湖,,定地意蜂,0.3,75.7,25.2,128,23.4,7,10,荆条,county_simulation
county_year,2025,安徽,31.8206,117.2272,华东,巢湖,,小转地,0.32,187.2,58.5,131,24.3,2,10,荆条,county_simulation
county_year,2016,安徽,31.8206,117.2272,华东,芜湖,,大转地意蜂,0.66,328.1,49.7,281,23.5,9,10,向日葵,county_simulation
county_year,2017,安徽,31.8206,117.2272,华东,芜湖,,定地意蜂,0.62,257.3,41.5,292,21.2,9,1,荆条,county_simulation
county_year,2018,安徽,31.8206,117.2272,华东,芜湖,,大转地意蜂,0.69,431.6,62.5,237,29.0,10,4,向日葵,county_simulation
county_year,2019,安徽,31.8206,117.2272,华东,芜湖,,定地意蜂,0.67,374.1,55.8,251,26.6,9,5,荆条,county_simulation
county_year,2020,安徽,31.8206,117.2272,华东,芜湖,,大转地意蜂,0.67,417.5,62.3,265,25.3,2,5,龙眼,county_simulation
county_year,2021,安徽,31.8206,117.2272,华东,芜湖,,大转地意蜂,0.68,291.7,42.9,277,24.5,8,2,龙眼,county_simulation
county_year,2022,安徽,31.8206,117.2272,华东,芜湖,,定地中蜂,0.72,339.8,47.2,345,20.8,7,8,枣树,county_simulation
county_year,2023,安徽,31.8206,117.2272,华东,芜湖,,定地中蜂,0.7,205.4,29.3,235,29.7,5,7,刺槐,county_simulation
county_year,2024,安徽,31.8206,117.2272,华东,芜湖,,定地中蜂,0.78,400.8,51.4,415,18.8,8,10,向日葵,county_simulation
county_year,2025,安徽,31.8206,117.2272,华东,芜湖,,定地中蜂,0.71,446.2,62.9,289,24.5,9,8,荆条,county_simulation
county_year,2016,安徽,31.8206,117.2272,华东,繁昌,,大转地意蜂,1.62,482.9,29.8,669,24.2,9,6,向日葵,county_simulation
county_year,2017,安徽,31.8206,117.2272,华东,繁昌,,小转地,1.64,887.5,54.1,637,25.7,6,1,荔枝,county_simulation
county_year,2018,安徽,31.8206,117.2272,华东,繁昌,,定地中蜂,1.44,912.8,63.4,554,26.0,7,10,龙眼,county_simulation
county_year,2019,安徽,31.8206,117.2272,华东,繁昌,,大转地意蜂,1.51,325.1,21.5,608,24.8,3,5,向日葵,county_simulation
county_year,2020,安徽,31.8206,117.2272,华东,繁昌,,定地意蜂,1.55,970.7,62.6,574,27.0,5,3,向日葵,county_simulation
county_year,2021,安徽,31.8206,117.2272,华东,繁昌,,定地意蜂,1.55,462.0,29.8,616,25.1,10,5,荆条,county_simulation
county_year,2022,安徽,31.8206,117.2272,华东,繁昌,,定地意蜂,1.6,426.5,26.7,624,25.6,7,4,枣树,county_simulation
county_year,2023,安徽,31.8206,117.2272,华东,繁昌,,大转地意蜂,1.6,778.1,48.6,555,28.8,6,7,荆条,county_simulation
county_year,2024,安徽,31.8206,117.2272,华东,繁昌,,小转地,1.52,1000.2,65.8,579,26.2,9,6,椴树,county_simulation
county_year,2025,安徽,31.8206,117.2272,华东,繁昌,,小转地,1.47,580.0,39.5,501,29.3,7,10,枣树,county_simulation
county_year,2016,安徽,31.8206,117.2272,华东,南陵,,定地意蜂,1.64,969.0,59.1,673,24.4,2,4,向日葵,county_simulation
county_year,2017,安徽,31.8206,117.2272,华东,南陵,,大转地意蜂,1.66,638.5,38.5,625,26.5,8,9,荔枝,county_simulation
county_year,2018,安徽,31.8206,117.2272,华东,南陵,,大转地意蜂,1.48,709.4,47.9,503,29.4,10,6,椴树,county_simulation
county_year,2019,安徽,31.8206,117.2272,华东,南陵,,大转地意蜂,1.56,516.1,33.1,727,21.4,4,5,柑橘,county_simulation
county_year,2020,安徽,31.8206,117.2272,华东,南陵,,大转地意蜂,1.6,729.8,45.6,612,26.1,2,8,柑橘,county_simulation
county_year,2021,安徽,31.8206,117.2272,华东,南陵,,定地意蜂,1.61,741.8,46.1,867,18.6,10,4,荔枝,county_simulation
county_year,2022,安徽,31.8206,117.2272,华东,南陵,,定地中蜂,1.69,645.8,38.2,887,19.0,5,2,龙眼,county_simulation
county_year,2023,安徽,31.8206,117.2272,华东,南陵,,小转地,1.59,975.9,61.4,824,19.3,2,4,荆条,county_simulation
county_year,2024,安徽,31.8206,117.2272,华东,南陵,,定地中蜂,1.61,980.1,60.9,562,28.6,9,2,枣树,county_simulation
county_year,2025,安徽,31.8206,117.2272,华东,南陵,,大转地意蜂,1.82,652.8,35.9,778,23.4,10,5,荆条,county_simulation
county_year,2016,安徽,31.8206,117.2272,华东,怀远,,大转地意蜂,1.21,817.0,67.5,626,19.3,1,6,荆条,county_simulation
county_year,2017,安徽,31.8206,117.2272,华东,怀远,,大转地意蜂,1.28,862.7,67.4,504,25.4,10,9,椴树,county_simulation
county_year,2018,安徽,31.8206,117.2272,华东,怀远,,定地中蜂,1.27,784.2,61.7,502,25.3,1,5,龙眼,county_simulation
county_year,2019,安徽,31.8206,117.2272,华东,怀远,,定地意蜂,1.32,611.7,46.3,469,28.1,7,3,荆条,county_simulation
county_year,2020,安徽,31.8206,117.2272,华东,怀远,,定地中蜂,1.31,859.9,65.6,530,24.7,7,1,龙眼,county_simulation
county_year,2021,安徽,31.8206,117.2272,华东,怀远,,定地中蜂,1.35,550.5,40.8,539,25.0,9,8,荔枝,county_simulation
county_year,2022,安徽,31.8206,117.2272,华东,怀远,,定地意蜂,1.3,580.3,44.6,649,20.0,9,6,荔枝,county_simulation
county_year,2023,安徽,31.8206,117.2272,华东,怀远,,定地意蜂,1.35,667.1,49.4,611,22.1,6,10,荔枝,county_simulation
county_year,2024,安徽,31.8206,117.2272,华东,怀远,,大转地意蜂,1.26,855.5,67.9,644,19.5,2,7,龙眼,county_simulation
county_year,2025,安徽,31.8206,117.2272,华东,怀远,,大转地意蜂,1.19,241.7,20.3,407,29.2,1,3,荔枝,county_simulation
county_year,2016,安徽,31.8206,117.2272,华东,五河,,小转地,0.77,243.4,31.6,298,25.8,3,2,龙眼,county_simulation
county_year,2017,安徽,31.8206,117.2272,华东,五河,,定地意蜂,0.68,137.9,20.3,361,18.8,8,1,向日葵,county_simulation
county_year,2018,安徽,31.8206,117.2272,华东,五河,,小转地,0.76,363.1,47.8,296,25.6,2,5,荔枝,county_simulation
county_year,2019,安徽,31.8206,117.2272,华东,五河,,定地中蜂,0.75,381.3,50.8,309,24.2,10,10,椴树,county_simulation
county_year,2020,安徽,31.8206,117.2272,华东,五河,,小转地,0.75,408.9,54.5,253,29.6,7,8,椴树,county_simulation
county_year,2021,安徽,31.8206,117.2272,华东,五河,,大转地意蜂,0.77,313.1,40.7,357,21.5,3,6,向日葵,county_simulation
county_year,2022,安徽,31.8206,117.2272,华东,五河,,定地意蜂,0.81,534.3,66.0,306,26.4,4,2,向日葵,county_simulation
county_year,2023,安徽,31.8206,117.2272,华东,五河,,大转地意蜂,0.74,409.8,55.4,266,27.8,3,4,刺槐,county_simulation
county_year,2024,安徽,31.8206,117.2272,华东,五河,,大转地意蜂,0.71,453.9,63.9,280,25.3,5,10,刺槐,county_simulation
county_year,2025,安徽,31.8206,117.2272,华东,五河,,小转地,0.69,443.5,64.3,256,26.9,7,5,椴树,county_simulation
county_year,2016,安徽,31.8206,117.2272,华东,固镇,,小转地,0.35,74.2,21.2,148,23.6,8,7,向日葵,county_simulation
county_year,2017,安徽,31.8206,117.2272,华东,固镇,,小转地,0.36,103.8,28.8,138,26.0,6,8,椴树,county_simulation
county_year,2018,安徽,31.8206,117.2272,华东,固镇,,定地意蜂,0.39,148.8,38.2,144,27.0,8,3,紫云英,county_simulation
county_year,2019,安徽,31.8206,117.2272,华东,固镇,,小转地,0.39,84.4,21.6,156,24.9,10,2,向日葵,county_simulation
county_year,2020,安徽,31.8206,117.2272,华东,固镇,,定地中蜂,0.39,222.7,57.1,138,28.3,9,4,刺槐,county_simulation
county_year,2021,安徽,31.8206,117.2272,华东,固镇,,定地中蜂,0.39,113.4,29.1,158,24.6,2,8,荆条,county_simulation
county_year,2022,安徽,31.8206,117.2272,华东,固镇,,小转地,0.38,113.7,29.9,144,26.2,10,10,荆条,county_simulation
county_year,2023,安徽,31.8206,117.2272,华东,固镇,,小转地,0.43,156.1,36.3,147,29.1,3,10,柑橘,county_simulation
county_year,2024,安徽,31.8206,117.2272,华东,固镇,,小转地,0.44,178.6,40.6,213,20.6,2,7,龙眼,county_simulation
county_year,2025,安徽,31.8206,117.2272,华东,固镇,,小转地,0.43,223.7,52.0,171,25.0,9,9,荆条,county_simulation
county_year,2016,安徽,31.8206,117.2272,华东,凤台,,小转地,0.54,297.7,55.1,208,25.8,10,9,枣树,county_simulation
county_year,2017,安徽,31.8206,117.2272,华东,凤台,,大转地意蜂,0.52,173.4,33.3,177,29.3,8,8,椴树,county_simulation
county_year,2018,安徽,31.8206,117.2272,华东,凤台,,大转地意蜂,0.53,182.8,34.5,191,27.7,10,6,荔枝,county_simulation
county_year,2019,安徽,31.8206,117.2272,华东,凤台,,定地中蜂,0.5,338.3,67.7,200,24.9,10,2,荆条,county_simulation
county_year,2020,安徽,31.8206,117.2272,华东,凤台,,定地中蜂,0.52,324.5,62.4,205,25.2,1,3,柑橘,county_simulation
county_year,2021,安徽,31.8206,117.2272,华东,凤台,,小转地,0.51,116.1,22.8,270,18.8,10,8,向日葵,county_simulation
county_year,2022,安徽,31.8206,117.2272,华东,凤台,,定地意蜂,0.55,168.9,30.7,206,26.6,3,10,向日葵,county_simulation
county_year,2023,安徽,31.8206,117.2272,华东,凤台,,大转地意蜂,0.58,153.9,26.5,239,24.2,2,3,龙眼,county_simulation
county_year,2024,安徽,31.8206,117.2272,华东,凤台,,小转地,0.53,334.7,63.1,192,27.5,3,1,油菜,county_simulation
county_year,2025,安徽,31.8206,117.2272,华东,凤台,,定地中蜂,0.51,256.7,50.3,206,24.7,9,9,向日葵,county_simulation
county_year,2016,安徽,31.8206,117.2272,华东,寿县,,定地意蜂,1.55,847.3,54.7,591,26.2,9,6,荆条,county_simulation
county_year,2017,安徽,31.8206,117.2272,华东,寿县,,大转地意蜂,1.62,1072.7,66.2,663,24.4,4,1,荔枝,county_simulation
county_year,2018,安徽,31.8206,117.2272,华东,寿县,,大转地意蜂,1.47,579.1,39.4,705,20.8,10,10,龙眼,county_simulation
county_year,2019,安徽,31.8206,117.2272,华东,寿县,,小转地,1.61,994.3,61.8,856,18.8,4,10,刺槐,county_simulation
county_year,2020,安徽,31.8206,117.2272,华东,寿县,,定地意蜂,1.59,776.9,48.9,803,19.8,1,2,荔枝,county_simulation
county_year,2021,安徽,31.8206,117.2272,华东,寿县,,小转地,1.58,1001.6,63.4,740,21.3,1,10,枣树,county_simulation
county_year,2022,安徽,31.8206,117.2272,华东,寿县,,大转地意蜂,1.7,1183.4,69.6,682,24.9,4,10,椴树,county_simulation
county_year,2023,安徽,31.8206,117.2272,华东,寿县,,大转地意蜂,1.52,414.3,27.3,513,29.6,3,3,刺槐,county_simulation
county_year,2024,安徽,31.8206,117.2272,华东,寿县,,定地中蜂,1.54,836.8,54.3,793,19.4,7,8,荆条,county_simulation
county_year,2025,安徽,31.8206,117.2272,华东,寿县,,大转地意蜂,1.46,836.6,57.3,577,25.3,2,2,紫云英,county_simulation
county_year,2016,安徽,31.8206,117.2272,华东,当涂,,大转地意蜂,0.84,218.8,26.0,416,20.2,8,3,龙眼,county_simulation
county_year,2017,安徽,31.8206,117.2272,华东,当涂,,小转地,0.76,440.8,58.0,261,29.1,4,10,枣树,county_simulation
county_year,2018,安徽,31.8206,117.2272,华东,当涂,,定地意蜂,0.83,345.1,41.6,333,24.9,4,9,油菜,county_simulation
county_year,2019,安徽,31.8206,117.2272,华东,当涂,,定地意蜂,0.79,504.4,63.8,336,23.5,9,2,荆条,county_simulation
county_year,2020,安徽,31.8206,117.2272,华东,当涂,,定地意蜂,0.8,200.2,25.0,374,21.4,1,9,紫云英,county_simulation
county_year,2021,安徽,31.8206,117.2272,华东,当涂,,大转地意蜂,0.82,302.2,36.9,416,19.7,10,6,荆条,county_simulation
county_year,2022,安徽,31.8206,117.2272,华东,当涂,,小转地,0.78,206.2,26.4,363,21.4,6,6,紫云英,county_simulation
county_year,2023,安徽,31.8206,117.2272,华东,当涂,,大转地意蜂,0.88,502.5,57.1,468,18.8,4,10,柑橘,county_simulation
county_year,2024,安徽,31.8206,117.2272,华东,当涂,,大转地意蜂,0.8,393.4,49.2,292,27.4,2,4,椴树,county_simulation
county_year,2025,安徽,31.8206,117.2272,华东,当涂,,定地意蜂,0.75,308.9,41.2,352,21.3,9,6,向日葵,county_simulation
county_year,2016,安徽,31.8206,117.2272,华东,含山,,大转地意蜂,0.75,229.5,30.6,257,29.1,5,2,荆条,county_simulation
county_year,2017,安徽,31.8206,117.2272,华东,含山,,定地中蜂,0.78,518.8,66.5,261,29.9,2,6,柑橘,county_simulation
county_year,2018,安徽,31.8206,117.2272,华东,含山,,大转地意蜂,0.76,340.0,44.7,365,20.8,3,10,柑橘,county_simulation
county_year,2019,安徽,31.8206,117.2272,华东,含山,,定地中蜂,0.75,511.5,68.2,281,26.6,7,10,油菜,county_simulation
county_year,2020,安徽,31.8206,117.2272,华东,含山,,大转地意蜂,0.74,466.2,63.0,378,19.6,6,6,荔枝,county_simulation
county_year,2021,安徽,31.8206,117.2272,华东,含山,,大转地意蜂,0.77,492.3,63.9,386,19.9,4,5,油菜,county_simulation
county_year,2022,安徽,31.8206,117.2272,华东,含山,,定地中蜂,0.73,370.9,50.8,374,19.5,8,10,椴树,county_simulation
county_year,2023,安徽,31.8206,117.2272,华东,含山,,大转地意蜂,0.75,265.6,35.4,261,28.7,6,8,柑橘,county_simulation
county_year,2024,安徽,31.8206,117.2272,华东,含山,,定地中蜂,0.8,308.8,38.6,266,30.0,3,4,荔枝,county_simulation
county_year,2025,安徽,31.8206,117.2272,华东,含山,,定地意蜂,0.77,476.2,61.8,399,19.3,8,7,油菜,county_simulation
county_year,2016,安徽,31.8206,117.2272,华东,和县,,大转地意蜂,0.29,173.6,59.9,106,27.2,1,4,油菜,county_simulation
county_year,2017,安徽,31.8206,117.2272,华东,和县,,小转地,0.28,113.8,40.6,104,26.8,2,8,紫云英,county_simulation
county_year,2018,安徽,31.8206,117.2272,华东,和县,,定地中蜂,0.31,137.8,44.4,105,29.3,9,1,向日葵,county_simulation
county_year,2019,安徽,31.8206,117.2272,华东,和县,,定地意蜂,0.31,174.6,56.3,161,19.2,8,2,荆条,county_simulation
county_year,2020,安徽,31.8206,117.2272,华东,和县,,定地意蜂,0.3,76.2,25.4,105,28.4,1,8,刺槐,county_simulation
county_year,2021,安徽,31.8206,117.2272,华东,和县,,小转地,0.3,127.9,42.6,162,18.5,1,8,枣树,county_simulation
county_year,2022,安徽,31.8206,117.2272,华东,和县,,定地意蜂,0.3,181.9,60.6,101,29.6,6,9,荔枝,county_simulation
county_year,2023,安徽,31.8206,117.2272,华东,和县,,大转地意蜂,0.31,124.1,40.0,152,20.4,4,1,油菜,county_simulation
county_year,2024,安徽,31.8206,117.2272,华东,和县,,定地意蜂,0.32,149.1,46.6,158,20.2,8,7,紫云英,county_simulation
county_year,2025,安徽,31.8206,117.2272,华东,和县,,大转地意蜂,0.33,99.8,30.2,137,24.0,6,4,枣树,county_simulation
county_year,2016,安徽,31.8206,117.2272,华东,濉溪,,定地意蜂,1.2,803.2,66.9,432,27.7,7,7,紫云英,county_simulation
county_year,2017,安徽,31.8206,117.2272,华东,濉溪,,小转地,1.05,517.2,49.3,554,18.9,3,8,油菜,county_simulation
county_year,2018,安徽,31.8206,117.2272,华东,濉溪,,定地中蜂,1.19,477.8,40.1,399,29.8,2,5,龙眼,county_simulation
county_year,2019,安徽,31.8206,117.2272,华东,濉溪,,大转地意蜂,1.13,264.3,23.4,617,18.3,1,8,柑橘,county_simulation
county_year,2020,安徽,31.8206,117.2272,华东,濉溪,,大转地意蜂,1.15,755.5,65.7,487,23.6,1,5,柑橘,county_simulation
county_year,2021,安徽,31.8206,117.2272,华东,濉溪,,定地意蜂,1.15,547.4,47.6,422,27.2,10,1,龙眼,county_simulation
county_year,2022,安徽,31.8206,117.2272,华东,濉溪,,小转地,1.14,265.5,23.3,380,30.0,1,5,柑橘,county_simulation
county_year,2023,安徽,31.8206,117.2272,华东,濉溪,,定地中蜂,1.21,598.7,49.5,655,18.5,7,10,向日葵,county_simulation
county_year,2024,安徽,31.8206,117.2272,华东,濉溪,,小转地,1.33,696.9,52.4,518,25.7,8,10,椴树,county_simulation
county_year,2025,安徽,31.8206,117.2272,华东,濉溪,,定地意蜂,1.27,496.7,39.1,457,27.8,2,7,紫云英,county_simulation
county_year,2016,安徽,31.8206,117.2272,华东,铜陵,,定地中蜂,1.83,1237.6,67.6,768,23.8,8,10,荔枝,county_simulation
county_year,2017,安徽,31.8206,117.2272,华东,铜陵,,定地中蜂,1.77,1028.5,58.1,632,28.0,3,4,向日葵,county_simulation
county_year,2018,安徽,31.8206,117.2272,华东,铜陵,,大转地意蜂,1.68,825.6,49.1,668,25.1,10,8,油菜,county_simulation
county_year,2019,安徽,31.8206,117.2272,华东,铜陵,,定地中蜂,1.78,591.1,33.2,638,27.9,3,1,枣树,county_simulation
county_year,2020,安徽,31.8206,117.2272,华东,铜陵,,小转地,1.75,1067.3,61.0,723,24.2,2,2,紫云英,county_simulation
county_year,2021,安徽,31.8206,117.2272,华东,铜陵,,大转地意蜂,1.72,916.2,53.3,864,19.9,5,2,向日葵,county_simulation
county_year,2022,安徽,31.8206,117.2272,华东,铜陵,,定地中蜂,1.88,597.1,31.8,681,27.6,3,2,刺槐,county_simulation
county_year,2023,安徽,31.8206,117.2272,华东,铜陵,,定地意蜂,1.95,1102.7,56.5,659,29.6,9,1,刺槐,county_simulation
county_year,2024,安徽,31.8206,117.2272,华东,铜陵,,定地意蜂,2.02,1307.1,64.7,693,29.1,9,3,荆条,county_simulation
county_year,2025,安徽,31.8206,117.2272,华东,铜陵,,定地意蜂,1.97,1261.0,64.0,841,23.4,9,9,枣树,county_simulation
county_year,2016,安徽,31.8206,117.2272,华东,枞阳,,大转地意蜂,1.06,444.0,41.9,440,24.1,9,3,油菜,county_simulation
county_year,2017,安徽,31.8206,117.2272,华东,枞阳,,定地中蜂,1.0,223.4,22.3,473,21.1,6,8,刺槐,county_simulation
county_year,2018,安徽,31.8206,117.2272,华东,枞阳,,大转地意蜂,1.03,303.3,29.4,510,20.2,5,10,紫云英,county_simulation
county_year,2019,安徽,31.8206,117.2272,华东,枞阳,,小转地,1.11,268.6,24.2,430,25.8,9,8,柑橘,county_simulation
county_year,2020,安徽,31.8206,117.2272,华东,枞阳,,小转地,1.09,583.4,53.5,545,20.0,8,7,柑橘,county_simulation
county_year,2021,安徽,31.8206,117.2272,华东,枞阳,,大转地意蜂,1.13,705.1,62.4,433,26.0,5,1,柑橘,county_simulation
county_year,2022,安徽,31.8206,117.2272,华东,枞阳,,大转地意蜂,1.09,359.0,32.9,410,26.6,10,7,刺槐,county_simulation
county_year,2023,安徽,31.8206,117.2272,华东,枞阳,,小转地,1.09,708.3,65.0,588,18.5,3,8,荔枝,county_simulation
county_year,2024,安徽,31.8206,117.2272,华东,枞阳,,小转地,1.18,562.4,47.7,425,27.7,6,7,龙眼,county_simulation
county_year,2025,安徽,31.8206,117.2272,华东,枞阳,,定地中蜂,1.02,500.3,49.1,349,29.2,3,5,油菜,county_simulation
county_year,2016,安徽,31.8206,117.2272,华东,望江,,定地中蜂,1.4,478.1,34.2,529,26.4,7,9,枣树,county_simulation
county_year,2017,安徽,31.8206,117.2272,华东,望江,,定地意蜂,1.51,626.1,41.5,516,29.2,8,9,荔枝,county_simulation
county_year,2018,安徽,31.8206,117.2272,华东,望江,,定地意蜂,1.66,458.9,27.6,711,23.3,2,7,荆条,county_simulation
county_year,2019,安徽,31.8206,117.2272,华东,望江,,小转地,1.64,803.6,49.0,561,29.2,7,5,向日葵,county_simulation
county_year,2020,安徽,31.8206,117.2272,华东,望江,,小转地,1.63,1114.6,68.4,905,18.0,5,9,紫云英,county_simulation
county_year,2021,安徽,31.8206,117.2272,华东,望江,,定地中蜂,1.65,836.6,50.7,686,24.0,3,5,紫云英,county_simulation
county_year,2022,安徽,31.8206,117.2272,华东,望江,,定地中蜂,1.66,956.9,57.6,555,29.9,10,10,刺槐,county_simulation
county_year,2023,安徽,31.8206,117.2272,华东,望江,,定地意蜂,1.65,382.3,23.2,647,25.5,2,4,刺槐,county_simulation
county_year,2024,安徽,31.8206,117.2272,华东,望江,,定地意蜂,1.73,972.9,56.2,638,27.1,10,3,枣树,county_simulation
county_year,2025,安徽,31.8206,117.2272,华东,望江,,定地中蜂,1.81,555.1,30.7,938,19.3,1,6,荆条,county_simulation
