data_table,annual_avg_temp_c,annual_precipitation_mm,area_1000ha,area_yoy_pct,avg_distance_km,avg_humidity_pct,avg_retail_yuan_per_jin,avg_wind_speed_m_s,bee_colonies,bee_colonies_10k,bee_dependency,bee_friendly_by_province,bee_queen,bee_type,bee_venom_yuan_per_g,beekeeper_cost_yuan,beekeeper_households,beekeeper_households_est,beekeeper_income_yuan,beekeeper_name,beekeeper_origin,beekeeping_enterprises_2025,beekeeping_mode,beeswax,beeswax_yuan_per_kg,bloom_mid,bloom_months,bloom_north,bloom_provinces_count,bloom_south,cancelled_annual,case_year,category,chinese_bee_pct,colonies_10k,colonies_count,colonies_fao_10k,colonies_interpolated_10k,colonies_national_10k,colonies_per_ha,colonies_per_household,colonies_share_pct,colonies_source,colony_sales,colony_share_pct,colony_winter_loss_pct,consumption_per_capita_grams,cost_income_ratio_pct,cost_per_colony_yuan,cost_total,cost_total_est,cost_total_yuan,county,crop,crop_sowing_area_1000ha,cumulative_km,diesel_price_yuan_per_liter,distance_km,distribution,domestic_consumption_tonnes,dominant_nectar_source,dominant_transport,end_date,end_day,end_month,equipment,era,export_share_pct,export_tonnes,export_unit_price_usd_per_kg,export_value_10000usd,extra,extreme_heat_days,farm_id,feed_sugar,feed_total_yuan,feed_transport_share_pct,flower_type,flowering_advance_days,flowering_duration_days,flowering_mid,flowering_months,flowering_north,flowering_south,from_lat,from_lng,from_location,frost_free_days,fruit_cn,fruit_en,fruit_sci,gdp_per_capita_yuan,granularity,heavy_rain_days,honey_color,honey_color_hex,honey_grade,honey_import_tonnes,honey_income_pct,honey_plant,honey_price_yuan_per_kg,honey_price_yuan_per_tonne,honey_processing_enterprises,honey_production_2023_10kt,honey_production_kg,honey_production_tonnes,honey_sales,honey_share_pct,honey_yield_kg_per_colony,importance,income_honey,income_per_colony_yuan,income_pollination_service,income_total,income_total_est,income_total_yuan,indicator,inflorescence_type,intensive_migratory_colonies,intensive_migratory_cost,intensive_migratory_honey_price,intensive_migratory_income,intensive_migratory_profit,intensive_migratory_profit_per_colony,intensive_migratory_yield_kg,is_migratory,key_features,location,main_honey_flow_months,main_nectar_plants,main_pollinators,main_provinces,main_routes,main_transport,medicine,method,migratory_households,migratory_ratio,nectar_chain,nectar_source_score,nectar_sources,nectar_yield_kg_per_colony,net_increase,new_reg_yoy_pct,new_registrations,optimal_temp_c,orchard_area_1000ha,orchard_area_share_pct,orchard_provinces,other_cost,other_income,output_10000tonnes,output_yoy_pct,peak_month,period,period_days,pesticide_per_ha_kg,pesticide_production_10000tonnes,pesticide_risk_score,pesticide_use_10000tonnes,plant_cn,plant_en,plant_sci,plant_type,pollen,pollen_feed,pollen_rape_farmgate_yuan_per_kg,pollen_tea_farmgate_yuan_per_kg,pollen_yuan_per_kg,pollination_demand,pollination_income_pct,pollination_service,pollination_share_pct,pollination_type,population_100million,precip_change_pct,price_acacia_yuan_per_tonne,price_linden_yuan_per_tonne,price_lychee_yuan_per_tonne,price_pollen_yuan_per_kg,price_rape_yuan_per_tonne,price_royal_jelly_yuan_per_kg,processing_pct_of_total,profit,profit_margin_pct,profit_yuan,propolis,propolis_raw_farmgate_yuan_per_kg,propolis_yuan_per_kg,province,province_demand_summary,province_lat,province_lng,provinces,purchase_price_yuan_per_jin,purchase_price_yuan_per_tonne,rapeseed_area_1000ha,rapeseed_production_10000tonnes,recommended_colonies_per_ha,record_type,region,rental_price_mid_yuan,rental_price_per_colony,rental_price_range_yuan,retail_acacia_yuan_per_jin,retail_avg_yuan_per_jin,retail_premium_yuan_per_jin,retail_rape_yuan_per_jin,retail_to_purchase_ratio,retail_wildflower_yuan_per_jin,route,route_count,route_description,route_name,route_pattern,route_provinces_count,route_total_km,route_type,royal_jelly,royal_jelly_farmgate_yuan_per_kg,royal_jelly_yuan_per_kg,rural_per_capita_income_yuan,schedule,section,segment_km,segment_order,self_fertile,semi_migratory_colonies,semi_migratory_cost,semi_migratory_honey_price,semi_migratory_income,semi_migratory_profit,semi_migratory_profit_per_colony,semi_migratory_yield_kg,source_category,source_fao,source_interpolated,source_note,spring_avg_temp_c,start_date,start_day,start_month,stationary_chinese_colonies,stationary_chinese_cost,stationary_chinese_honey_price,stationary_chinese_income,stationary_chinese_profit,stationary_chinese_profit_per_colony,stationary_chinese_yield_kg,stationary_italian_colonies,stationary_italian_cost,stationary_italian_honey_price,stationary_italian_income,stationary_italian_profit,stationary_italian_profit_per_colony,stationary_italian_yield_kg,stay_days,sugar_price_yuan_per_tonne,sunshine_hours,temp_anomaly_c,temp_range_c,to_lat,to_lng,to_location,total_cost,total_enterprises,total_income,total_practitioners,transport_fuel,transport_labor,transport_maintain,transport_mode,transport_toll,transport_total_yuan,trend,type,unit,us_honey_price_usd_per_kg,value,western_bee_pct,year,yield_increase_pct,yield_kg_per_colony,yield_kg_per_ha,yield_per_colony_kg,yoy_growth_pct
bee_product_national_annual,,,,,,,,,3356000,,,,,,,,,,,,,,,,,,,,,,,,,,,,,,,,,,,,,,80.8,,,,,,,,,,,,,53269,,,,,,,,,,,,,,,,,,,,,,,,,,,,,,,,,,,,,,,,,,,,,,53269,,,15.9,,,,,,,,,,,,,,,,,,,,,,,,,,,,,,,,,,,,,,,,,,,,,,,,,,,,,,,,,,,,,,,,,,6.59,,,,,,,,,,,,,,,,,,,,,,,,,,,,,,,,,,,,,,,,,,,,,,,,,,,,,,,,,,,,,,,,,,,,,,,,,,,,,,,,,,,,,,,,,,,,,,,,,,,,,,,,,,1961,,,,,
bee_product_national_annual,,,,,,,,,3460000,,,,,,,,,,,,,,,,,,,,,,,,,,,,,,,,,,,,,,81.7,,,,,,,,,,,,,55000,,,,,,,,,,,,,,,,,,,,,,,,,,,,,,,,,,,,,,,,,,,,,,55000,,,15.9,,,,,,,,,,,,,,,,,,,,,,,,,,,,,,,,,,,,,,,,,,,,,,,,,,,,,,,,,,,,,,,,,,6.73,,,,,,,,,,,,,,,,,,,,,,,,,,,,,,,,,,,,,,,,,,,,,,,,,,,,,,,,,,,,,,,,,,,,,,,,,,,,,,,,,,,,,,,,,,,,,,,,,,,,,,,,,,1962,,,,,
bee_product_national_annual,,,,,,,,,3519000,,,,,,,,,,,,,,,,,,,,,,,,,,,,,,,,,,,,,,84.1,,,,,,,,,,,,,58221,,,,,,,,,,,,,,,,,,,,,,,,,,,,,,,,,,,,,,,,,,,,,,58221,,,16.5,,,,,,,,,,,,,,,,,,,,,,,,,,,,,,,,,,,,,,,,,,,,,,,,,,,,,,,,,,,,,,,,,,6.92,,,,,,,,,,,,,,,,,,,,,,,,,,,,,,,,,,,,,,,,,,,,,,,,,,,,,,,,,,,,,,,,,,,,,,,,,,,,,,,,,,,,,,,,,,,,,,,,,,,,,,,,,,1963,,,,,
bee_product_national_annual,,,,,,,,,3658000,,,,,,,,,,,,,,,,,,,,,,,,,,,,,,,,,,,,,,85.4,,,,,,,,,,,,,60206,,,,,,,,,,,,,,,,,,,,,,,,,,,,,,,,,,,,,,,,,,,,,,60206,,,16.5,,,,,,,,,,,,,,,,,,,,,,,,,,,,,,,,,,,,,,,,,,,,,,,,,,,,,,,,,,,,,,,,,,7.05,,,,,,,,,,,,,,,,,,,,,,,,,,,,,,,,,,,,,,,,,,,,,,,,,,,,,,,,,,,,,,,,,,,,,,,,,,,,,,,,,,,,,,,,,,,,,,,,,,,,,,,,,,1964,,,,,
bee_product_national_annual,,,,,,,,,3757000,,,,,,,,,,,,,,,,,,,,,,,,,,,,,,,,,,,,,,83.0,,,,,,,,,,,,,60205,,,,,,,,,,,,,,,,,,,,,,,,,,,,,,,,,,,,,,,,,,,,,,60205,,,16,,,,,,,,,,,,,,,,,,,,,,,,,,,,,,,,,,,,,,,,,,,,,,,,,,,,,,,,,,,,,,,,,,7.25,,,,,,,,,,,,,,,,,,,,,,,,,,,,,,,,,,,,,,,,,,,,,,,,,,,,,,,,,,,,,,,,,,,,,,,,,,,,,,,,,,,,,,,,,,,,,,,,,,,,,,,,,,1965,,,,,
bee_product_national_annual,,,,,,,,,3849000,,,,,,,,,,,,,,,,,,,,,,,,,,,,,,,,,,,,,,87.2,,,,,,,,,,,,,65000,,,,,,,,,,,,,,,,,,,,,,,,,,,,,,,,,,,,,,,,,,,,,,65000,,,16.9,,,,,,,,,,,,,,,,,,,,,,,,,,,,,,,,,,,,,,,,,,,,,,,,,,,,,,,,,,,,,,,,,,7.45,,,,,,,,,,,,,,,,,,,,,,,,,,,,,,,,,,,,,,,,,,,,,,,,,,,,,,,,,,,,,,,,,,,,,,,,,,,,,,,,,,,,,,,,,,,,,,,,,,,,,,,,,,1966,,,,,
bee_product_national_annual,,,,,,,,,3850000,,,,,,,,,,,,,,,,,,,,,,,,,,,,,,,,,,,,,,85.6,,,,,,,,,,,,,65390,,,,,,,,,,,,,,,,,,,,,,,,,,,,,,,,,,,,,,,,,,,,,,65390,,,17,,,,,,,,,,,,,,,,,,,,,,,,,,,,,,,,,,,,,,,,,,,,,,,,,,,,,,,,,,,,,,,,,,7.64,,,,,,,,,,,,,,,,,,,,,,,,,,,,,,,,,,,,,,,,,,,,,,,,,,,,,,,,,,,,,,,,,,,,,,,,,,,,,,,,,,,,,,,,,,,,,,,,,,,,,,,,,,1967,,,,,
bee_product_national_annual,,,,,,,,,3957000,,,,,,,,,,,,,,,,,,,,,,,,,,,,,,,,,,,,,,89.2,,,,,,,,,,,,,70000,,,,,,,,,,,,,,,,,,,,,,,,,,,,,,,,,,,,,,,,,,,,,,70000,,,17.7,,,,,,,,,,,,,,,,,,,,,,,,,,,,,,,,,,,,,,,,,,,,,,,,,,,,,,,,,,,,,,,,,,7.85,,,,,,,,,,,,,,,,,,,,,,,,,,,,,,,,,,,,,,,,,,,,,,,,,,,,,,,,,,,,,,,,,,,,,,,,,,,,,,,,,,,,,,,,,,,,,,,,,,,,,,,,,,1968,,,,,
bee_product_national_annual,,,,,,,,,4160000,,,,,,,,,,,,,,,,,,,,,,,,,,,,,,,,,,,,,,93.3,,,,,,,,,,,,,75296,,,,,,,,,,,,,,,,,,,,,,,,,,,,,,,,,,,,,,,,,,,,,,75296,,,18.1,,,,,,,,,,,,,,,,,,,,,,,,,,,,,,,,,,,,,,,,,,,,,,,,,,,,,,,,,,,,,,,,,,8.07,,,,,,,,,,,,,,,,,,,,,,,,,,,,,,,,,,,,,,,,,,,,,,,,,,,,,,,,,,,,,,,,,,,,,,,,,,,,,,,,,,,,,,,,,,,,,,,,,,,,,,,,,,1969,,,,,
bee_product_national_annual,,,,,,,,,4165000,,,,,,,,,,,,,,,,,,,,,,,,,,,,,,,,,,,,,,90.4,,,,,,,,,,,,,75000,,,,,,,,,,,,,,,,,,,,,,,,,,,,,,,,,,,,,,,,,,,,,,75000,,,18,,,,,,,,,,,,,,,,,,,,,,,,,,,,,,,,,,,,,,,,,,,,,,,,,,,,,,,,,,,,,,,,,,8.30,,,,,,,,,,,,,,,,,,,,,,,,,,,,,,,,,,,,,,,,,,,,,,,,,,,,,,,,,,,,,,,,,,,,,,,,,,,,,,,,,,,,,,,,,,,,,,,,,,,,,,,,,,1970,,,,,
bee_product_national_annual,,,,,,,,,4370000,,,,,,,,,,,,,,,,,,,,,,,,,,,,,,,,,,,,,,100.2,,,,,,,,,,,,,85407,,,,,,,,,,,,,,,,,,,,,,,,,,,,,,,,,,,,,,,,,,,,,,85407,,,19.5,,,,,,,,,,,,,,,,,,,,,,,,,,,,,,,,,,,,,,,,,,,,,,,,,,,,,,,,,,,,,,,,,,8.52,,,,,,,,,,,,,,,,,,,,,,,,,,,,,,,,,,,,,,,,,,,,,,,,,,,,,,,,,,,,,,,,,,,,,,,,,,,,,,,,,,,,,,,,,,,,,,,,,,,,,,,,,,1971,,,,,
bee_product_national_annual,,,,,,,,,4375000,,,,,,,,,,,,,,,,,,,,,,,,,,,,,,,,,,,,,,103.2,,,,,,,,,,,,,90000,,,,,,,,,,,,,,,,,,,,,,,,,,,,,,,,,,,,,,,,,,,,,,90000,,,20.6,,,,,,,,,,,,,,,,,,,,,,,,,,,,,,,,,,,,,,,,,,,,,,,,,,,,,,,,,,,,,,,,,,8.72,,,,,,,,,,,,,,,,,,,,,,,,,,,,,,,,,,,,,,,,,,,,,,,,,,,,,,,,,,,,,,,,,,,,,,,,,,,,,,,,,,,,,,,,,,,,,,,,,,,,,,,,,,1972,,,,,
bee_product_national_annual,,,,,,,,,4180000,,,,,,,,,,,,,,,,,,,,,,,,,,,,,,,,,,,,,,92.6,,,,,,,,,,,,,82614,,,,,,,,,,,,,,,,,,,,,,,,,,,,,,,,,,,,,,,,,,,,,,82614,,,19.8,,,,,,,,,,,,,,,,,,,,,,,,,,,,,,,,,,,,,,,,,,,,,,,,,,,,,,,,,,,,,,,,,,8.92,,,,,,,,,,,,,,,,,,,,,,,,,,,,,,,,,,,,,,,,,,,,,,,,,,,,,,,,,,,,,,,,,,,,,,,,,,,,,,,,,,,,,,,,,,,,,,,,,,,,,,,,,,1973,,,,,
bee_product_national_annual,,,,,,,,,4185000,,,,,,,,,,,,,,,,,,,,,,,,,,,,,,,,,,,,,,82.5,,,,,,,,,,,,,75000,,,,,,,,,,,,,,,,,,,,,,,,,,,,,,,,,,,,,,,,,,,,,,75000,,,17.9,,,,,,,,,,,,,,,,,,,,,,,,,,,,,,,,,,,,,,,,,,,,,,,,,,,,,,,,,,,,,,,,,,9.09,,,,,,,,,,,,,,,,,,,,,,,,,,,,,,,,,,,,,,,,,,,,,,,,,,,,,,,,,,,,,,,,,,,,,,,,,,,,,,,,,,,,,,,,,,,,,,,,,,,,,,,,,,1974,,,,,
bee_product_national_annual,,,,,,,,,4190000,,,,,,,,,,,,,,,,,,,,,,,,,,,,,,,,,,,,,,87.2,,,,,,,,,,,,,80609,,,,,,,,,,,,,,,,,,,,,,,,,,,,,,,,,,,,,,,,,,,,,,80609,,,19.2,,,,,,,,,,,,,,,,,,,,,,,,,,,,,,,,,,,,,,,,,,,,,,,,,,,,,,,,,,,,,,,,,,9.24,,,,,,,,,,,,,,,,,,,,,,,,,,,,,,,,,,,,,,,,,,,,,,,,,,,,,,,,,,,,,,,,,,,,,,,,,,,,,,,,,,,,,,,,,,,,,,,,,,,,,,,,,,1975,,,,,
bee_product_national_annual,,,,,,,,,4195000,,,,,,,,,,,,,,,,,,,,,,,,,,,,,,,,,,,,,,77.9,,,,,,,,,,,,,73000,,,,,,,,,,,,,,,,,,,,,,,,,,,,,,,,,,,,,,,,,,,,,,73000,,,17.4,,,,,,,,,,,,,,,,,,,,,,,,,,,,,,,,,,,,,,,,,,,,,,,,,,,,,,,,,,,,,,,,,,9.37,,,,,,,,,,,,,,,,,,,,,,,,,,,,,,,,,,,,,,,,,,,,,,,,,,,,,,,,,,,,,,,,,,,,,,,,,,,,,,,,,,,,,,,,,,,,,,,,,,,,,,,,,,1976,,,,,
bee_product_national_annual,,,,,,,,,4300000,,,,,,,,,,,,,,,,,,,,,,,,,,,,,,,,,,,,,,81.5,,,,,,,,,,,,,77316,,,,,,,,,,,,,,,,,,,,,,,,,,,,,,,,,,,,,,,,,,,,,,77316,,,18,,,,,,,,,,,,,,,,,,,,,,,,,,,,,,,,,,,,,,,,,,,,,,,,,,,,,,,,,,,,,,,,,,9.49,,,,,,,,,,,,,,,,,,,,,,,,,,,,,,,,,,,,,,,,,,,,,,,,,,,,,,,,,,,,,,,,,,,,,,,,,,,,,,,,,,,,,,,,,,,,,,,,,,,,,,,,,,1977,,,,,
bee_product_national_annual,,,,,,,,,4356919,,,,,,,,,,,,,,,,,,,,,,,,,,,,,,,,,,,,,,77.9,,,,,,,,,,,,,75000,,,,,,,,,,,,,,,,,,,,,,,,,,,,,,,,,,,,,,,,,,,,,,75000,,,17.2,,,,,,,,,,,,,,,,,,,,,,,,,,,,,,,,,,,,,,,,,,,,,,,,,,,,,,,,,,,,,,,,,,9.63,,,,,,,,,,,,,,,,,,,,,,,,,,,,,,,,,,,,,,,,,,,,,,,,,,,,,,,,,,,,,,,,,,,,,,,,,,,,,,,,,,,,,,,,,,,,,,,,,,,,,,,,,,1978,,,,,
bee_product_national_annual,,,,,,,,,4429315,,,,,,,,,,,,,,,,,,,,,,,,,,,,,,,,,,,,,,113.3,,,,,,,,,,,,,110495,,,,,,,,,,,,,,,,,,,,,,,,,,,,,,,,,,,,,,,,,,,,,,110495,,,24.9,,,,,,,,,,,,,,,,,,,,,,,,,,,,,,,,,,,,,,,,,,,,,,,,,,,,,,,,,,,,,,,,,,9.75,,,,,,,,,,,,,,,,,,,,,,,,,,,,,,,,,,,,,,,,,,,,,,,,,,,,,,,,,,,,,,,,,,,,,,,,,,,,,,,,,,,,,,,,,,,,,,,,,,,,,,,,,,1979,,,,,
bee_product_national_annual,,,,,,,,,5552809,,,,,,,,,,,,,,,,,,,,,,,,,,,,,,,,,,,,,,121.6,,,,,,,,,,,,,120000,,,,,,,,,,,,,,,,,,,,,,,,,,,,,,,,,,,,,,,,,,,,,,120000,,,21.6,,,,,,,,,,,,,,,,,,,,,,,,,,,,,,,,,,,,,,,,,,,,,,,,,,,,,,,,,,,,,,,,,,9.87,,,,,,,,,,,,,,,,,,,,,,,,,,,,,,,,,,,,,,,,,,,,,,,,,,,,,,,,,,,,,,,,,,,,,,,,,,,,,,,,,,,,,,,,,,,,,,,,,,,,,,,,,,1980,,,,,
bee_product_national_annual,,,,,,,,,6155564,,,,,,,,,,,,,,,,,,,,,,,,,,,,,,,,,,,,,,116.0,,,,,,,,,,,,,116070,,,,,,,,,,,,,,,,,,,,,,,,,,,,,,,,,,,,,,,,,,,,,,116070,,,18.9,,,,,,,,,,,,,,,,,,,,,,,,,,,,,,,,,,,,,,,,,,,,,,,,,,,,,,,,,,,,,,,,,,10.01,,,,,,,,,,,,,,,,,,,,,,,,,,,,,,,,,,,,,,,,,,,,,,,,,,,,,,,,,,,,,,,,,,,,,,,,,,,,,,,,,,,,,,,,,,,,,,,,,,,,,,,,,,1981,,,,,
bee_product_national_annual,,,,,,,,,6347365,,,,,,,,,,,,,,,,,,,,,,,,,,,,,,,,,,,,,,133.7,,,,,,,,,,,,,136000,,,,,,,,,,,,,,,,,,,,,,,,,,,,,,,,,,,,,,,,,,,,,,136000,,,21.4,,,,,,,,,,,,,,,,,,,,,,,,,,,,,,,,,,,,,,,,,,,,,,,,,,,,,,,,,,,,,,,,,,10.17,,,,,,,,,,,,,,,,,,,,,,,,,,,,,,,,,,,,,,,,,,,,,,,,,,,,,,,,,,,,,,,,,,,,,,,,,,,,,,,,,,,,,,,,,,,,,,,,,,,,,,,,,,1982,,,,,
bee_product_national_annual,,,,,,,,,6560359,,,,,,,,,,,,,,,,,,,,,,,,,,,,,,,,,,,,,,142.6,,,,,,,,,,,,,146905,,,,,,,,,,,,,,,,,,,,,,,,,,,,,,,,,,,,,,,,,,,,,,146905,,,22.4,,,,,,,,,,,,,,,,,,,,,,,,,,,,,,,,,,,,,,,,,,,,,,,,,,,,,,,,,,,,,,,,,,10.30,,,,,,,,,,,,,,,,,,,,,,,,,,,,,,,,,,,,,,,,,,,,,,,,,,,,,,,,,,,,,,,,,,,,,,,,,,,,,,,,,,,,,,,,,,,,,,,,,,,,,,,,,,1983,,,,,
bee_product_national_annual,,,,,,,,,6734471,,,,,,,,,,,,,,,,,,,,,,,,,,,,,,,,,,,,,,141.3,,,,,,,,,,,,,147500,,,,,,,,,,,,,,,,,,,,,,,,,,,,,,,,,,,,,,,,,,,,,,147500,,,21.9,,,,,,,,,,,,,,,,,,,,,,,,,,,,,,,,,,,,,,,,,,,,,,,,,,,,,,,,,,,,,,,,,,10.44,,,,,,,,,,,,,,,,,,,,,,,,,,,,,,,,,,,,,,,,,,,,,,,,,,,,,,,,,,,,,,,,,,,,,,,,,,,,,,,,,,,,,,,,,,,,,,,,,,,,,,,,,,1984,,,,,
bee_product_national_annual,,,,,,,,,7016049,,,,,,,,,,,,,,,,,,,,,,,,,,,,,,,,,,,,,,148.3,,,,,,,,,,,,,157062,,,,,,,,,,,,,,,,,,,,,,,,,,,,,,,,,,,,,,,,,,,,,,157062,,,22.4,,,,,,,,,,,,,,,,,,,,,,,,,,,,,,,,,,,,,,,,,,,,,,,,,,,,,,,,,,,,,,,,,,10.59,,,,,,,,,,,,,,,,,,,,,,,,,,,,,,,,,,,,,,,,,,,,,,,,,,,,,,,,,,,,,,,,,,,,,,,,,,,,,,,,,,,,,,,,,,,,,,,,,,,,,,,,,,1985,,,,,
bee_product_national_annual,,,,,,,,,6909040,,,,,,,,,,,,,,,,,,,,,,,,,,,,,,,,,,,,,,160,,,,,,,,,,,,,172000,,,,,,,,,,,,,,,,,,,,,,,,,,,,,,,,,,,,,,,,,,,,,,172000,,,24.9,,,,,,,,,,,,,,,,,,,,,,,,,,,,,,,,,,,,,,,,,,,,,,,,,,,,,,,,,,,,,,,,,,10.75,,,,,,,,,,,,,,,,,,,,,,,,,,,,,,,,,,,,,,,,,,,,,,,,,,,,,,,,,,,,,,,,,,,,,,,,,,,,,,,,,,,,,,,,,,,,,,,,,,,,,,,,,,1986,,,,,
bee_product_national_annual,,,,,,,,,6881040,,,,,,,,,,,,,,,,,,,,,,,,,,,,,,,,,,,,,,187.8,,,,,,,,,,,,,205320,,,,,,,,,,,,,,,,,,,,,,,,,,,,,,,,,,,,,,,,,,,,,,205320,,,29.8,,,,,,,,,,,,,,,,,,,,,,,,,,,,,,,,,,,,,,,,,,,,,,,,,,,,,,,,,,,,,,,,,,10.93,,,,,,,,,,,,,,,,,,,,,,,,,,,,,,,,,,,,,,,,,,,,,,,,,,,,,,,,,,,,,,,,,,,,,,,,,,,,,,,,,,,,,,,,,,,,,,,,,,,,,,,,,,1987,,,,,
bee_product_national_annual,,,,,,,,,7815910,,,,,,,,,,,,,,,,,,,,,,,,,,,,,,,,,,,,,,175.7,,,,,,,,,,,,,195000,,,,,,,,,,,,,,,,,,,,,,,,,,,,,,,,,,,,,,,,,,,,,,195000,,,24.9,,,,,,,,,,,,,,,,,,,,,,,,,,,,,,,,,,,,,,,,,,,,,,,,,,,,,,,,,,,,,,,,,,11.10,,,,,,,,,,,,,,,,,,,,,,,,,,,,,,,,,,,,,,,,,,,,,,,,,,,,,,,,,,,,,,,,,,,,,,,,,,,,,,,,,,,,,,,,,,,,,,,,,,,,,,,,,,1988,,,,,
bee_product_national_annual,,,,,,,,,7808208,,,,,,,,,,,,,,,,,,,,,,,,,,,,,,,,,,,,,,171.4,,,,,,,,,,,,,193124,,,,,,,,,,,,,,,,,,,,,,,,,,,,,,,,,,,,,,,,,,,,,,193124,,,24.7,,,,,,,,,,,,,,,,,,,,,,,,,,,,,,,,,,,,,,,,,,,,,,,,,,,,,,,,,,,,,,,,,,11.27,,,,,,,,,,,,,,,,,,,,,,,,,,,,,,,,,,,,,,,,,,,,,,,,,,,,,,,,,,,,,,,,,,,,,,,,,,,,,,,,,,,,,,,,,,,,,,,,,,,,,,,,,,1989,,,,,
bee_product_national_annual,,,,,,,,,7483472,,,,,,,,,,,,,,,,,,,,,,,,,,,,,,,,,,,,,,168.9,,,,,,,,,,,,,193000,,,,,,,,,,,,,,,,,,,,,,,,,,,,,,,,,,,,,,,,,,,,,,193000,,,25.8,,,,,,,,,,,,,,,,,,,,,,,,,,,,,,,,,,,,,,,,,,,,,,,,,,,,,,,,,,,,,,,,,,11.43,,,,,,,,,,,,,,,,,,,,,,,,,,,,,,,,,,,,,,,,,,,,,,,,,,,,,,,,,,,,,,,,,,,,,,,,,,,,,,,,,,,,,,,,,,,,,,,,,,,,,,,,,,1990,,,,,
bee_product_national_annual,,,,,,,,,7786087,,,,,,,,,,,,,,,,,,,,,,,,,,,,,,,,,,,,,,179.6,,,,,,,,,,,,,208000,,,,,,,,,,,,,,,,,,,,,,,,,,,,,,,,,,,,,,,,,,,,,,208000,,,26.7,,,,,,,,,,,,,,,,,,,,,,,,,,,,,,,,,,,,,,,,,,,,,,,,,,,,,,,,,,,,,,,,,,11.58,,,,,,,,,,,,,,,,,,,,,,,,,,,,,,,,,,,,,,,,,,,,,,,,,,,,,,,,,,,,,,,,,,,,,,,,,,,,,,,,,,,,,,,,,,,,,,,,,,,,,,,,,,1991,,,,,
bee_product_national_annual,,,,,,,,,7700420,,,,,,,,,,,,,,,,,,,,,,,,,,,,,,,,,,,,,,156.3,,,,,,,,,,,,,183175,,,,,,,,,,,,,,,,,,,,,,,,,,,,,,,,,,,,,,,,,,,,,,183175,,,23.8,,,,,,,,,,,,,,,,,,,,,,,,,,,,,,,,,,,,,,,,,,,,,,,,,,,,,,,,,,,,,,,,,,11.72,,,,,,,,,,,,,,,,,,,,,,,,,,,,,,,,,,,,,,,,,,,,,,,,,,,,,,,,,,,,,,,,,,,,,,,,,,,,,,,,,,,,,,,,,,,,,,,,,,,,,,,,,,1992,,,,,
bee_product_national_annual,,,,,,,,,7176170,,,,,,,,,,,,,,,,,,,,,,,,,,,,,,,,,,,,,,147.7,,,,,,,,,,,,,175000,,,,,,,,,,,,,,,,,,,,,,,,,,,,,,,,,,,,,,,,,,,,,,175000,,,24.4,,,,,,,,,,,,,,,,,,,,,,,,,,,,,,,,,,,,,,,,,,,,,,,,,,,,,,,,,,,,,,,,,,11.85,,,,,,,,,,,,,,,,,,,,,,,,,,,,,,,,,,,,,,,,,,,,,,,,,,,,,,,,,,,,,,,,,,,,,,,,,,,,,,,,,,,,,,,,,,,,,,,,,,,,,,,,,,1993,,,,,
bee_product_national_annual,,,,,,,,,6583250,,,,,,,,,,,,,,,,,,,,,,,,,,,,,,,,,,,,,,65.9,,,,,,,,,,,,,79070,,,,,,,,56.4,102102,,11200,,,,,,,,,,,,,,,,,,,,,,,,,,,,,,,,,,,181172,,,27.5,,,,,,,,,,,,,,,,,,,,,,,,,,,,,,,,,,,,,,,,,,,,,,,,,,,,,,,,,,,,,,,,,,11.99,,,,,,,,,,,,,,,,,,,,,,,,,,,,,,,,,,,,,,,,,,,,,,,,,,,,,,,,,,,,,,,,,,,,,,,,,,,,,,,,,,,,,,,,,,,,,,,,,,,,,,,,,,1994,,,,,
bee_product_national_annual,,,,,,,,,6431375,,,,,,,,,,,,,,,,,,,,,,,,,,,,,,,,,,,,,,74.9,,,,,,,,,,,,,90699,,,,,,,,49.0,86991,,9600,,,,,,,,,,,,,,,,,,,,,,,,,,,,,,,,,,,177690,,,27.6,,,,,,,,,,,,,,,,,,,,,,,,,,,,,,,,,,,,,,,,,,,,,,,,,,,,,,,,,,,,,,,,,,12.11,,,,,,,,,,,,,,,,,,,,,,,,,,,,,,,,,,,,,,,,,,,,,,,,,,,,,,,,,,,,,,,,,,,,,,,,,,,,,,,,,,,,,,,,,,,,,,,,,,,,,,,,,,1995,,,,,
bee_product_national_annual,,,,,,,,,6390434,,,,,,,,,,,,,,,,,,,,,,,,,,,,,,,,,,,,,,86.1,,,,,,,,,,,,,105330,,,,,,,,44.2,83461,,8300,,,,,,,,,,,,,,,,,,,,,,,,,,,,,,,,,,,188791,,,29.5,,,,,,,,,,,,,,,,,,,,,,,,,,,,,,,,,,,,,,,,,,,,,,,,,,,,,,,,,,,,,,,,,,12.24,,,,,,,,,,,,,,,,,,,,,,,,,,,,,,,,,,,,,,,,,,,,,,,,,,,,,,,,,,,,,,,,,,,,,,,,,,,,,,,,,,,,,,,,,,,,,,,,,,,,,,,,,,1996,,,,,
bee_product_national_annual,,,,,,,,,6924345,,,,,,,,,,,,,,,,,,,,,,,,,,,,,,,,,,,,,,131.7,,,,,,,,,,,,,162783,,,,,,,,22.9,48217,,4300,,,,,,,,,,,,,,,,,,,,,,,,,,,,,,,,,,,211000,,,30.5,,,,,,,,,,,,,,,,,,,,,,,,,,,,,,,,,,,,,,,,,,,,,,,,,,,,,,,,,,,,,,,,,,12.36,,,,,,,,,,,,,,,,,,,,,,,,,,,,,,,,,,,,,,,,,,,,,,,,,,,,,,,,,,,,,,,,,,,,,,,,,,,,,,,,,,,,,,,,,,,,,,,,,,,,,,,,,,1997,,,,,
bee_product_national_annual,,,,,,,,,7108550,,,,,,,,,,,,,,,,,,,,,,,,,,,,,,,,,,,,,,105.8,,,,,,,,,,,,,132013,,,,,,,,37.3,78678,,6300,,,,,,,,,,,,,,,,,,,,,,,,,,,,,,,,,,,210691,,,29.6,,,,,,,,,,,,,,,,,,,,,,,,,,,,,,,,,,,,,,,,,,,,,,,,,,,,,,,,,,,,,,,,,,12.48,,,,,,,,,,,,,,,,,,,,,,,,,,,,,,,,,,,,,,,,,,,,,,,,,,,,,,,,,,,,,,,,,,,,,,,,,,,,,,,,,,,,,,,,,,,,,,,,,,,,,,,,,,1998,,,,,
bee_product_national_annual,,,,,,,,,7202550,,,,,,,,,,,,,,,,,,,,,,,,,,,,,,,,,,,,,,113.5,,,,,,,,,,,,,142812,,,,,,,,37.9,87188,,7000,,,,,,,,,,,,,,,,,,,,,,,,,,,,,,,,,,,230000,,,31.9,,,,,,,,,,,,,,,,,,,,,,,,,,,,,,,,,,,,,,,,,,,,,,,,,,,,,,,,,,,,,,,,,,12.58,,,,,,,,,,,,,,,,,,,,,,,,,,,,,,,,,,,,,,,,,,,,,,,,,,,,,,,,,,,,,,,,,,,,,,,,,,,,,,,,,,,,,,,,,,,,,,,,,,,,,,,,,,1999,,,,,
bee_product_national_annual,,,,,,,,,7494970,,,,,,5,,269444,,,,,,,,15,,,,,,,,,,,,,,,,,,,,,,120.8,,,,,27000,,,,,,,,153039,,,,,,,,39.2,98800,0.95,9400,,,,,,,,,,,,,,,,,,,,,,,,,,,,66.0,,,,,,,251839,,,33.6,,,,,,,53000,,,,,,,,,,,,,,,,,,,,,,,,,,,,,,,,,,,,,,,,,,,,,,,,,,,16.5,,15,,3.8,,,,12.67,,,,,,,,,,,26000,,40,60,,,,,,,,,,,,,,,,,,,,,,,,,,,,,,,75,80,,,,,,,,,,,,,,,,,,,,,,,,,,,,,,,,,,,,,,,,,,,,,,,,,,,,,,,,,,,,2000,,,,,
bee_product_national_annual,,,,,,,,,7598410,,,,,,5,,265946,,,,,,,,16,,,,,,,,,,,,,,,,,,,,,,113.6,,,,,,,,,,,,,144900,,,,,,,,42.4,106700,0.92,9800,,,,,,,,,,,,,,,,,,,,,,,,,,,,,,,,,,,251600,,,33.1,,,,,,,,,,,,,,,,,,,,,,,,,,,,,,,,,,,,,,,,,,,,,,,,,,,,,,,,,,,,16,,,,,,12.76,,,,,,,,,,,,,,65,,,,,,,,,,,,,,,,,,,,,,,,,,,,,,,,85,,,,,,,,,,,,,,,,,,,,,,,,,,,,,,,,,,,,,,,,,,,,,,,,,,,,,,,,,,,,2001,,,,,
bee_product_national_annual,,,,,,,,,7699630,,,,,,6,,263158,,,,,,,,17,,,,,,,,,,,,,,,,,,,,,,112.4,,,,,,,,,,,,,144430,,,,,,,,46.1,123400,0.89,11000,,,,,,,,,,,,,,,,,,,,,,,,,,,,,,,,,,,267830,,,34.8,,,,,,,,,,,,,,,,,,,,,,,,,,,,,,,,,,,,,,,,,,,,,,,,,,,,,,,,,,,,17,,,,,,12.85,,,,,,,,,,,,,,70,,,,,,,,,,,,,,,,,,,,,,,,,,,,,,,,90,,,,,,,,,,,,,,,,,,,,,,,,,,,,,,,,,,,,,,,,,,,,,,,,,,,,,,,,,,,,2002,,,,,
bee_product_national_annual,,,,,,,,,7900720,,,,,,6,,260513,,,,,,,,18,,,,,,,,,,,,,,,,,,,,,,115.0,,,,,,,,,,,,,148586,,,,,,,,48.5,140200,0.89,12500,,,,,,,,,,,,,,,,,,,,,,,,,,,,,,,,,,,288786,,,36.6,,,,,,,,,,,,,,,,,,,,,,,,,,,,,,,,,,,,,,,,,,,,,,,,,,,,,,,,,,,,18,,,,,,12.92,,,,,,,,,,,,,,75,,,,,,,,,,,,,,,,,,,,,,,,,,,,,,,,95,,,,,,,,,,,,,,,,,,,,,,,,,,,,,,,,,,,,,,,,,,,,,,,,,,,,,,,,,,,,2003,,,,,
bee_product_national_annual,,,,,,,,,8101530,,,,,,7,,258000,,,,,,,,20,,,,,,,,,,,,,,,,,,,,,,125.5,,,,,,,,,,,,,163187,,,,,,,,45.2,134800,0.88,11800,,,,,,,,,,,,,,,,,,,,,,,,,,,,,,,,,,,297987,,,36.8,,,,,,,,,,,,,,,,,,,,,,,,,,,,,,,,,,,,,,,,,,,,,,,,,,,,,,,,,,,,20,,,,,,13,,,,,,,,,,,,,,80,,,,,,,,,,,,,,,,,,,,,,,,,,,,,,,,100,,,,,,,,,,,,,,,,,,,,,,,,,,,,,,,,,,,,,,,,,,,,,,,,,,,,,,,,,,,,2004,,,,,
bee_product_national_annual,,,,,,,,,8338930,,,,,,7,,256098,,,,,,,,22,,,,,,,,,,,,,,,,,,,,,,115.1,,,,,27000,,,,,,,,150600,,,,,,,,48.6,142600,0.88,12500,,,,,,,,,,,,,,,,,,,,,,,,,,,,66.0,,,,,,,293200,,,35.2,,,,,,,53000,,,,,,,,,,,,,,,,,,,,,,,,,,,,,,,,,,,,,,,,,,,,,,,,,,,22.5,,22,,3.8,,,,13.08,,5850,7150,,,4150,,,,,26000,,50,90,,,,,,4,8000,,,,,,,,,15,12,30,10,3,8,,,,,,,,,,90,110,,,,,,,,,,,,,,,,,,,,,,,,,,,,,,,,,,,,,,,,,,,,,,,,,,,,,,,,,2.50,,,2005,,,,,
bee_product_national_annual,,,,,,,,,8480750,,,,,,8,,254762,,,,,,,,25,,,,,,,,,,,,,,,,,,,,,,137.3,,,,,57700,,,,,,,,180378,,,,,,,,46.6,157200,0.86,13500,,,,,,,,,,,,,,,,,,,,,,,,,,,,29200,,,,,,,337578,,,39.8,,,,,,,2.60,,,,,,,,,,,,,,,,,,,,,,,,,,,,,,,,,,,,,,,,,,,,,,,,,,,,,24,,65.9,,,,13.14,,11000,,,,4750,,,,,28500,,,100,,,,,,4.3,8500,,,,,,,,,16,13,32,11,3,9,,,,,,,,,,100,120,,,,,,,,,,,,,,,,,,,,,,,,,,,,,,,,,,,,,,,,,,,,,,,,,,,,,,,,,,,,2006,,,,,
bee_product_national_annual,,,,,,,,,8573050,,,,,,8,,253488,,,,,,,,28,,,,,,,,,,,,,,,,,,,,,,142.8,,,,,62300,,,,,,,,188600,,,,,,,,46.7,165400,0.86,14200,,,,,,,,,,,,,,,,,,,,,,,,,,,,31800,,,,,,,354000,,,41.3,,,,,,,2.65,,,,,,,,,,,,,,,,,,,,,,,,,,,,,,,,,,,,,,,,,,,,,,,,,,,,,26,,65.8,,,,13.21,,9000,,,,4500,,,,,30500,,,110,,,,,,4.5,9000,,,,,,,,,18,14,35,12,3.1,10,,,,,,,,,,110,130,,,,,,,,,,,,,,,,,,,,,,,,,,,,,,,,,,,,,,,,,,,,,,,,,,,,,,,,,,,,2007,,,,,
bee_product_national_annual,,,,,,,,,8771200,,,,,,9,,254545,,,,,,,,30,,,,,,,,,,,,,,,,,,,,,,184.6,,,,,68100,,,,,,,,245119,,,,,,,,39.8,162100,0.96,15500,,,,,,,,,,,,,,,,,,,,,,,,,,,,34600,,,,,,,407219,,,46.4,,,,,,,2.70,,,,,,,,,,,,,,,,,,,,,,,,,,,,,,,,,,,,,,,,,,,,,,,,,,,,,28,,66.1,,,,13.28,,12000,,,,5000,,,,,33500,,,120,,,,,,4.8,9500,,,,,,,,,20,16,38,14,3.3,12,,,,,,,,,,120,140,,,,,,,,,,,,,,,,,,,,,,,,,,,,,,,,,,,,,,,,,,,,,,,,,,,,,,,,,60,,,2008,,,,,
bee_product_national_annual,,,,,,,,,8827150,,,,,,10,,261364,,,,,,,,32,,,,,,,,,,,,,,,,,,,,,,173.6,,,,,35500,,,,,,,,231800,,,,,,,,42.3,170200,0.95,16200,,,,,,,,,,,,,,,,,,,,,,,,,,,,66.3,,,,,,,402000,,,45.5,,,,,,,72400,,,,,,,,,,,,,,,,,,,,,,,,,,,,,,,,,,,,,,,,,,,,,,,,,,,32.5,,30,,4.1,,,,13.35,,14000,,,,5500,,,,,36900,,70,130,,,,,,5,10000,,,,,,,,,22,18,40,15,3.6,13,,,,,,,,,,135,150,,,,,,,,,,,,,,,,,,,,,,,,,,,,,,,,,,,,,,,,,,,,,,,,,,,,,,,,,2.75,,,2009,,,,,
bee_product_national_annual,,,,,,,,,8897730,,,,,,10,,268182,,,,,,,,35,,,,,,,,,,,,,,,,,,,,,,174.2,,,,,39000,,,,,,,,233549,,,,,,,,42.9,175600,1.01,17800,,,,,,,,,,,,,,,,,,,,,,,,,,,,65.9,,,,,,,409149,,,46,,,,,,,78900,,,,,,,,,,,,,,,,,,,,,,,,,,,,,,,,,,,,,,,,,,,,,,,,,,,32.5,,32,,4.4,,,,13.41,,16000,,11000,,6000,,,,,39900,,85,140,,,,,,6,12000,,,,,,,,,25,20,45,18,3.3,15,,,,,,,,,,140,160,,,,,,,,,,,,,,,,,,,,,,,,,,,,,,,,,,,,,,,,,,,,,,,,,,,,,,,,,2.80,,,2010,,,,,
bee_product_national_annual,,,,,,,,,8953870,,,,,,11,,268889,,,,,,,,38,,,,,,,,,,,,,,,,,,,,,,203.6,,,,,43000,,,,,,,,274189,,,,,,,,38.5,171900,1.06,18200,,,,,,,,,,,,,,,,,,,,,,,,,,,,66.7,,,,,,,446089,,,49.8,,,,,,,87000,,,,,,,,,,,,,,,,,,,,,,,,,,,,,,,,,,,,,,,,,,,,,,,,,,,35,,35,,4.6,,,,13.47,,17500,11000,11000,,6500,,,,,44000,,100,150,,,,,,6.5,13000,,,,,,,,,28,22,50,20,3.4,16,,,,,,,,,,150,170,,,,,,,,,,,,,,,,,,,,,,,,,,,,,,,,,,,,,,,,,,,,,,,,,,,,,,,,,2.90,,,2011,,,,,
bee_product_national_annual,,,,,,,,,8987204,,,,,,12,,269565,,,,,,,,40,,,,,,,,,,,,,,,,,,,,,,209.8,,,,,45600,,,,,,,,284003,,,,,,,,38.6,178200,1.09,19500,,,,,,,,,,,,,,,,,,,,,,,,,,,,66.7,,,,,,,462203,,,51.4,,,,,,,93000,,,,,,,,,,,,,,,,,,,,,,,,,,,,,,,,,,,,,,,,,,,,,,,,,,,37.5,,38,,4.8,,,,13.54,,18500,12000,12000,,6500,,,,,47400,,120,160,,,,,,6.8,13500,,,,,,,,,30,25,55,22,3.7,18,,,,,,,,,,160,180,,,,,,,,,,,,,,,,,,,,,,,,,,,,,,,,,,,,,,,,,,,,,,,,,,,,,,,,,2.95,,,2012,,,,,
bee_product_national_annual,,,,,,,,,9020000,,,,,,12,,270213,,,,,,,,42,,,,,,,,,,,,,,,,,,,,,,186.7,,,,,47500,,,,,,,,254100,,,,,,,,41.8,182500,1.12,20500,,,,,,,,,,,,,,,,,,,,,,,,,,,,66.5,,,,,,,436600,,,48.4,,,,,,,96200,,,,,,,,,,,,,,,,,,,,,,,,,,,,,,,,,,,,,,,,,,,,,,,,,,,38.5,44,40,,5.0,,,,13.61,,19500,12000,13500,,6250,,,,,48700,,140,170,,,,,,7,14000,,,,,,,,,32,26,58,23,3.7,18,,,,,,,,,,170,190,,,,,,,,,,,,,,,,,,,,,,,,,,,,,,,,,,,,,,,,,,,,,,,,,,,,,,,,,3.00,,,2013,,,,,
bee_product_national_annual,,,,,,,,,9075000,,,,,,13,,270833,,,,,,,,45,,,,,,,,,,,,,,,,,,,,,,210.5,,,,,51000,,,,,,,,287986,,,,,,,,39.3,186800,1.17,21800,,,,,,,,,,,,,,,,,,,,,,,,,,,,67.3,,,,,,,474786,,,52.3,,,,,,,104000,,,,,,,,,,,,,,,,,,,,,,,,,,,,,,,,,,,,,,,,,,,,,,,,,,,29,37.5,42,,5.0,,,,13.68,,17500,13000,16000,,6000,,,,,53000,,283.5,180,,,,,,7.3,14500,,,,,,,,,33,27,60,24,3.7,19,,,,,,,,,,107.5,200,,,,,,,,,,,,,,,,,,,,,,,,,,,,,,,,,,,,,,,,,,,,,,,,,,,,,,,,,3.10,,,2014,,,,,
bee_product_national_annual,,,,,,,,,9129857,,,,,,14,,277083,,,,,,,,48,,,,,,,,,,,,,,,,,,,,,,213.5,,,,,55000,,,,,,,,293600,,,,,,,,38.0,179600,1.20,21500,,,,,,,,,,,,,,,,,,,,,,,,,,,,67.0,,,,,,,473200,,,51.8,,,,,,,112000,,,,,,,,,,,,,,,,,,,,,,,,,,,,,,,,,,,,,,,,,,,,,,,,,,,31,,45,,5.4,,,,13.75,,16000,14000,17500,,7000,,,,,57000,,260,200,,,,,,7.5,15000,,,,,,,,,35,28,65,25,3.7,20,,,,,,,,,,115,210,,,,,,,,,,,,,,,,,,,,,,,,,,,,,,,,,,,,,,,,,,,,,,,,,,,,,,,,,3.20,,,2015,,,,,
bee_product_national_annual,,,,,,,,,9184254,,,,,,15,,277551,,,,,,,,50,,,,,,,,,,,,,,,,,,,,,,281.8,,,,,54900,,,,,,,,389675,,,,,,,,30.8,173200,1.21,21000,,,,,,,,,,,,,,,,,,,,,,,,,,,,67.2,,,,,,,562875,,,61.3,,,,,,,119100,,,,,,,,,,,,,,,,,,,,,,,,,,,,,,,,,,,,,,,,,,,,,,,,,,,33,,48,,5.5,,,,13.83,,14500,13500,19000,,10000,,,,,64200,,240,210,,,,,,7.3,14500,,,,,,,,,36,30,68,26,4.1,20,,,,,,,,,,125,220,,,,,,,,,,,,,,,,,,,,,,,,,,,,,,,,,,,,,,,,,,,,,,,,,,,,,,,,,3.15,,,2016,,,,,
bee_product_national_annual,,,,,,,,,9238330,,,,,,16,,278000,,,,,,,,52,,,,,,,,,,,,,,,,,,,,,,268.8,,,,,52500,,,,,,,,373644,,,,,,,,31.1,168900,1.21,20500,,,,,,,,,,,,,,,,,,,,,,,,,,,,65.7,,,,,,,542543.6,,,58.7,,,,,,,103500,,,,,,,,,,,,,,,,,,,,,,,,,,,,,,,,,,,,,,,,,,,,,,,,,,,35,45,50,,6.8,,,,13.90,,17000,14000,14000,,8000,,,,,51000,,220,220,,,,,,6.5,13000,,,,,,,,,35,30,65,26,4.6,20,,,,,,,,,,135,230,,,,,,,,,,,,,,,,,,,,,,,,,,,,,,,,,,,,,,,,,,,,,,,,,,,,,,,,,3.10,,,2017,,,,,
bee_product_national_annual,,,,,,,,,9291246,,,,,,17,,284000,,,,,,,,55,,,,,,,,,,,,,,,,,,,,,,203.9,,,,,55500,,,,,,,,284382,,,,,,,,37.8,172800,1.23,21200,,,,,,,,,,,,,,,,,,,,,,,,,,,,65.9,,,,,,,457181.6,,,49.2,,,,,,,109300,,,,,,,,,,,,,,,,,,,,,,,,,,,,,,,,,,,,,,,,,,,,,,,,,,,33,44,52,,6.9,,,,13.95,,20500,14000,11000,,8750,,,,,53800,,205,230,,,,,,6.8,13500,,,,,,,,,36,32,68,27,4.7,22,,,,,,,,,,140,240,,,,,,,,,,,,,,,,,,,,,,,,,,,,,,,,,,,,,,,,,,,,,,,,,,,,,,,,,3.05,,,2018,,,,,
bee_product_national_annual,,,,,,,,,9348707,,,,,,18,,284314,,,,,,,,58,,,,,,,,,,,,,,,,,,,,,,201.1,,,,,59500,,,,,,,,281561,,,,,,,,37.0,165400,1.20,19800,,,,,,,,,,,,,,,,,,,,,,,,,,,,66.3,,,,,,,446960.8,,,47.8,,,,,,,117700,,,,,,,,,,,,,,,,,,,,,,,,,,,,,,,,,,,,,,,,,,,,,,,,,,,32.5,43,55,,6.8,,,,14,,15000,13500,13000,,8000,,,,,58200,,200,240,,,,,,7,14000,,,,,,,,,38,33,70,28,4.7,22,,,,,,,,,,150,250,,,,,,,,,,,,,,,,,,,,,,,,,,,,,,,,,,,,,,,,,,,,,,,,,,,,,,,,,3.00,,,2019,,,,,
bee_product_national_annual,,,,,,,,,9360311,,,,,,20,,284615,,,,,,,,60,,,,,,,,,,,,,,,,,,,,,,222.5,,,,,65000,,,,,,,,314187,,,,,,,,32.6,152300,1.21,18500,,,,,,,,,,,,,,,,,,,,,,,,,,,,66.4,,,,,,,466486.7,,,49.8,,,,,,,128000,,,,,,,,,,,,,,,,,,,,,,,,,,,,,,,,,,,,,,,,,,,,,,,,,,,31,41,55,,6.6,,,,14.12,,12500,12500,12000,,7000,,,,,63000,,190,250,,,,,,6,12000,,,,,,,,,38,34,72,28,5.7,23,,,,,,,,,,140,260,,,,,,,,,,,,,,,,,,,,,,,,,,,,,,,,,,,,,,,,,,,,,,,,,,,,,,,,,2.95,,,2020,,,,,
bee_product_national_annual,,,,,,,,,9391575,,,,,,22,,290385,,,,,,,,62,,,,,,,,,,,,,,,,,,,,,,222.2,,,,,68500,,,,,,,,314000,,,,,,,,33.6,158700,1.25,19800,,,,,,,,,,,,,,,,,,,,,,,,,,,,66.4,,,,,,,472700,,,50.3,,,,,,,135500,,,,,,,,,,,,,,,,,,,,,,,,,,,,,,,,,,,,,,,,,,,,,,,,,,,30,39,58,,7.0,,,,14.13,,11500,12000,14000,,7500,,,,,67000,,175,260,,,,,,6.3,12500,,,,,,,,,40,35,75,29,5.6,24,,,,,,,,,,130,270,,,,,,,,,,,,,,,,,,,,,,,,,,,,,,,,,,,,,,,,,,,,,,,,,,,,,,,,,3.10,,,2021,,,,,
bee_product_national_annual,,,,,,,,,9416856,,,,,,25,,290566,,,,,,,,65,,,,,,,,,,,,,,,,,,,,,,220.7,,,,,73300,,,,,,,,311607,,,,,,,,34.3,162500,1.32,21500,,,,,,,,,,,,,,,,,,,,,,,,,,,,66.4,,,,,,,474106.9,,,50.3,,,,,,,143100,,,,,,,,,,,,,,,,,,,,,,,,,,,,,,,,,,,,,,,,,,,,,,,,,,,30,38,60,,7.0,,,,14.12,,10000,11500,12000,,7000,,,,,69800,,160,270,,,,,,7,14000,,,,,,,,,42,38,80,32,5.4,26,,,,,,,,,,120,280,,,,,,,,,,,,,,,,,,,,,,,,,,,,,,,,,,,,,,,,,,,,,,,,,,,,,,,,,3.01,,,2022,,,,,
bee_product_national_annual,,,,,,,,,9490000,,,,,,28,,296226,,,,,,,,68,,,,,,,,,,,,,,,,,,,,,,212.3,,,,,79000,,,,,,,,299300,,,,,,,,35.4,164200,1.45,23800,,,,,,,,,,,,,,,,,,,,,,,,,,,,65.5,,,,,,,463500,,,48.8,,,,,,,149600,,,,,,,,,,,,,,,,,,,,,,,,,,,,,,,,,,,,,,,,,,,,,,,,,,,31,39,62,,8.0,,,,14.10,,9500,12000,11000,,6750,,,,,70600,,170,280,,,,,,6.5,13000,,,,,,,,,45,40,85,33,6.2,28,,,,,,,,,,130,290,,,,,,,,,,,,,,,,,,,,,,,,,,,,,,,,,,,,,,,,,,,,,,,,,,,,,,,,,2.55,,,2023,,,,,
bee_product_national_annual,,,,,,,,,9550000,,,,,,30,,294444,,,,,,,,70,,,,,,,,,,,,,,,,,,,,,,195.5,,,,,78200,,,,,,,,275200,,,,,,,,38.1,169600,1.56,26486,,,,,,,,,,,,,,,,,,,,,,,,,,,,65.0,,,,,,,444800,,,46.6,,,,,,,146200,,,,,,,,,,,,,,,,,,,,,,,,,,,,,,,,,,,,,,,,,,,,,,,,,,,31,39,65,,8.9,,,,14.08,,9000,11500,12000,,6750,,,,,68000,,165,300,,,,,,6,12000,,,,,,,,,45,40,88,34,6.7,28,,,,,,,,,,130,300,,,,,,,,,,,,,,,,,,,,,,,,,,,,,,,,,,,,,,,,,,,,,,,,,,,,,,,,,2.69,,,2024,,,,,
bee_product_national_annual,,,,,,,,,9600000,,,,,,32,,296296,,,,,,,,72,,,,,,,,,,,,,,,,,,,,,,230.8,,,,,82100,,,,,,,,324500,,,,,,,,35.1,175500,1.48,26000,,,,,,,,,,,,,,,,,,,,,,,,,,,,64.1,,,,,,,500000,,,52.1,,,,,,,156000,,,,,,,,,,,,,,,,,,,,,,,,,,,,,,,,,,,,,,,,,,,,,,,,,,,31,39,68,,9.6,,,,14.06,,9500,12000,12000,,7250,,,,,73900,,170,310,,,,,,5.5,11000,,,,,,,,,48,42,90,35,7.6,30,,,,,,,,,,135,310,,,,,,,,,,,,,,,,,,,,,,,,,,,,,,,,,,,,,,,,,,,,,,,,,,,,,,,,,2.80,,,2025,,,,,
beekeeper_enterprise_trend,,,,,,,,,,,,,,,,,,,,,,,,,,,,,,,,,,,,,,,,,,,,,,,,,,,,,,,,,,,,,,,,,,,,,,,,,,,,,,,,,,,,,,,,,,,,,,,,,,,,,,,2000,,,,,,,,,,,,,,,,,,,,,,,,,,,,,,,,,,,,,,,,,0.0,1200,,,,,,,,,,,,,,,,,,,,,,,,,,,,,,,,,,,,,,16.67,,,,,,,,,,,,,,,,,,,,,,,,,,,,,,,,,,,,,,,,,,,,,,,,,,,,,,,,,,,,,,,,,,,,,,,,,,,,,,,,,,,12000,,,,,,,,,,,,,,,2010,,,,,0.0
beekeeper_enterprise_trend,,,,,,,,,,,,,,,,,,,,,,,,,,,,,,,300,,,,,,,,,,,,,,,,,,,,,,,,,,,,,,,,,,,,,,,,,,,,,,,,,,,,,,,,,,,,,,,,,,,,,,,,2252,,,,,,,,,,,,,,,,,,,,,,,,,,,,,,,,,,,,,,,,1200,25.0,1500,,,,,,,,,,,,,,,,,,,,,,,,,,,,,,,,,,,,,,17.06,,,,,,,,,,,,,,,,,,,,,,,,,,,,,,,,,,,,,,,,,,,,,,,,,,,,,,,,,,,,,,,,,,,,,,,,,,,,,,,,,,,13200,,,,,,,,,,,,,,,2011,,,,,10.0
beekeeper_enterprise_trend,,,,,,,,,,,,,,,,,,,,,,,,,,,,,,,200,,,,,,,,,,,,,,,,,,,,,,,,,,,,,,,,,,,,,,,,,,,,,,,,,,,,,,,,,,,,,,,,,,,,,,,,2584,,,,,,,,,,,,,,,,,,,,,,,,,,,,,,,,,,,,,,,,1600,20.0,1800,,,,,,,,,,,,,,,,,,,,,,,,,,,,,,,,,,,,,,17.46,,,,,,,,,,,,,,,,,,,,,,,,,,,,,,,,,,,,,,,,,,,,,,,,,,,,,,,,,,,,,,,,,,,,,,,,,,,,,,,,,,,14800,,,,,,,,,,,,,,,2012,,,,,12.1
beekeeper_enterprise_trend,,,,,,,,,,,,,,,,,,,,,,,,,,,,,,,200,,,,,,,,,,,,,,,,,,,,,,,,,,,,,,,,,,,,,,,,,,,,,,,,,,,,,,,,,,,,,,,,,,,,,,,,2999,,,,,,,,,,,,,,,,,,,,,,,,,,,,,,,,,,,,,,,,2000,22.2,2200,,,,,,,,,,,,,,,,,,,,,,,,,,,,,,,,,,,,,,17.85,,,,,,,,,,,,,,,,,,,,,,,,,,,,,,,,,,,,,,,,,,,,,,,,,,,,,,,,,,,,,,,,,,,,,,,,,,,,,,,,,,,16800,,,,,,,,,,,,,,,2013,,,,,13.5
beekeeper_enterprise_trend,,,,,,,,,,,,,,,,,,,,,,,,,,,,,,,200,,,,,,,,,,,,,,,,,,,,,,,,,,,,,,,,,,,,,,,,,,,,,,,,,,,,,,,,,,,,,,,,,,,,,,,,3614,,,,,,,,,,,,,,,,,,,,,,,,,,,,,,,,,,,,,,,,3000,45.5,3200,,,,,,,,,,,,,,,,,,,,,,,,,,,,,,,,,,,,,,18.25,,,,,,,,,,,,,,,,,,,,,,,,,,,,,,,,,,,,,,,,,,,,,,,,,,,,,,,,,,,,,,,,,,,,,,,,,,,,,,,,,,,19800,,,,,,,,,,,,,,,2014,,,,,17.9
beekeeper_enterprise_trend,,,,,,,,,,,,,,,,,,,,,,,,,,,,,,,200,,,,,,,,,,,,,,,,,,,,,,,,,,,,,,,,,,,,,,,,,,,,,,,,,,,,,,,,,,,,,,,,,,,,,,,,4439,,,,,,,,,,,,,,,,,,,,,,,,,,,,,,,,,,,,,,,,4000,31.2,4200,,,,,,,,,,,,,,,,,,,,,,,,,,,,,,,,,,,,,,18.65,,,,,,,,,,,,,,,,,,,,,,,,,,,,,,,,,,,,,,,,,,,,,,,,,,,,,,,,,,,,,,,,,,,,,,,,,,,,,,,,,,,23800,,,,,,,,,,,,,,,2015,,,,,20.2
beekeeper_enterprise_trend,,,,,,,,,,,,,,,,,,,,,,,,,,,,,,,200,,,,,,,,,,,,,,,,,,,,,,,,,,,,,,,,,,,,,,,,,,,,,,,,,,,,,,,,,,,,,,,,,,,,,,,,5407,,,,,,,,,,,,,,,,,,,,,,,,,,,,,,,,,,,,,,,,4600,14.3,4800,,,,,,,,,,,,,,,,,,,,,,,,,,,,,,,,,,,,,,19.04,,,,,,,,,,,,,,,,,,,,,,,,,,,,,,,,,,,,,,,,,,,,,,,,,,,,,,,,,,,,,,,,,,,,,,,,,,,,,,,,,,,28400,,,,,,,,,,,,,,,2016,,,,,19.3
beekeeper_enterprise_trend,,,,,,,,,,,,,,,,,,,,,,,,,,,,,,,400,,,,,,,,,,,,,,,,,,,,,,,,,,,,,,,,,,,,,,,,,,,,,,,,,,,,,,,,,,,,,,,,,,,,,,,,6124,,,,,,,,,,,,,,,,,,,,,,,,,,,,,,,,,,,,,,,,3100,-27.1,3500,,,,,,,,,,,,,,,,,,,,,,,,,,,,,,,,,,,,,,19.44,,,,,,,,,,,,,,,,,,,,,,,,,,,,,,,,,,,,,,,,,,,,,,,,,,,,,,,,,,,,,,,,,,,,,,,,,,,,,,,,,,,31500,,,,,,,,,,,,,,,2017,,,,,10.9
beekeeper_enterprise_trend,,,,,,,,,,,,,,,,,,,,,,,,,,,,,,,500,,,,,,,,,,,,,,,,,,,,,,,,,,,,,,,,,,,,,,,,,,,,,,,,,,,,,,,,,,,,,,,,,,,,,,,,6703,,,,,,,,,,,,,,,,,,,,,,,,,,,,,,,,,,,,,,,,2300,-20.0,2800,,,,,,,,,,,,,,,,,,,,,,,,,,,,,,,,,,,,,,19.83,,,,,,,,,,,,,,,,,,,,,,,,,,,,,,,,,,,,,,,,,,,,,,,,,,,,,,,,,,,,,,,,,,,,,,,,,,,,,,,,,,,33800,,,,,,,,,,,,,,,2018,,,,,7.3
beekeeper_enterprise_trend,,,,,,,,,,,,,,,,,,,,,,,,,,,,,,,800,,,,,,,,,,,,,,,,,,,,,,,,,,,,,,,,,,,,,,,,,,,,,,,,,,,,,,,,,,,,,,,,,,,,,,,,7121,,,,,,,,,,,,,,,,,,,,,,,,,,,,,,,,,,,,,,,,1400,-21.4,2200,,,,,,,,,,,,,,,,,,,,,,,,,,,,,,,,,,,,,,20.23,,,,,,,,,,,,,,,,,,,,,,,,,,,,,,,,,,,,,,,,,,,,,,,,,,,,,,,,,,,,,,,,,,,,,,,,,,,,,,,,,,,35200,,,,,,,,,,,,,,,2019,,,,,4.1
beekeeper_enterprise_trend,,,,,,,,,,,,,,,,,,,,,,,,,,,,,,,0,,,,,,,,,,,,,,,,,,,,,,,,,,,,,,,,,,,,,,,,,,,,,,,,,,,,,,,,,,,,,,,,,,,,,,,,7629,,,,,,,,,,,,,,,,,,,,,,,,,,,,,,,,,,,,,,,,1800,-18.2,1800,,,,,,,,,,,,,,,,,,,,,,,,,,,,,,,,,,,,,,20.62,,,,,,,,,,,,,,,,,,,,,,,,,,,,,,,,,,,,,,,,,,,,,,,,,,,,,,,,,,,,,,,,,,,,,,,,,,,,,,,,,,,37000,,,,,,,,,,,,,,,2020,,,,,5.1
beekeeper_enterprise_trend,,,,,,,,,,,,,,,,,,,,,,,,,,,,,,,0,,,,,,,,,,,,,,,,,,,,,,,,,,,,,,,,,,,,,,,,,,,,,,,,,,,,,,,,,,,,,,,,,,,,,,,,8408,,,,,,,,,,,,,,,,,,,,,,,,,,,,,,,,,,,,,,,,3000,66.7,3000,,,,,,,,,,,,,,,,,,,,,,,,,,,,,,,,,,,,,,21.02,,,,,,,,,,,,,,,,,,,,,,,,,,,,,,,,,,,,,,,,,,,,,,,,,,,,,,,,,,,,,,,,,,,,,,,,,,,,,,,,,,,40000,,,,,,,,,,,,,,,2021,,,,,8.1
beekeeper_enterprise_trend,,,,,,,,,,,,,,,,,,,,,,,,,,,,,,,0,,,,,,,,,,,,,,,,,,,,,,,,,,,,,,,,,,,,,,,,,,,,,,,,,,,,,,,,,,,,,,,,,,,,,,,,9318,,,,,,,,,,,,,,,,,,,,,,,,,,,,,,,,,,,,,,,,3500,16.7,3500,,,,,,,,,,,,,,,,,,,,,,,,,,,,,,,,,,,,,,21.42,,,,,,,,,,,,,,,,,,,,,,,,,,,,,,,,,,,,,,,,,,,,,,,,,,,,,,,,,,,,,,,,,,,,,,,,,,,,,,,,,,,43500,,,,,,,,,,,,,,,2022,,,,,8.8
beekeeper_enterprise_trend,,,,,,,,,,,,,,,,,,,,,,,,,,,,,,,0,,,,,,,,,,,,,,,,,,,,,,,,,,,,,,,,,,,,,,,,,,,,,,,,,,,,,,,,,,,,,,,,,,,,,,,,10360,,,,,,,,,,,,,,,,,,,,,,,,,,,,,,,,,,,,,,,,4000,14.3,4000,,,,,,,,,,,,,,,,,,,,,,,,,,,,,,,,,,,,,,21.81,,,,,,,,,,,,,,,,,,,,,,,,,,,,,,,,,,,,,,,,,,,,,,,,,,,,,,,,,,,,,,,,,,,,,,,,,,,,,,,,,,,47500,,,,,,,,,,,,,,,2023,,,,,9.2
beekeeper_enterprise_trend,,,,,,,,,,,,,,,,,,,,,,,,,,,,,,,0,,,,,,,,,,,,,,,,,,,,,,,,,,,,,,,,,,,,,,,,,,,,,,,,,,,,,,,,,,,,,,,,,,,,,,,,11483,,,,,,,,,,,,,,,,,,,,,,,,,,,,,,,,,,,,,,,,4200,5.0,4200,,,,,,,,,,,,,,,,,,,,,,,,,,,,,,,,,,,,,,22.21,,,,,,,,,,,,,,,,,,,,,,,,,,,,,,,,,,,,,,,,,,,,,,,,,,,,,,,,,,,,,,,,,,,,,,,,,,,,,,,,,,,51700,,,,,,,,,,,,,,,2024,,,,,8.8
beekeeper_enterprise_trend,,,,,,,,,,,,,,,,,,,,,,,,,,,,,,,-2,,,,,,,,,,,,,,,,,,,,,,,,,,,,,,,,,,,,,,,,,Qichacha (Nov 2025),,,,,,,,,,,,,,,,,,,,,,,,,,,,,,,12503,,,,,,,,,,,,,,,,,,,,,,,,,,,,,,,,,,,,,,,,3602,-14.3,3600,,,,,,,,,,,,,,,,,,,,,,,,,,,,,,,,,,,,,,22.61,,,,,,,,,,,,,,,,,,,,,,,,,,,,,,,,,,,,,,,,,,,,,,,,,,,,,,,,,,,,,,,,,,,,,,,,,,,,,,,,,,,55302,,,,,,,,,,,,,,,2025,,,,,7.0
beekeeper_finance_detail,,,,,,,,,,,,,742,,,,,,,,,,,1548.08,,,,,,,,,,,,,,,,,20.5,,,2322.11,,5.0,,60.46,1209.9,,,,,,,,4.0,,,,,,,,,1255,,,,,,,,,8433,12401,77.0,,,,,,,,,,,,,,,,,,,,,,,,,,,,,,27091.32,66.0,,,,1259.89,,,,,,,,,,,,,,,,,,,,,,,1255,,,,,,,,,,,,,,,2453,1548.08,,,,,,,,,,,,,,2322.11,3968,,,,,,1548.08,3.8,,,,,,,,,,,,39.54,16221.01,774.04,,,,,,,,,,,,,,,,,,,,,,,,,,,,,,,,3870.19,,,,,,,,,,,,,,,,,,,,,,,,,,,,,,,,,,,,,,,3500,,,,,,,24803.00,,41024.01,,2009,3616,536,,536,6697,,,,,,,2005,,,,,
beekeeper_finance_detail,,,,,,,,,,,,,764,,,,,,,,,,,1702.88,,,,,,,,,,,,,,,,,21.2,,,2476.92,,5.0,,57.20,1205.0,,,,,,,,4.5,,,,,,,,,1293,,,,,,,,,8686,12774,77.0,,,,,,,,,,,,,,,,,,,,,,,,,,,,,,29413.45,65.9,,,,1341.65,,,,,,,,,,,,,,,,,,,,,,,1293,,,,,,,,,,,,,,,2525,1702.88,,,,,,,,,,,,,,2476.92,4088,,,,,,1702.88,3.8,,,,,,,,,,,,42.80,19114.99,928.85,,,,,,,,,,,,,,,,,,,,,,,,,,,,,,,,4257.21,,,,,,,,,,,,,,,,,,,,,,,,,,,,,,,,,,,,,,,4800,,,,,,,25547.00,,44661.99,,2069,3725,552,,552,6898,,,,,,,2006,,,,,
beekeeper_finance_detail,,,,,,,,,,,,,787,,,,,,,,,,,1857.69,,,,,,,,,,,,,,,,,22.0,,,2709.13,,5.5,,54.57,1196.0,,,,,,,,4.8,,,,,,,,,1331,,,,,,,,,8946,13156,77.0,,,,,,,,,,,,,,,,,,,,,,,,,,,,,,31735.56,65.8,,,,1425.84,,,,,,,,,,,,,,,,,,,,,,,1331,,,,,,,,,,,,,,,2605,1780.29,,,,,,,,,,,,,,2709.13,4210,,,,,,1935.09,4.0,,,,,,,,,,,,45.43,21909.56,1006.25,,,,,,,,,,,,,,,,,,,,,,,,,,,,,,,,4489.42,,,,,,,,,,,,,,,,,,,,,,,,,,,,,,,,,,,,,,,3900,,,,,,,26313.00,,48222.56,,2131,3836,568,,568,7103,,,,,,,2007,,,,,
beekeeper_finance_detail,,,,,,,,,,,,,810,,,,,,,,,,,2012.50,,,,,,,,,,,,,,,,,22.8,,,2941.34,,5.5,,51.42,1188.7,,,,,,,,5.8,,,,,,,,,1371,,,,,,,,,9215,13551,77.0,,,,,,,,,,,,,,,,,,,,,,,,,,,,,,34831.71,66.1,,,,1529.73,,,,,,,,,,,,,,,,,,,,,,,1371,,,,,,,,,,,,,,,2683,1935.09,,,,,,,,,,,,,,2941.34,4336,,,,,,2167.31,4.1,,,,,,,,,,,,48.58,25609.98,1083.65,,,,,,,,,,,,,,,,,,,,,,,,,,,,,,,,4799.04,,,,,,,,,,,,,,,,,,,,,,,,,,,,,,,,,,,,,,,3000,,,,,,,27102.00,,52711.98,,2195,3951,585,,585,7316,,,,,,,2008,,,,,
beekeeper_finance_detail,,,,,,,,,,,,,835,,,,,,,,,,,2167.31,,,,,,,,,,,,,,,,,23.3,,,3096.15,,6.0,,49.81,1198.1,,,,,,,,5.2,,,,,,,,,1412,,,,,,,,,9491,13957,77.0,,,,,,,,,,,,,,,,,,,,,,,,,,,,,,37153.82,66.3,,,,1659.30,,,,,,,,,,,,,,,,,,,,,,,1412,,,,,,,,,,,,,,,2762,2012.50,,,,,,,,,,,,,,3096.15,4466,,,,,,2322.11,4.1,,,,,,,,,,,,50.19,28125.35,1161.06,,,,,,,,,,,,,,,,,,,,,,,,,,,,,,,,5031.25,,,,,,,,,,,,,,,,,,,,,,,,,,,,,,,,,,,,,,,4200,,,,,,,27915.00,,56040.35,,2261,4070,603,,603,7537,,,,,,,2009,,,,,
beekeeper_finance_detail,,,,,,,,,,,,,860,,,,,,,,,,,2322.11,,,,,,,,,,,,,,,,,22.2,,,3483.17,,2.81,,47.08,1295.1,,,,,,,,5.8,,,,,,,,,1455,,,,,,,,,9776,14376,77.0,,,,,,,,,,,,,,,,,,,,,,,,,,,,,,40249.97,65.9,,,,1840.73,,,,,,,,,,,,,,,,,,,,,,,1455,,,,,,,,,,,,,,,2843,2167.31,,,,,,,,,,,,,,3483.17,4600,,,,,,2709.13,4.4,,,,,,,,,,,,52.92,32319.59,1238.46,,,,,,,,,,,,,,,,,,,,,,,,,,,,,,,,5418.27,,,,,,,,,,,,,,,,,,,,,,,,,,,,,,,,,,,,,,,5800,,,,,,,28752.00,,61071.59,,2329,4192,621,,621,7763,,,,,,,2010,,,,,
beekeeper_finance_detail,,,,,,,,,,,,,885,,,,,,,,,,,2476.92,,,,,,,,,,,,,,,,,22.8,,,3715.38,,9.65,,43.98,1298.9,,,,,,,,6.5,,,,,,,,,1499,,,,,,,,,10069,14807,77.0,,,,,,,,,,,,,,,,,,,,,,,,,,,,,,44894.22,66.7,,,,2022.29,,,,,,,,,,,,,,,,,,,,,,,1499,,,,,,,,,,,,,,,2928,2322.11,,,,,,,,,,,,,,3715.38,4738,,,,,,3096.15,4.6,,,,,,,,,,,,56.02,37726.30,1315.86,,,,,,,,,,,,,,,,,,,,,,,,,,,,,,,,5805.28,,,,,,,,,,,,,,,,,,,,,,,,,,,,,,,,,,,,,,,7200,,,,,,,29615.00,,67341.30,,2399,4318,640,,640,7997,,,,,,,2011,,,,,
beekeeper_finance_detail,,,,,,,,,,,,,912,,,,,,,,,,,2709.13,,,,,,,,,,,,,,,,,23.4,,,3870.19,,11.78,,42.37,1303.5,,,,,,,,6.8,,,,,,,,,1543,,,,,,,,,10371,15251,77.0,,,,,,,,,,,,,,,,,,,,,,,,,,,,,,47990.36,66.7,,,,2159.16,,,,,,,,,,,,,,,,,,,,,,,1543,,,,,,,,,,,,,,,3018,2476.92,,,,,,,,,,,,,,3870.19,4880,,,,,,3483.17,4.8,,,,,,,,,,,,57.63,41482.53,1393.27,,,,,,,,,,,,,,,,,,,,,,,,,,,,,,,,6192.30,,,,,,,,,,,,,,,,,,,,,,,,,,,,,,,,,,,,,,,6500,,,,,,,30503.00,,71985.53,,2471,4447,659,,659,8236,,,,,,,2012,,,,,
beekeeper_finance_detail,,,,,,,,,,,,,909,,,,,,,,,,,2793.89,,,,,,,,,,,,,,,,,24.4,,,4035.62,,9.97,,40.70,1245.4,,,,,,,,7.0,,,,,,,,,1538,,,,,,,,,10332,15194,77.0,,,,,,,,,,,,,,,,,,,,,,,,,,,,,,49669.11,66.5,,,,2236.56,,,,,,,,,,,,,,,,,,,,,,,1538,,,,,,,,,,,,,,,3005,2561.06,,,,,,,,,,,,,,4035.62,4862,,,,,,3725.18,5.0,,,,,,,,,,,,59.30,44270.89,1474.55,,,,,,,,,,,,,,,,,,,,,,,,,,,,,,,,6363.86,,,,,,,,,,,,,,,,,,,,,,,,,,,,,,,,,,,,,,,5400,,,,,,,30388.00,,74658.89,,2461,4431,656,,656,8204,,,,,,,2013,,,,,
beekeeper_finance_detail,,,,,,,,,,,,,901,,,,,,,,,,,3068.50,,,,,,,,,,,,,,,,,25.8,,,4441.25,,9.23,,35.86,1167.4,,,,,,,,6.8,,,,,,,,,1524,,,,,,,,,10240,15059,77.0,,,,,,,,,,,,,,,,,,,,,,,,,,,,,,56525.04,67.3,,,,2506.29,,,,,,,,,,,,,,,,,,,,,,,1524,,,,,,,,,,,,,,,2977,2826.25,,,,,,,,,,,,,,4441.25,4819,,,,,,4199.00,5.0,,,,,,,,,,,,64.14,53862.04,1615.00,,,,,,,,,,,,,,,,,,,,,,,,,,,,,,,,6863.75,,,,,,,,,,,,,,,,,,,,,,,,,,,,,,,,,,,,,,,4600,,,,,,,30118.00,,83980.04,,2440,4391,651,,651,8133,,,,,,,2014,,,,,
beekeeper_finance_detail,,,,,,,,,,,,,976,,,,,,,,,,,3527.99,,,,,,,,,,,,,,,,,24.8,,,5291.98,,8.41,,33.03,1315.6,,,,,,,,5.5,,,,,,,,,1651,,,,,,,,,11094,16314,77.0,,,,,,,,,,,,,,,,,,,,,,,,,,,,,,66149.72,67.0,,,,2997.99,,,,,,,,,,,,,,,,,,,,,,,1651,,,,,,,,,,,,,,,3226,3351.59,,,,,,,,,,,,,,5291.98,5220,,,,,,5291.98,5.4,,,,,,,,,,,,66.97,66155.60,1940.39,,,,,,,,,,,,,,,,,,,,,,,,,,,,,,,,7937.97,,,,,,,,,,,,,,,,,,,,,,,,,,,,,,,,,,,,,,,5300,,,,,,,32628.00,,98783.60,,2643,4757,705,,705,8810,,,,,,,2015,,,,,
beekeeper_finance_detail,,,,,,,,,,,,,875,,,,,,,,,,,3795.88,,,,,,,,,,,,,,,,,25.4,,,5874.58,,10.25,,27.17,1151.6,,,,,,,,4.8,,,,,,,,,1480,,,,,,,,,9945,14625,77.0,,,,,,,,,,,,,,,,,,,,,,,,,,,,,,71850.57,67.2,,,,3252.92,,,,,,,,,,,,,,,,,,,,,,,1480,,,,,,,,,,,,,,,2892,3615.12,,,,,,,,,,,,,,5874.58,4680,,,,,,5874.58,5.5,,,,,,,,,,,,72.83,78390.30,2169.07,,,,,,,,,,,,,,,,,,,,,,,,,,,,,,,,8585.92,,,,,,,,,,,,,,,,,,,,,,,,,,,,,,,,,,,,,,,5700,,,,,,,29250.00,,107640.30,,2369,4265,632,,632,7898,,,,,,,2016,,,,,
beekeeper_finance_detail,,,,,,,,,,,,,922,,,,,,,,,,,2137.68,,,,,,,,,,,,,,,,,26.0,,,3359.21,,7.88,,48.75,1185.4,,,,,,,,5.3,,,,,,,,,1559,,,,,,,,,10479,15410,77.0,,,,,,,,,,,,,,,,,,,,,,,,,,,,,,41532.06,65.7,,,,1902.24,,,,,,,,,,,,,,,,,,,,,,,1559,,,,,,,,,,,,,,,3048,2137.68,,,,,,,,,,,,,,3359.21,4931,,,,,,4275.36,6.8,,,,,,,,,,,,51.25,32394.24,1221.53,,,,,,,,,,,,,,,,,,,,,,,,,,,,,,,,5191.51,,,,,,,,,,,,,,,,,,,,,,,,,,,,,,,,,,,,,,,6400,,,,,,,30820.00,,63214.24,,2496,4494,666,,666,8322,,,,,,,2017,,,,,
beekeeper_finance_detail,,,,,,,,,,,,,949,,,,,,,,,,,2259.83,,,,,,,,,,,,,,,,,26.6,,,3542.44,,9.82,,47.55,1193.4,,,,,,,,6.2,,,,,,,,,1606,,,,,,,,,10793,15872,77.0,,,,,,,,,,,,,,,,,,,,,,,,,,,,,,43975.12,65.9,,,,2040.51,,,,,,,,,,,,,,,,,,,,,,,1606,,,,,,,,,,,,,,,3141,2198.76,,,,,,,,,,,,,,3542.44,5079,,,,,,4580.74,6.9,,,,,,,,,,,,52.45,35011.68,1282.61,,,,,,,,,,,,,,,,,,,,,,,,,,,,,,,,5374.74,,,,,,,,,,,,,,,,,,,,,,,,,,,,,,,,,,,,,,,5600,,,,,,,31745.00,,66756.68,,2571,4628,686,,686,8571,,,,,,,2018,,,,,
beekeeper_finance_detail,,,,,,,,,,,,,978,,,,,,,,,,,2381.99,,,,,,,,,,,,,,,,,27.3,,,3786.75,,11.17,,45.48,1197.7,,,,,,,,6.0,,,,,,,,,1654,,,,,,,,,11117,16349,77.0,,,,,,,,,,,,,,,,,,,,,,,,,,,,,,47639.71,66.3,,,,2186.24,,,,,,,,,,,,,,,,,,,,,,,1654,,,,,,,,,,,,,,,3235,2381.99,,,,,,,,,,,,,,3786.75,5232,,,,,,4886.12,6.8,,,,,,,,,,,,54.52,39190.11,1404.76,,,,,,,,,,,,,,,,,,,,,,,,,,,,,,,,5619.04,,,,,,,,,,,,,,,,,,,,,,,,,,,,,,,,,,,,,,,5300,,,,,,,32697.00,,71887.11,,2648,4767,706,,706,8827,,,,,,,2019,,,,,
beekeeper_finance_detail,,,,,,,,,,,,,1007,,,,,,,,,,,2565.22,,,,,,,,,,,,,,,,,27.5,,,4153.21,,10.49,,43.08,1224.7,,,,,,,,5.0,,,,,,,,,1704,,,,,,,,,11451,16839,77.0,,,,,,,,,,,,,,,,,,,,,,,,,,,,,,51915.06,66.4,,,,2377.13,,,,,,,,,,,,,,,,,,,,,,,1704,,,,,,,,,,,,,,,3332,2565.22,,,,,,,,,,,,,,4153.21,5388,,,,,,5191.51,6.6,,,,,,,,,,,,56.92,44500.00,1526.91,,,,,,,,,,,,,,,,,,,,,,,,,,,,,,,,6107.66,,,,,,,,,,,,,,,,,,,,,,,,,,,,,,,,,,,,,,,5400,,,,,,,33678.00,,78178.00,,2728,4910,727,,727,9092,,,,,,,2020,,,,,
beekeeper_finance_detail,,,,,,,,,,,,,1037,,,,,,,,,,,2687.37,,,,,,,,,,,,,,,,,28.4,,,4275.36,,12.4,,41.91,1221.4,,,,,,,,5.8,,,,,,,,,1755,,,,,,,,,11794,17344,77.0,,,,,,,,,,,,,,,,,,,,,,,,,,,,,,54968.90,66.4,,,,2558.88,,,,,,,,,,,,,,,,,,,,,,,1755,,,,,,,,,,,,,,,3431,2748.45,,,,,,,,,,,,,,4275.36,5550,,,,,,5802.27,7.0,,,,,,,,,,,,58.09,48070.74,1587.99,,,,,,,,,,,,,,,,,,,,,,,,,,,,,,,,6413.04,,,,,,,,,,,,,,,,,,,,,,,,,,,,,,,,,,,,,,,5700,,,,,,,34688.00,,82758.74,,2810,5058,749,,749,9366,,,,,,,2021,,,,,
beekeeper_finance_detail,,,,,,,,,,,,,1068,,,,,,,,,,,2748.45,,,,,,,,,,,,,,,,,29.0,,,4580.74,,11.0,,40.88,1232.0,,,,,,,,7.5,,,,,,,,,1808,,,,,,,,,12148,17865,77.0,,,,,,,,,,,,,,,,,,,,,,,,,,,,,,58022.74,66.4,,,,2696.83,,,,,,,,,,,,,,,,,,,,,,,1808,,,,,,,,,,,,,,,3533,2931.67,,,,,,,,,,,,,,4580.74,5717,,,,,,6107.66,7.0,,,,,,,,,,,,59.12,51671.56,1710.14,,,,,,,,,,,,,,,,,,,,,,,,,,,,,,,,6718.42,,,,,,,,,,,,,,,,,,,,,,,,,,,,,,,,,,,,,,,5800,,,,,,,35729.00,,87400.56,,2894,5209,772,,772,9647,,,,,,,2022,,,,,
beekeeper_finance_detail,,,,,,,,,,,,,1100,,,,,,,,,,,2809.52,,,,,,,,,,,,,,,,,29.7,,,4763.97,,10.5,,40.28,1239.1,,,,,,,,7.2,,,,,,,,,1862,,,,,,,,,12512,18400,77.0,,,,,,,,,,,,,,,,,,,,,,,,,,,,,,59855.03,65.5,,,,2852.09,,,,,,,,,,,,,,,,,,,,,,,1862,,,,,,,,,,,,,,,3640,3053.83,,,,,,,,,,,,,,4763.97,5888,,,,,,7329.19,8.0,,,,,,,,,,,,59.72,54569.53,1771.22,,,,,,,,,,,,,,,,,,,,,,,,,,,,,,,,7023.80,,,,,,,,,,,,,,,,,,,,,,,,,,,,,,,,,,,,,,,6500,,,,,,,36801.00,,91370.53,,2981,5366,795,,795,9937,,,,,,,2023,,,,,
beekeeper_finance_detail,,,,,,,,,,,,,1133,,,,,,,,,,,2687.37,,,,,,,,,,,,,,,,,29.4,,,4580.74,,10.0,,42.45,1289.3,,,,,,,,7.0,,,,,,,,,1918,,,,,,,,,12888,18953,77.0,,,,,,,,,,,,,,,,,,,,,,,,,,,,,,58022.74,65.0,,,,2753.10,,,,,,,,,,,,,,,,,,,,,,,1918,,,,,,,,,,,,,,,3748,3053.83,,,,,,,,,,,,,,4580.74,6065,,,,,,7939.95,8.9,,,,,,,,,,,,57.55,51388.93,1710.14,,,,,,,,,,,,,,,,,,,,,,,,,,,,,,,,6718.42,,,,,,,,,,,,,,,,,,,,,,,,,,,,,,,,,,,,,,,6400,,,,,,,37905.00,,89293.93,,3070,5527,819,,819,10235,,,,,,,2024,,,,,
beekeeper_finance_detail,,,,,,,,,,,,,1167,,,,,,,,,,,2931.67,,,,,,,,,,,,,,,,,29.6,,,4886.12,,10.0,,40.98,1319.0,,,,,,,,6.8,,,,,,,,,1976,,,,,,,,,13274,19521,77.0,,,,,,,,,,,,,,,,,,,,,,,,,,,,,,61076.57,64.1,,,,2940.72,,,,,,,,,,,,,,,,,,,,,,,1976,,,,,,,,,,,,,,,3862,3175.98,,,,,,,,,,,,,,4886.12,6247,,,,,,9161.48,9.6,,,,,,,,,,,,59.02,56237.43,1832.30,,,,,,,,,,,,,,,,,,,,,,,,,,,,,,,,7329.19,,,,,,,,,,,,,,,,,,,,,,,,,,,,,,,,,,,,,,,6200,,,,,,,39042.00,,95279.43,,3162,5692,843,,843,10540,,,,,,,2025,,,,,
beekeeper_national_annual,,,,,,,,,,,,,,,,,269444,,,,,,,,,,,,,,,,,,485,,,,,,18.0,,FAOSTAT,,,,,,,,,,,,,,,,,,,,,,,,,,,,,,,,,,,,,,,,,,,,,,,,,7858,,,,,,,,,,,,,,,,,,,,,,,,,,,,,,,,,,,,,,,,,,,,colonies / colonies_per_beekeeper (academic ratio),80833,0.3,,,,,,,,,,,,,,,,,,,,,,,,,,,,,,,,,,,,,,,,,,,,,,,,,,,,,,,,,,,,,,,,,,,,,,,,,,,,,,,,,,,,2282,,,,,,,,,,,,,,,,,,,,,,,,,,,,,,,,,,,,,,,,,,,,,,754443,,,,,,,,,,,,,2000,,,,,
beekeeper_national_annual,,,,,,,,,,,,,,,,,265946,,,,,,,,,,,,,,,,,,492,,,,,,18.5,,FAOSTAT,,,,,,,,,,,,,,,,,,,,,,,,,,,,,,,,,,,,,,,,,,,,,,,,,8622,,,,,,,,,,,,,,,,,,,,,,,,,,,,,,,,,,,,,,,,,,,,colonies / colonies_per_beekeeper (academic ratio),80848,0.304,,,,,,,,,,,,,,,,,,,,,,,,,,,,,,,,,,,,,,,,,,,,,,,,,,,,,,,,,,,,,,,,,,,,,,,,,,,,,,,,,,,,2366,,,,,,,,,,,,,,,,,,,,,,,,,,,,,,,,,,,,,,,,,,,,,,744649,,,,,,,,,,,,,2001,,,,,
beekeeper_national_annual,,,,,,,,,,,,,,,,,263158,,,,,,,,,,,,,,,,,,500,,,,,,19.0,,FAOSTAT,,,,,,,,,,,,,,,,,,,,,,,,,,,,,,,,,,,,,,,,,,,,,,,,,9398,,,,,,,,,,,,,,,,,,,,,,,,,,,,,,,,,,,,,,,,,,,,colonies / colonies_per_beekeeper (academic ratio),81053,0.308,,,,,,,,,,,,,,,,,,,,,,,,,,,,,,,,,,,,,,,,,,,,,,,,,,,,,,,,,,,,,,,,,,,,,,,,,,,,,,,,,,,,2476,,,,,,,,,,,,,,,,,,,,,,,,,,,,,,,,,,,,,,,,,,,,,,736842,,,,,,,,,,,,,2002,,,,,
beekeeper_national_annual,,,,,,,,,,,,,,,,,260513,,,,,,,,,,,,,,,,,,508,,,,,,19.5,,FAOSTAT,,,,,,,,,,,,,,,,,,,,,,,,,,,,,,,,,,,,,,,,,,,,,,,,,10542,,,,,,,,,,,,,,,,,,,,,,,,,,,,,,,,,,,,,,,,,,,,colonies / colonies_per_beekeeper (academic ratio),81280,0.312,,,,,,,,,,,,,,,,,,,,,,,,,,,,,,,,,,,,,,,,,,,,,,,,,,,,,,,,,,,,,,,,,,,,,,,,,,,,,,,,,,,,2622,,,,,,,,,,,,,,,,,,,,,,,,,,,,,,,,,,,,,,,,,,,,,,729436,,,,,,,,,,,,,2003,,,,,
beekeeper_national_annual,,,,,,,,,,,,,,,,,258000,,,,,,,,,,,,,,,,,,516,,,,,,20.0,,FAOSTAT,,,,,,,,,,,,,,,,,,,,,,,,,,,,,,,,,,,,,,,,,,,,,,,,,12336,,,,,,,,,,,,,,,,,,,,,,,,,,,,,,,,,,,,,,,,,,,,colonies / colonies_per_beekeeper (academic ratio),81528,0.316,,,,,,,,,,,,,,,,,,,,,,,,,,,,,,,,,,,,,,,,,,,,,,,,,,,,,,,,,,,,,,,,,,,,,,,,,,,,,,,,,,,,2936,,,,,,,,,,,,,,,,,,,,,,,,,,,,,,,,,,,,,,,,,,,,,,722400,,,,,,,,,,,,,2004,,,,,
beekeeper_national_annual,,,,,,,,,,,,,,,,,256098,,,,,,,,,,,,,,,,,,525,,,,,,20.5,,FAOSTAT,,,,,,,,,,,,,,,,,,,,,,,,,,,,,,,,,,,,,,,,,,,,,,,,,14185,,,,,,,,,,,,,,,,,,,,,,,,,,,,,,,,,,,,,,,,,,,,colonies / colonies_per_beekeeper (academic ratio),81951,0.32,,,,,,,,,,,,,,,,,,,,,,,,,,,,,,,,,,,,,,,,,,,,,,,,,,,,,,,,,,,,,,,,,,,,,,,,,,,,,,,,,,,,3255,,,,,,,,,,,,,,,,,,,,,,,,,,,,,,,,,,,,,,,,,,,,,,717074,,,,,,,,,,,,,2005,,,,,
beekeeper_national_annual,,,,,,,,,,,,,,,,,254762,,,,,,,,,,,,,,,,,,535,,,,,,21.0,,FAOSTAT,,,,,,,,,,,,,,,,,,,,,,,,,,,,,,,,,,,,,,,,,,,,,,,,,16500,,,,,,,,,,,,,,,,,,,,,,,,,,,,,,,,,,,,,,,,,,,,colonies / colonies_per_beekeeper (academic ratio),82033,0.322,,,,,,,,,,,,,,,,,,,,,,,,,,,,,,,,,,,,,,,,,,,,,,,,,,,,,,,,,,,,,,,,,,,,,,,,,,,,,,,,,,,,3587,,,,,,,,,,,,,,,,,,,,,,,,,,,,,,,,,,,,,,,,,,,,,,713334,,,,,,,,,,,,,2006,,,,,
beekeeper_national_annual,,,,,,,,,,,,,,,,,253488,,,,,,,,,,,,,,,,,,545,,,,,,21.5,,FAOSTAT,,,,,,,,,,,,,,,,,,,,,,,,,,,,,,,,,,,,,,,,,,,,,,,,,20169,,,,,,,,,,,,,,,,,,,,,,,,,,,,,,,,,,,,,,,,,,,,colonies / colonies_per_beekeeper (academic ratio),82130,0.324,,,,,,,,,,,,,,,,,,,,,,,,,,,,,,,,,,,,,,,,,,,,,,,,,,,,,,,,,,,,,,,,,,,,,,,,,,,,,,,,,,,,4140,,,,,,,,,,,,,,,,,,,,,,,,,,,,,,,,,,,,,,,,,,,,,,709766,,,,,,,,,,,,,2007,,,,,
beekeeper_national_annual,,,,,,,,,,,,,,,,,254545,,,,,,,,,,,,,,,,,,560,,,,,,22.0,,FAOSTAT,,,,,,,,,,,,,,,,,,,,,,,,,,,,,,,,,,,,,,,,,,,,,,,,,23708,,,,,,,,,,,,,,,,,,,,,,,,,,,,,,,,,,,,,,,,,,,,colonies / colonies_per_beekeeper (academic ratio),82982,0.326,,,,,,,,,,,,,,,,,,,,,,,,,,,,,,,,,,,,,,,,,,,,,,,,,,,,,,,,,,,,,,,,,,,,,,,,,,,,,,,,,,,,4761,,,,,,,,,,,,,,,,,,,,,,,,,,,,,,,,,,,,,,,,,,,,,,712726,,,,,,,,,,,,,2008,,,,,
beekeeper_national_annual,,,,,,,,,,,,,,,,,261364,,,,,,,,,,,,,,,,,,575,,,,,,22.0,,FAOSTAT,,,,,,,,,,,,,,,,,,,,,,,,,,,,,,,,,,,,,,,,,,,,,,,,,25575,,,,,,,,,,,,,,,,,,,,,,,,,,,,,,,,,,,,,,,,,,,,colonies / colonies_per_beekeeper (academic ratio),85727,0.328,,,,,,,,,,,,,,,,,,,,,,,,,,,,,,,,,,,,,,,,,,,,,,,,,,,,,,,,,,,,,,,,,,,,,,,,,,,,,,,,,,,,5153,,,,,,,,,,,,,,,,,,,,,,,,,,,,,,,,,,,,,,,,,,,,,,731819,,,,,,,,,,,,,2009,,,,,
beekeeper_national_annual,,,,,,,,,,,,,,,,,268182,,,,,,,,,,,,,,,,,,590,,,,,,22.0,,FAOSTAT,,,,,,,,,,,,,,,,,,,,,,,,,,,,,,,,,,,,,,,,,,,,,,,,,30015,,,,,,2188,,,,,,,,,,,,,,,,,,,,,,,,,,,,,,,,,,,,,,colonies / colonies_per_beekeeper (academic ratio),88500,0.33,,,,,,,,,,,,,,,,,,,,,,,,,,,,,,,,,,,,,,,,,,,,,,,,,,,,,,,,,,,,,,,,,,,,,,,,,,,,,,,,,,,,6272,,,,,,,,,,,,,,,,,,,,,,,,,,,,,,,,,,,,,,,,,,,,,,750910,,,,,,,,,,,,,2010,,,,,
beekeeper_national_annual,,,,,,,,,,,,,,,,,268889,,,,,,,,,,,,,,,,,,605,,,,,,22.5,,FAOSTAT,,,,,,,,,,,,,,,,,,,,,,,,,,,,,,,,,,,,,,,,,,,,,,,,,36855,,,,,,,,,,,,,,,,,,,,,,,,,,,,,,,,,,,,,,,,,,,,colonies / colonies_per_beekeeper (academic ratio),89809,0.334,,,,,,,,,,,,,,,,,,,,,,,,,,,,,,,,,,,,,,,,,,,,,,,,,,,,,,,,,,,,,,,,,,,,,,,,,,,,,,,,,,,,7394,,,,,,,,,,,,,,,,,,,,,,,,,,,,,,,,,,,,,,,,,,,,,,752889,,,,,,,,,,,,,2011,,,,,
beekeeper_national_annual,,,,,,,,,,,,,,,,,269565,,,,,,,,,,,,,,,,,,620,,,,,,23.0,,FAOSTAT,,,,,,,,,,,,,,,,,,,,,,,,,,,,,,,,,,,,,,,,,,,,,,,,,40431,,,,,,,,,,,,,,,,,,,,,,,,,,,,,,,,,,,,,,,,,,,,colonies / colonies_per_beekeeper (academic ratio),91113,0.338,,,,,,,,,,,,,,,,,,,,,,,,,,,,,,,,,,,,,,,,,,,,,,,,,,,,,,,,,,,,,,,,,,,,,,,,,,,,,,,,,,,,8389,,,,,,,,,,,,,,,,,,,,,,,,,,,,,,,,,,,,,,,,,,,,,,754782,,,,,,,,,,,,,2012,,,,,
beekeeper_national_annual,,,,,,,,,,,,,,,,,270213,,,,,,,,,,,,,,,,,,635,,,,,,23.5,,FAOSTAT,,,,,,,,,,,,,,,,,,,,,,,,,,,,,,,,,,,,,,,,,,,,,,,,,44281,,,,,,,,,,,,,,,,,,,,,,,,,,,,,,,,,,,,,,,,,,,,colonies / colonies_per_beekeeper (academic ratio),92413,0.342,,,,,,,,,,,,,,,,,,,,,,,,,,,,,,,,,,,,,,,,,,,,,,,,,,,,,,,,,,,,,,,,,,,,,,,,,,,,,,,,,,,,9430,,,,,,,,,,,,,,,,,,,,,,,,,,,,,,,,,,,,,,,,,,,,,,756596,,,,,,,,,,,,,2013,,,,,
beekeeper_national_annual,,,,,,,,,,,,,,,,,270833,,,,,,,,,,,,,,,,,,650,,,,,,24.0,,FAOSTAT,,,,,,,,,,,,,,,,,,,,,,,,,,,,,,,,,,,,,,,,,,,,,,,,,47802,,,,,,,,,,,,,,,,,,,,,,,,,,,,,,,,,,,,,,,,,,,,colonies / colonies_per_beekeeper (academic ratio),93708,0.346,,,,,,,,,,,,,,,,,,,,,,,,,,,,,,,,,,,,,,,,,,,,,,,,,,,,,,,,,,,,,,,,,,,,,,,,,,,,,,,,,,,,10489,,,,,,,,,,,,,,,,,,,,,,,,,,,,,,,,,,,,,,,,,,,,,,758332,,,,,,,,,,,,,2014,,,,,
beekeeper_national_annual,,,,,,,,,,,,,,,,,277083,,,,,,,,,,,,,,,,,,665,,,,,,24.0,,FAOSTAT,,,,,,,,,,,,,,,,,,,,,,,,,,,,,,,,,,,,,,,,,,,,,,,,,50912,,,,,,6518,,,,,,,,,,,,,,,,,,,,,,,,,,,,,,,,,,,,,,colonies / colonies_per_beekeeper (academic ratio),96979,0.35,,,,,,,,,,,,,,,,,,,,,,,,,,,,,,,,,,,,,,,,,,,,,,,,,,,,,,,,,,,,,,,,,,,,,,,,,,,,,,,,,,,,11422,,,,,,,,,,,,,,,,,,,,,,,,,,,,,,,,,,,,,,,,,,,,,,775832,,,,,,,,,,,,,2015,,,,,
beekeeper_national_annual,,,,,,,,,,,,,,,,,277551,,,,,,,,,,,,,,,,,,680,,,,,,24.5,,FAOSTAT,,,,,,,,,,,,,,,,,,,,,,,,,,,,,,,,,,,,,,,,,,,,,,,,,54849,,,,,,,,,,,,,,,,,,,,,,,,,,,,,,,,,,,,,,,,,,,,colonies / colonies_per_beekeeper (academic ratio),95293,0.343,,,,,,,,,,,,,,,,,,,,,,,,,,,,,,,,,,,,,,,,,,,,,,,,,,,,,,,,,,,,,,,,,,,,,,,,,,,,,,,,,,,,12363,,,,,,,,,,,,,,,,,,,,,,,,,,,,,,,,,,,,,,,,,,,,,,777143,,,,,,,,,,,,,2016,,,,,
beekeeper_national_annual,,,,,,,,,,,,,,,,,278000,,,,,,,,,,,,,,,,,,695,,,,,,25.0,,FAOSTAT,,,,,,,,,,,,,,,,,,,,,,,,,,,,,,,,,,,,,,,,,,,,,,,,,60691,,,,,,,,,,,,,,,,,,,,,,,,,,,,,,,,,,,,,,,,,,,,colonies / colonies_per_beekeeper (academic ratio),93593,0.337,,,,,,,,,,,,,,,,,,,,,,,,,,,,,,,,,,,,,,,,,,,,,,,,,,,,,,,,,,,,,,,,,,,,,,,,,,,,,,,,,,,,13432,,,,,,,,,,,,,,,,,,,,,,,,,,,,,,,,,,,,,,,,,,,,,,778400,,,,,,,,,,,,,2017,,,,,
beekeeper_national_annual,,,,,,,,,,,,,,,,,284000,,,,,,,,,,,,,,,,,,710,,,,,,25.0,,FAOSTAT,,,,,,,,,,,,,,,,,,,,,,,,,,,,,,,,,,,,,,,,,,,,,,,,,66726,,,,,,,,,,,,,,,,,,,,,,,,,,,,,,,,,,,,,,,,,,,,colonies / colonies_per_beekeeper (academic ratio),93720,0.33,,,,,,,,,,,,,,,,,,,,,,,,,,,,,,,,,,,,,,,,,,,,,,,,,,,,,,,,,,,,,,,,,,,,,,,,,,,,,,,,,,,,14617,,,,,,,,,,,,,,,,,,,,,,,,,,,,,,,,,,,,,,,,,,,,,,795200,,,,,,,,,,,,,2018,,,,,
beekeeper_national_annual,,,,,,,,,,,,,,,,,284314,,,,,,,,,,,,,,,,,,725,,,,,,25.5,,FAOSTAT,,,,,,,,,,,,,,,,,,,,,,,,,,,,,,,,,,,,,,,,,,,,,,,,,71453,,,,,,,,,,,,,,,,,,,,,,,,,,,,,,,,,,,,,,,,,,,,colonies / colonies_per_beekeeper (academic ratio),92402,0.325,,,,,,,,,,,,,,,,,,,,,,,,,,,,,,,,,,,,,,,,,,,,,,,,,,,,,,,,,,,,,,,,,,,,,,,,,,,,,,,,,,,,16021,,,,,,,,,,,,,,,,,,,,,,,,,,,,,,,,,,,,,,,,,,,,,,796079,,,,,,,,,,,,,2019,,,,,
beekeeper_national_annual,,,,,,,,,,,,,,,,,284615,,,,,,,,,,,,,,,,,,740,,,,,,26.0,,FAOSTAT,,,,,,,,,,,,,,,,,,,,,,,,,,,,,,,,,,,,,,,,,,,,,,,,,73338,,,,,,,,,,,,,,,,,,,,,,,,,,,,,,,,,,,,,,,,,,,,colonies / colonies_per_beekeeper (academic ratio),91077,0.32,,,,,,,,,,,,,,,,,,,,,,,,,,,,,,,,,,,,,,,,,,,,,,,,,,,,,,,,,,,,,,,,,,,,,,,,,,,,,,,,,,,,17131,,,,,,,,,,,,,,,,,,,,,,,,,,,,,,,,,,,,,,,,,,,,,,796922,,,,,,,,,,,,,2020,,,,,
beekeeper_national_annual,,,,,,,,,,,,,,,,,290385,,,,,,,,,,,,,,,,,,755,,,,,,26.0,,FAOSTAT,,,,,,,,,,,,,,,,,,,,,,,,,,,,,,,,,,,,,,,,,,,,,,,,,83111,,,,,,,,,,,,,,,,,,,,,,,,,,,,,,,,,,,,,,,,,,,,colonies / colonies_per_beekeeper (academic ratio),90019,0.31,,,,,,,,,,,,,,,,,,,,,,,,,,,,,,,,,,,,,,,,,,,,,,,,,,,,,,,,,,,,,,,,,,,,,,,,,,,,,,,,,,,,18931,,,,,,,,,,,,,,,,,,,,,,,,,,,,,,,,,,,,,,,,,,,,,,813078,,,,,,,,,,,,,2021,,,,,
beekeeper_national_annual,,,,,,,,,,,,,,,,,290566,,,,,,,,,,,,,,,,,,770,,,,,,26.5,,FAOSTAT,,,,,,,,,,,,,,,,,,,,,,,,,,,,,,,,,,,,,,,,,,,,,,,,,87385,,,,,,,,,,,,,,,,,,,,,,,,,,,,,,,,,,,,,,,,,,,,colonies / colonies_per_beekeeper (academic ratio),87170,0.3,,,,,,,,,,,,,,,,,,,,,,,,,,,,,,,,,,,,,,,,,,,,,,,,,,,,,,,,,,,,,,,,,,,,,,,,,,,,,,,,,,,,20133,,,,,,,,,,,,,,,,,,,,,,,,,,,,,,,,,,,,,,,,,,,,,,813585,,,,,,,,,,,,,2022,,,,,
beekeeper_national_annual,,,,,,,,,,,,,,,,,296226,,,,,,,,,,,,,,,,,,785,,,,,,26.5,,Industry,,,,,,,,,,,,,,,,,,,,,,,,,,,,,,,,,,,,,,,,,,,,,,,,,91746,,,,,,,,,,,,,,,,,,,,,,,,,,,,,,,,,,,,,,,,,,,,colonies / colonies_per_beekeeper (academic ratio),85906,0.29,,,,,,,,,,,,,,,,,,,,,,,,,,,,,,,,,,,,,,,,,,,,,,,,,,,,,,,,,,,,,,,,,,,,,,,,,,,,,,,,,,,,21691,,,,,,,,,,,,,,,,,,,,,,,,,,,,,,,,,,,,,,,,,,,,,,829433,,,,,,,,,,,,,2023,,,,,
beekeeper_national_annual,,,,,,,,,,,,,,,,,294444,,,,,,,,,,,,,,,,,,795,,,,,,27.0,,Industry_Est,,,,,,,,,,,,,,,,,,,,,,,,,,,,,,,,,,,,,,,,,,,,,,,,,95677,,,,,,3186,,,,,,,,,,,,,,,,,,,,,,,,,,,,,,,,,,,,,,colonies / colonies_per_beekeeper (academic ratio),82444,0.28,,,,,,,,,,,,,,,,,,,,,,,,,,,,,,,,,,,,,,,,,,,,,,,,,,,,,,,,,,,,,,,,,,,,,,,,,,,,,,,,,,,,23119,,,,,,,,,,,,,,,,,,,,,,,,,,,,,,,,,,,,,,,,,,,,,,824443,,,,,,,,,,,,,2024,,,,,
beekeeper_national_annual,,,,,,,,,,,,,,,,,296296,,,,,,,,,,,,,,,,,,800,,,,,,27.0,,Projected,,,,,,,,,,,,,,,,,,,,,,,,,,,,,,,,,,,,,,,,,,,,,,,,,,,,,,,,,,,,,,,,,,,,,,,,,,,,,,,,,,,,,,,,,,,,,colonies / colonies_per_beekeeper (academic ratio),82963,0.28,,,,,,,,,,,,,,,,,,,,,,,,,,,,,,,,,,,,,,,,,,,,,,,,,,,,,,,,,,,,,,,,,,,,,,,,,,,,,,,,,,,,,,,,,,,,,,,,,,,,,,,,,,,,,,,,,,,,,,,,,,,,,,,,,,829629,,,,,,,,,,,,,2025,,,,,
beekeeper_profit_by_mode,,,,,,,,,,,,,,,,,,,,,,,,,,,,,,,,,,,,,,,,,,,,,,,,,,,,,,,,,,,,,,,,,,,,,,,,,,,,,,,,,,,,,,,,,,,,,,,,,,,,,,,,,,,,,,,,,,,,,,,102.1,39587.51,8.0,76665.6,37078.09,363.15,55.0,,,,,,,,,,,,,,,,,,,,,,,,,,,,,,,,,,,,,,,,,,,,,,,,,,,,,,,,,,,,,,,,,,,,,,,,,,,,,,,,,,,,,,,,,,,,,,,,,,,,,,,63.8,24742.2,10.0,54761.15,30018.95,470.52,43.0,,,,,,,,,25.5,7917.5,50.0,27380.56,19463.06,763.26,15.0,42.5,11876.25,15.0,32856.69,20980.44,493.66,28.0,,,,,,,,,,,,,,,,,,,,,,,,,2005,,,,,
beekeeper_profit_by_mode,,,,,,,,,,,,,,,,,,,,,,,,,,,,,,,,,,,,,,,,,,,,,,,,,,,,,,,,,,,,,,,,,,,,,,,,,,,,,,,,,,,,,,,,,,,,,,,,,,,,,,,,,,,,,,,,,,,,,,,107.7,36875.06,8.2,71175.4,34300.34,318.48,55.3,,,,,,,,,,,,,,,,,,,,,,,,,,,,,,,,,,,,,,,,,,,,,,,,,,,,,,,,,,,,,,,,,,,,,,,,,,,,,,,,,,,,,,,,,,,,,,,,,,,,,,,67.3,23154.11,10.2,52195.28,29041.17,431.52,43.3,,,,,,,,,26.9,7718.04,51.8,25623.14,17905.1,665.62,15.3,44.9,11148.27,15.3,30368.17,19219.9,428.06,28.3,,,,,,,,,,,,,,,,,,,,,,,,,2006,,,,,
beekeeper_profit_by_mode,,,,,,,,,,,,,,,,,,,,,,,,,,,,,,,,,,,,,,,,,,,,,,,,,,,,,,,,,,,,,,,,,,,,,,,,,,,,,,,,,,,,,,,,,,,,,,,,,,,,,,,,,,,,,,,,,,,,,,,113.7,43159.09,8.4,84909.08,41749.99,367.19,55.6,,,,,,,,,,,,,,,,,,,,,,,,,,,,,,,,,,,,,,,,,,,,,,,,,,,,,,,,,,,,,,,,,,,,,,,,,,,,,,,,,,,,,,,,,,,,,,,,,,,,,,,71.1,27813.63,10.4,61559.09,33745.46,474.62,43.6,,,,,,,,,28.4,9590.92,53.5,31840.91,22249.99,783.45,15.6,47.4,13427.28,15.7,37147.73,23720.45,500.43,28.6,,,,,,,,,,,,,,,,,,,,,,,,,2007,,,,,
beekeeper_profit_by_mode,,,,,,,,,,,,,,,,,,,,,,,,,,,,,,,,,,,,,,,,,,,,,,,,,,,,,,,,,,,,,,,,,,,,,,,,,,,,,,,,,,,,,,,,,,,,,,,,,,,,,,,,,,,,,,,,,,,,,,,119.8,42003.31,8.6,82312.47,40309.16,336.47,55.9,,,,,,,,,,,,,,,,,,,,,,,,,,,,,,,,,,,,,,,,,,,,,,,,,,,,,,,,,,,,,,,,,,,,,,,,,,,,,,,,,,,,,,,,,,,,,,,,,,,,,,,74.9,27127.14,10.6,60039.68,32912.54,439.42,43.9,,,,,,,,,30.0,9625.75,55.2,31956.61,22330.86,744.36,15.9,49.9,13126.04,16.1,36798.51,23672.47,474.4,28.9,,,,,,,,,,,,,,,,,,,,,,,,,2008,,,,,
beekeeper_profit_by_mode,,,,,,,,,,,,,,,,,,,,,,,,,,,,,,,,,,,,,,,,,,,,,,,,,,,,,,,,,,,,,,,,,,,,,,,,,,,,,,,,,,,,,,,,,,,,,,,,,,,,,,,,,,,,,,,,,,,,,,,126.2,46645.28,8.8,90849.97,44204.69,350.27,56.2,,,,,,,,,,,,,,,,,,,,,,,,,,,,,,,,,,,,,,,,,,,,,,,,,,,,,,,,,,,,,,,,,,,,,,,,,,,,,,,,,,,,,,,,,,,,,,,,,,,,,,,78.8,30785.89,10.8,67105.09,36319.2,460.9,44.2,,,,,,,,,31.5,11194.87,57.0,37165.9,25971.03,824.48,16.2,52.6,14926.49,16.4,41295.44,26368.95,501.31,29.2,,,,,,,,,,,,,,,,,,,,,,,,,2009,,,,,
beekeeper_profit_by_mode,,,,,,,,,,,,,,,,,,,,,,,,,,,,,,,,,,,,,,,,,,,,,,,,,,,,,,,,,,,,,,,,,,,,,,,,,,,,,,,,,,,,,,,,,,,,,,,,,,,,,,,,,,,,,,,,,,,,,,,133.1,48020.5,9.0,93489.09,45468.59,341.61,56.5,,,,,,,,,,,,,,,,,,,,,,,,,,,,,,,,,,,,,,,,,,,,,,,,,,,,,,,,,,,,,,,,,,,,,,,,,,,,,,,,,,,,,,,,,,,,,,,,,,,,,,,83.2,32013.67,11.0,68886.71,36873.04,443.19,44.5,,,,,,,,,33.3,12449.76,58.8,41332.02,28882.26,867.34,16.5,55.5,16006.83,16.8,44284.31,28277.48,509.5,29.5,,,,,,,,,,,,,,,,,,,,,,,,,2010,,,,,
beekeeper_profit_by_mode,,,,,,,,,,,,,,,,,,,,,,,,,,,,,,,,,,,,,,,,,,,,,,,,,,,,,,,,,,,,,,,,,,,,,,,,,,,,,,,,,,,,,,,,,,,,,,,,,,,,,,,,,,,,,,,,,,,,,,,138.3,54755.56,9.2,109696.79,54941.23,397.26,56.8,,,,,,,,,,,,,,,,,,,,,,,,,,,,,,,,,,,,,,,,,,,,,,,,,,,,,,,,,,,,,,,,,,,,,,,,,,,,,,,,,,,,,,,,,,,,,,,,,,,,,,,86.4,36818.4,11.2,81489.05,44670.65,517.02,44.8,,,,,,,,,34.6,14160.92,60.5,48057.64,33896.72,979.67,16.8,57.6,17937.17,17.1,50147.11,32209.94,559.2,29.8,,,,,,,,,,,,,,,,,,,,,,,,,2011,,,,,
beekeeper_profit_by_mode,,,,,,,,,,,,,,,,,,,,,,,,,,,,,,,,,,,,,,,,,,,,,,,,,,,,,,,,,,,,,,,,,,,,,,,,,,,,,,,,,,,,,,,,,,,,,,,,,,,,,,,,,,,,,,,,,,,,,,,138.9,54038.74,9.4,107719.15,53680.41,386.47,43.3,,,,,,,,,,,,,,,,,,,,,,,,,,,,,,,,,,,,,,,,,,,,,,,,,,,,,,,,,,,,,,,,,,,,,,,,,,,,,,,,,,,,,,,,,,,,,,,,,,,,,,,86.8,36603.35,11.4,80307.06,43703.71,503.5,39.0,,,,,,,,,34.7,13945.88,62.2,48978.95,35033.07,1009.6,10.4,57.9,17435.39,17.4,50936.96,33501.57,578.61,27.9,,,,,,,,,,,,,,,,,,,,,,,,,2012,,,,,
beekeeper_profit_by_mode,,,,,,,,,,,,,,,,,,,,,,,,,,,,,,,,,,,,,,,,,,,,,,,,,,,,,,,,,,,,,,,,,,,,,,,,,,,,,,,,,,,,,,,,,,,,,,,,,,,,,,,,,,,,,,,,,,,,,,,144.3,53653.83,9.6,111152.16,57498.33,398.46,43.4,,,,,,,,,,,,,,,,,,,,,,,,,,,,,,,,,,,,,,,,,,,,,,,,,,,,,,,,,,,,,,,,,,,,,,,,,,,,,,,,,,,,,,,,,,,,,,,,,,,,,,,90.2,36052.85,11.6,82154.64,46101.79,511.11,39.1,,,,,,,,,36.1,14246.1,64.0,52201.5,37955.4,1051.4,10.4,60.1,17600.98,17.8,53157.13,35556.15,591.62,27.9,,,,,,,,,,,,,,,,,,,,,,,,,2013,,,,,
beekeeper_profit_by_mode,,,,,,,,,,,,,,,,,,,,,,,,,,,,,,,,,,,,,,,,,,,,,,,,,,,,,,,,,,,,,,,,,,,,,,,,,,,,,,,,,,,,,,,,,,,,,,,,,,,,,,,,,,,,,,,,,,,,,,,142.8,52416.85,9.8,124592.79,72175.94,505.43,49.5,,,,,,,,,,,,,,,,,,,,,,,,,,,,,,,,,,,,,,,,,,,,,,,,,,,,,,,,,,,,,,,,,,,,,,,,,,,,,,,,,,,,,,,,,,,,,,,,,,,,,,,89.2,35201.57,11.8,91706.2,56504.63,633.46,44.5,,,,,,,,,35.7,14866.1,65.8,59793.79,44927.69,1258.48,11.9,59.5,17998.34,18.1,59793.79,41795.45,702.44,31.8,,,,,,,,,,,,,,,,,,,,,,,,,2014,,,,,
beekeeper_profit_by_mode,,,,,,,,,,,,,,,,,,,,,,,,,,,,,,,,,,,,,,,,,,,,,,,,,,,,,,,,,,,,,,,,,,,,,,,,,,,,,,,,,,,,,,,,,,,,,,,,,,,,,,,,,,,,,,,,,,,,,,,136.1,56955.54,10.0,146357.78,89402.24,656.89,61.0,,,,,,,,,,,,,,,,,,,,,,,,,,,,,,,,,,,,,,,,,,,,,,,,,,,,,,,,,,,,,,,,,,,,,,,,,,,,,,,,,,,,,,,,,,,,,,,,,,,,,,,85.0,37966.01,12.0,109768.34,71802.33,844.73,54.9,,,,,,,,,34.0,15818.08,67.5,71084.68,55266.6,1625.49,14.7,56.7,19772.6,18.5,67963.12,48190.52,849.92,39.2,,,,,,,,,,,,,,,,,,,,,,,,,2015,,,,,
beekeeper_profit_by_mode,,,,,,,,,,,,,,,,,,,,,,,,,,,,,,,,,,,,,,,,,,,,,,,,,,,,,,,,,,,,,,,,,,,,,,,,,,,,,,,,,,,,,,,,,,,,,,,,,,,,,,,,,,,,,,,,,,,,,,,138.9,50719.71,10.2,156078.43,105358.72,758.52,65.8,,,,,,,,,,,,,,,,,,,,,,,,,,,,,,,,,,,,,,,,,,,,,,,,,,,,,,,,,,,,,,,,,,,,,,,,,,,,,,,,,,,,,,,,,,,,,,,,,,,,,,,86.8,33813.14,12.2,118404.33,84591.19,974.55,59.2,,,,,,,,,34.7,14882.46,69.2,80730.23,65847.77,1897.63,15.8,57.9,17585.17,18.9,75348.21,57763.04,997.63,42.3,,,,,,,,,,,,,,,,,,,,,,,,,2016,,,,,
beekeeper_profit_by_mode,,,,,,,,,,,,,,,,,,,,,,,,,,,,,,,,,,,,,,,,,,,,,,,,,,,,,,,,,,,,,,,,,,,,,,,,,,,,,,,,,,,,,,,,,,,,,,,,,,,,,,,,,,,,,,,,,,,,,,,136.9,53724.71,10.4,86932.22,33207.51,242.57,40.2,,,,,,,,,,,,,,,,,,,,,,,,,,,,,,,,,,,,,,,,,,,,,,,,,,,,,,,,,,,,,,,,,,,,,,,,,,,,,,,,,,,,,,,,,,,,,,,,,,,,,,,85.5,35812.36,12.4,67158.81,31346.45,366.63,36.2,,,,,,,,,34.2,15150.91,71.0,51355.25,36204.34,1058.61,9.6,57.0,18590.38,19.2,47410.68,28820.3,505.62,25.8,,,,,,,,,,,,,,,,,,,,,,,,,2017,,,,,
beekeeper_profit_by_mode,,,,,,,,,,,,,,,,,,,,,,,,,,,,,,,,,,,,,,,,,,,,,,,,,,,,,,,,,,,,,,,,,,,,,,,,,,,,,,,,,,,,,,,,,,,,,,,,,,,,,,,,,,,,,,,,,,,,,,,185.5,83421.42,10.6,130291.68,46870.26,252.67,58.9,,,,,,,,,,,,,,,,,,,,,,,,,,,,,,,,,,,,,,,,,,,,,,,,,,,,,,,,,,,,,,,,,,,,,,,,,,,,,,,,,,,,,,,,,,,,,,,,,,,,,,,116.0,56309.46,12.6,97718.76,41409.3,356.98,46.9,,,,,,,,,46.4,23983.66,72.8,76003.48,52019.82,1121.12,18.9,77.3,29197.5,19.6,70574.66,41377.16,535.28,31.9,,,,,,,,,,,,,,,,,,,,,,,,,2018,,,,,
beekeeper_profit_by_mode,,,,,,,,,,,,,,,,,,,,,,,,,,,,,,,,,,,,,,,,,,,,,,,,,,,,,,,,,,,,,,,,,,,,,,,,,,,,,,,,,,,,,,,,,,,,,,,,,,,,,,,,,,,,,,,,,,,,,,,191.6,78882.04,10.8,130449.01,51566.97,269.14,59.2,,,,,,,,,,,,,,,,,,,,,,,,,,,,,,,,,,,,,,,,,,,,,,,,,,,,,,,,,,,,,,,,,,,,,,,,,,,,,,,,,,,,,,,,,,,,,,,,,,,,,,,119.7,52897.37,12.8,96628.9,43731.53,365.34,47.2,,,,,,,,,47.9,23200.6,74.5,77303.12,54102.52,1129.49,19.2,79.8,27840.72,19.9,69572.81,41732.09,522.96,32.2,,,,,,,,,,,,,,,,,,,,,,,,,2019,,,,,
beekeeper_profit_by_mode,,,,,,,,,,,,,,,,,,,,,,,,,,,,,,,,,,,,,,,,,,,,,,,,,,,,,,,,,,,,,,,,,,,,,,,,,,,,,,,,,,,,,,,,,,,,,,,,,,,,,,,,,,,,,,,,,,,,,,,197.4,89140.63,11.0,158209.35,69068.72,349.89,59.5,,,,,,,,,,,,,,,,,,,,,,,,,,,,,,,,,,,,,,,,,,,,,,,,,,,,,,,,,,,,,,,,,,,,,,,,,,,,,,,,,,,,,,,,,,,,,,,,,,,,,,,123.4,59764.74,13.0,116020.19,56255.45,455.88,47.5,,,,,,,,,49.3,28362.93,76.2,94925.61,66562.68,1350.16,19.5,82.2,32414.78,20.2,82268.86,49854.08,606.5,32.5,,,,,,,,,,,,,,,,,,,,,,,,,2020,,,,,
beekeeper_profit_by_mode,,,,,,,,,,,,,,,,,,,,,,,,,,,,,,,,,,,,,,,,,,,,,,,,,,,,,,,,,,,,,,,,,,,,,,,,,,,,,,,,,,,,,,,,,,,,,,,,,,,,,,,,,,,,,,,,,,,,,,,204.0,91027.38,17.8,159684.87,68657.49,336.56,53.1,,,,,,,,,,,,,,,,,,,,,,,,,,,,,,,,,,,,,,,,,,,,,,,,,,,,,,,,,,,,,,,,,,,,,,,,,,,,,,,,,,,,,,,,,,,,,,,,,,,,,,,127.5,61344.54,22.3,118475.87,57131.33,448.09,33.2,,,,,,,,,51.0,29682.84,82.4,97871.37,68188.53,1337.03,12.7,85.0,33640.56,44.6,84478.45,50837.89,598.09,22.1,,,,,,,,,,,,,,,,,,,,,,,,,2021,,,,,
beekeeper_profit_by_mode,,,,,,,,,,,,,,,,,,,,,,,,,,,,,,,,,,,,,,,,,,,,,,,,,,,,,,,,,,,,,,,,,,,,,,,,,,,,,,,,,,,,,,,,,,,,,,,,,,,,,,,,,,,,,,,,,,,,,,,211.1,95631.13,18.4,167650.56,72019.43,341.16,54.5,,,,,,,,,,,,,,,,,,,,,,,,,,,,,,,,,,,,,,,,,,,,,,,,,,,,,,,,,,,,,,,,,,,,,,,,,,,,,,,,,,,,,,,,,,,,,,,,,,,,,,,131.9,64404.64,23.0,127008.0,62603.36,474.63,34.0,,,,,,,,,52.8,31226.49,84.9,106686.72,75460.23,1429.17,13.0,88.0,35129.8,46.0,89413.63,54283.83,616.86,22.7,,,,,,,,,,,,,,,,,,,,,,,,,2022,,,,,
beekeeper_profit_by_mode,,,,,,,,,,,,,,,,,,,,,,,,,,,,,,,,,,,,,,,,,,,,,,,,,,,,,,,,,,,,,,,,,,,,,,,,,,,,,,,,,,,,,,,,,,,,,,,,,,,,,,,,,,,,,,,,,,,,,,,218.7,97960.8,19.0,170000.0,72039.2,329.4,55.8,,,,,,,,,,,,,,,,,,,,,,,,,,,,,,,,,,,,,,,,,,,,,,,,,,,,,,,,,,,,,,,,,,,,,,,,,,,,,,,,,,,,,,,,,,,,,,,,,,,,,,,136.7,66267.6,23.7,128000.0,61732.4,451.59,34.9,,,,,,,,,54.7,33614.0,87.4,115000.0,81386.0,1487.86,13.3,91.1,36495.2,47.4,90000.0,53504.8,587.32,23.3,,,,,,,,,,,,,,,,,,,,,,,,,2023,,,,,
beekeeper_profit_by_mode,,,,,,,,,,,,,,,,,,,,,,,,,,,,,,,,,,,,,,,,,,,,,,,,,,,,,,,,,,,,,,,,,,,,,,,,,,,,,,,,,,,,,,,,,,,,,,,,,,,,,,,,,,,,,,,,,,,,,,,226.3,96059.67,11.8,160032.77,63973.1,282.69,60.7,,,,,,,,,,,,,,,,,,,,,,,,,,,,,,,,,,,,,,,,,,,,,,,,,,,,,,,,,,,,,,,,,,,,,,,,,,,,,,,,,,,,,,,,,,,,,,,,,,,,,,,141.4,65869.49,13.8,119072.0,53202.51,376.26,48.7,,,,,,,,,56.6,34764.45,83.2,114309.12,79544.67,1405.38,20.7,94.3,36594.16,21.6,83826.69,47232.53,500.88,33.7,,,,,,,,,,,,,,,,,,,,,,,,,2024,,,,,
beekeeper_profit_by_mode,,,,,,,,,,,,,,,,,,,,,,,,,,,,,,,,,,,,,,,,,,,,,,,,,,,,,,,,,,,,,,,,,,,,,,,,,,,,,,,,,,,,,,,,,,,,,,,,,,,,,,,,,,,,,,,,,,,,,,,232.3,106227.49,12.0,179225.2,72997.71,314.24,61.0,,,,,,,,,,,,,,,,,,,,,,,,,,,,,,,,,,,,,,,,,,,,,,,,,,,,,,,,,,,,,,,,,,,,,,,,,,,,,,,,,,,,,,,,,,,,,,,,,,,,,,,145.2,73769.09,14.0,133138.72,59369.63,408.88,49.0,,,,,,,,,58.1,39343.52,85.0,128018.0,88674.48,1526.24,21.0,96.8,41310.69,22.0,94221.25,52910.56,546.6,34.0,,,,,,,,,,,,,,,,,,,,,,,,,2025,,,,,
beekeeper_province_annual_series,,,,,,,,,,,,,,,,,,59818,,,,3201,,,,,,,,,,,,,,,126.4,131.6,,,,,,,10.12,,,,,,,,,,,,,,,,,,,,,,,,,,,,,,,,,,,,,,,,,,,,,,,,,,,,,,,,,,,5.03,,,,,,,,,,,,,,,,,,,,,,,,,,,,,,,,,,,,,,,,,,,,,,,,,,,,,,,,,,,,,,,,,,,,,,,,,,,,,,,,,,,,,,浙江,,30.2741,120.1551,,,,,,,,,,,,,,,,,,,,,,,,,,,,,,,,,,,,,,,,,,,"Multi-source compilation (FAO, NBS, Qichacha, Industry reports)",Provincial data: 154.6万群(2023) from 浙江省畜牧总站,,,,,,,,,,,,,,,,,,,,,,,,,,,,,,,,,,,,,,,,,,,,2009,,,,39.8,
beekeeper_province_annual_series,,,,,,,,,,,,,,,,,,60455,,,,3201,,,,,,,,,,,,,,,126.4,133.0,,,,,,,10.23,,,,,,,,,,,,,,,,,,,,,,,,,,,,,,,,,,,,,,,,,,,,,,,,,,,,,,,,,,,5.03,,,,,,,,,,,,,,,,,,,,,,,,,,,,,,,,,,,,,,,,,,,,,,,,,,,,,,,,,,,,,,,,,,,,,,,,,,,,,,,,,,,,,,浙江,,30.2741,120.1551,,,,,,,,,,,,,,,,,,,,,,,,,,,,,,,,,,,,,,,,,,,"Multi-source compilation (FAO, NBS, Qichacha, Industry reports)",Provincial data: 154.6万群(2023) from 浙江省畜牧总站,,,,,,,,,,,,,,,,,,,,,,,,,,,,,,,,,,,,,,,,,,,,2010,,,,39.8,
beekeeper_province_annual_series,,,,,,,,,,,,,,,,,,59689,,,,3201,,,,,,,,,,,,,,,126.4,134.3,,,,,,,10.33,,,,,,,,,,,,,,,,,,,,,,,,,,,,,,,,,,,,,,,,,,,,,,,,,,,,,,,,,,,5.03,,,,,,,,,,,,,,,,,,,,,,,,,,,,,,,,,,,,,,,,,,,,,,,,,,,,,,,,,,,,,,,,,,,,,,,,,,,,,,,,,,,,,,浙江,,30.2741,120.1551,,,,,,,,,,,,,,,,,,,,,,,,,,,,,,,,,,,,,,,,,,,"Multi-source compilation (FAO, NBS, Qichacha, Industry reports)",Provincial data: 154.6万群(2023) from 浙江省畜牧总站,,,,,,,,,,,,,,,,,,,,,,,,,,,,,,,,,,,,,,,,,,,,2011,,,,39.8,
beekeeper_province_annual_series,,,,,,,,,,,,,,,,,,58957,,,,3201,,,,,,,,,,,,,,,126.4,135.6,,,,,,,10.43,,,,,,,,,,,,,,,,,,,,,,,,,,,,,,,,,,,,,,,,,,,,,,,,,,,,,,,,,,,5.03,,,,,,,,,,,,,,,,,,,,,,,,,,,,,,,,,,,,,,,,,,,,,,,,,,,,,,,,,,,,,,,,,,,,,,,,,,,,,,,,,,,,,,浙江,,30.2741,120.1551,,,,,,,,,,,,,,,,,,,,,,,,,,,,,,,,,,,,,,,,,,,"Multi-source compilation (FAO, NBS, Qichacha, Industry reports)",Provincial data: 154.6万群(2023) from 浙江省畜牧总站,,,,,,,,,,,,,,,,,,,,,,,,,,,,,,,,,,,,,,,,,,,,2012,,,,39.8,
beekeeper_province_annual_series,,,,,,,,,,,,,,,,,,54348,,,,1983,,,,,,,,,,,,,,,62.0,125.0,,,,,,,9.62,,,,,,,,,,,,,,,,,,,,,,,,,,,,,,,,,,,,,,,,,,,,,,,,,,,,,,,,,,,4.88,,,,,,,,,,,,,,,,,,,,,,,,,,,,,,,,,,,,,,,,,,,,,,,,,,,,,,,,,,,,,,,,,,,,,,,,,,,,,,,,,,,,,,河南,,34.7466,113.6254,,,,,,,,,,,,,,,,,,,,,,,,,,,,,,,,,,,,,,,,,,,"Multi-source compilation (FAO, NBS, Qichacha, Industry reports)",Provincial data: 130.0万群(2023) from 大河网报道/协会(2020=115),,,,,,,,,,,,,,,,,,,,,,,,,,,,,,,,,,,,,,,,,,,,2012,,,,78.7,
beekeeper_province_annual_series,,,,,,,,,,,,,,,,,,58255,,,,3201,,,,,,,,,,,,,,,126.4,136.9,,,,,,,10.53,,,,,,,,,,,,,,,,,,,,,,,,,,,,,,,,,,,,,,,,,,,,,,,,,,,,,,,,,,,5.03,,,,,,,,,,,,,,,,,,,,,,,,,,,,,,,,,,,,,,,,,,,,,,,,,,,,,,,,,,,,,,,,,,,,,,,,,,,,,,,,,,,,,,浙江,,30.2741,120.1551,,,,,,,,,,,,,,,,,,,,,,,,,,,,,,,,,,,,,,,,,,,"Multi-source compilation (FAO, NBS, Qichacha, Industry reports)",Provincial data: 154.6万群(2023) from 浙江省畜牧总站,,,,,,,,,,,,,,,,,,,,,,,,,,,,,,,,,,,,,,,,,,,,2013,,,,39.8,
beekeeper_province_annual_series,,,,,,,,,,,,,,,,,,53617,,,,1983,,,,,,,,,,,,,,,62.0,126.0,,,,,,,9.69,,,,,,,,,,,,,,,,,,,,,,,,,,,,,,,,,,,,,,,,,,,,,,,,,,,,,,,,,,,4.88,,,,,,,,,,,,,,,,,,,,,,,,,,,,,,,,,,,,,,,,,,,,,,,,,,,,,,,,,,,,,,,,,,,,,,,,,,,,,,,,,,,,,,河南,,34.7466,113.6254,,,,,,,,,,,,,,,,,,,,,,,,,,,,,,,,,,,,,,,,,,,"Multi-source compilation (FAO, NBS, Qichacha, Industry reports)",Provincial data: 130.0万群(2023) from 大河网报道/协会(2020=115),,,,,,,,,,,,,,,,,,,,,,,,,,,,,,,,,,,,,,,,,,,,2013,,,,78.7,
beekeeper_province_annual_series,,,,,,,,,,,,,,,,,,57625,,,,3201,,,,,,,,,,,,,,,126.4,138.3,,,,,,,10.64,,,,,,,,,,,,,,,,,,,,,,,,,,,,,,,,,,,,,,,,,,,,,,,,,,,,,,,,,,,5.03,,,,,,,,,,,,,,,,,,,,,,,,,,,,,,,,,,,,,,,,,,,,,,,,,,,,,,,,,,,,,,,,,,,,,,,,,,,,,,,,,,,,,,浙江,,30.2741,120.1551,,,,,,,,,,,,,,,,,,,,,,,,,,,,,,,,,,,,,,,,,,,"Multi-source compilation (FAO, NBS, Qichacha, Industry reports)",Provincial data: 154.6万群(2023) from 浙江省畜牧总站,,,,,,,,,,,,,,,,,,,,,,,,,,,,,,,,,,,,,,,,,,,,2014,,,,39.8,
beekeeper_province_annual_series,,,,,,,,,,,,,,,,,,52917,,,,1983,,,,,,,,,,,,,,,62.0,127.0,,,,,,,9.77,,,,,,,,,,,,,,,,,,,,,,,,,,,,,,,,,,,,,,,,,,,,,,,,,,,,,,,,,,,4.88,,,,,,,,,,,,,,,,,,,,,,,,,,,,,,,,,,,,,,,,,,,,,,,,,,,,,,,,,,,,,,,,,,,,,,,,,,,,,,,,,,,,,,河南,,34.7466,113.6254,,,,,,,,,,,,,,,,,,,,,,,,,,,,,,,,,,,,,,,,,,,"Multi-source compilation (FAO, NBS, Qichacha, Industry reports)",Provincial data: 130.0万群(2023) from 大河网报道/协会(2020=115),,,,,,,,,,,,,,,,,,,,,,,,,,,,,,,,,,,,,,,,,,,,2014,,,,78.7,
beekeeper_province_annual_series,,,,,,,,,,,,,,,,,,58167,,,,3201,,,,,,,,,,,,,,,126.4,139.6,,,,,,,10.74,,,,,,,,,,,,,,,,,,,,,,,,,,,,,,,,,,,,,,,,,,,,,,,,,,,,,,,,,,,5.03,,,,,,,,,,,,,,,,,,,,,,,,,,,,,,,,,,,,,,,,,,,,,,,,,,,,,,,,,,,,,,,,,,,,,,,,,,,,,,,,,,,,,,浙江,,30.2741,120.1551,,,,,,,,,,,,,,,,,,,,,,,,,,,,,,,,,,,,,,,,,,,"Multi-source compilation (FAO, NBS, Qichacha, Industry reports)",Provincial data: 154.6万群(2023) from 浙江省畜牧总站,,,,,,,,,,,,,,,,,,,,,,,,,,,,,,,,,,,,,,,,,,,,2015,,,,39.8,
beekeeper_province_annual_series,,,,,,,,,,,,,,,,,,53417,,,,1983,,,,,,,,,,,,,,,62.0,128.2,,,,,,,9.86,,,,,,,,,,,,,,,,,,,,,,,,,,,,,,,,,,,,,,,,,,,,,,,,,,,,,,,,,,,4.88,,,,,,,,,,,,,,,,,,,,,,,,,,,,,,,,,,,,,,,,,,,,,,,,,,,,,,,,,,,,,,,,,,,,,,,,,,,,,,,,,,,,,,河南,,34.7466,113.6254,,,,,,,,,,,,,,,,,,,,,,,,,,,,,,,,,,,,,,,,,,,"Multi-source compilation (FAO, NBS, Qichacha, Industry reports)",Provincial data: 130.0万群(2023) from 大河网报道/协会(2020=115),,,,,,,,,,,,,,,,,,,,,,,,,,,,,,,,,,,,,,,,,,,,2015,,,,78.7,
beekeeper_province_annual_series,,,,,,,,,,,,,,,,,,66939,,,,3724,,,,,,,,,,,,,,,135.8,164.0,,,,,,,12.62,,,,,,,,,,,,,,,,,,,,,,,,,,,,,,,,,,,,,,,,,,,,,,,,,,,,,,,,,,,6.66,,,,,,,,,,,,,,,,,,,,,,,,,,,,,,,,,,,,,,,,,,,,,,,,,,,,,,,,,,,,,,,,,,,,,,,,,,,,,,,,,,,,,,四川,,30.5728,104.0668,,,,,,,,,,,,,,,,,,,,,,,,,,,,,,,,,,,,,,,,,,,"Multi-source compilation (FAO, NBS, Qichacha, Industry reports)",Provincial data: 170.0万群(2023) from 中国蜂产品协会/省政府(2021=165),,,,,,,,,,,,,,,,,,,,,,,,,,,,,,,,,,,,,,,,,,,,2016,,,,49.0,
beekeeper_province_annual_series,,,,,,,,,,,,,,,,,,58041,,,,3201,,,,,,,,,,,,,,,126.4,142.2,,,,,,,10.94,,,,,,,,,,,,,,,,,,,,,,,,,,,,,,,,,,,,,,,,,,,,,,,,,,,,,,,,,,,5.03,,,,,,,,,,,,,,,,,,,,,,,,,,,,,,,,,,,,,,,,,,,,,,,,,,,,,,,,,,,,,,,,,,,,,,,,,,,,,,,,,,,,,,浙江,,30.2741,120.1551,,,,,,,,,,,,,,,,,,,,,,,,,,,,,,,,,,,,,,,,,,,"Multi-source compilation (FAO, NBS, Qichacha, Industry reports)",Provincial data: 154.6万群(2023) from 浙江省畜牧总站,,,,,,,,,,,,,,,,,,,,,,,,,,,,,,,,,,,,,,,,,,,,2016,,,,39.8,
beekeeper_province_annual_series,,,,,,,,,,,,,,,,,,52735,,,,1983,,,,,,,,,,,,,,,62.0,129.2,,,,,,,9.94,,,,,,,,,,,,,,,,,,,,,,,,,,,,,,,,,,,,,,,,,,,,,,,,,,,,,,,,,,,4.88,,,,,,,,,,,,,,,,,,,,,,,,,,,,,,,,,,,,,,,,,,,,,,,,,,,,,,,,,,,,,,,,,,,,,,,,,,,,,,,,,,,,,,河南,,34.7466,113.6254,,,,,,,,,,,,,,,,,,,,,,,,,,,,,,,,,,,,,,,,,,,"Multi-source compilation (FAO, NBS, Qichacha, Industry reports)",Provincial data: 130.0万群(2023) from 大河网报道/协会(2020=115),,,,,,,,,,,,,,,,,,,,,,,,,,,,,,,,,,,,,,,,,,,,2016,,,,78.7,
beekeeper_province_annual_series,,,,,,,,,,,,,,,,,,65680,,,,3724,,,,,,,,,,,,,,,135.8,164.2,,,,,,,12.63,,,,,,,,,,,,,,,,,,,,,,,,,,,,,,,,,,,,,,,,,,,,,,,,,,,,,,,,,,,6.66,,,,,,,,,,,,,,,,,,,,,,,,,,,,,,,,,,,,,,,,,,,,,,,,,,,,,,,,,,,,,,,,,,,,,,,,,,,,,,,,,,,,,,四川,,30.5728,104.0668,,,,,,,,,,,,,,,,,,,,,,,,,,,,,,,,,,,,,,,,,,,"Multi-source compilation (FAO, NBS, Qichacha, Industry reports)",Provincial data: 170.0万群(2023) from 中国蜂产品协会/省政府(2021=165),,,,,,,,,,,,,,,,,,,,,,,,,,,,,,,,,,,,,,,,,,,,2017,,,,49.0,
beekeeper_province_annual_series,,,,,,,,,,,,,,,,,,57920,,,,3201,,,,,,,,,,,,,,,126.4,144.8,,,,,,,11.14,,,,,,,,,,,,,,,,,,,,,,,,,,,,,,,,,,,,,,,,,,,,,,,,,,,,,,,,,,,5.03,,,,,,,,,,,,,,,,,,,,,,,,,,,,,,,,,,,,,,,,,,,,,,,,,,,,,,,,,,,,,,,,,,,,,,,,,,,,,,,,,,,,,,浙江,,30.2741,120.1551,,,,,,,,,,,,,,,,,,,,,,,,,,,,,,,,,,,,,,,,,,,"Multi-source compilation (FAO, NBS, Qichacha, Industry reports)",Provincial data: 154.6万群(2023) from 浙江省畜牧总站,,,,,,,,,,,,,,,,,,,,,,,,,,,,,,,,,,,,,,,,,,,,2017,,,,39.8,
beekeeper_province_annual_series,,,,,,,,,,,,,,,,,,52080,,,,1983,,,,,,,,,,,,,,,62.0,130.2,,,,,,,10.02,,,,,,,,,,,,,,,,,,,,,,,,,,,,,,,,,,,,,,,,,,,,,,,,,,,,,,,,,,,4.88,,,,,,,,,,,,,,,,,,,,,,,,,,,,,,,,,,,,,,,,,,,,,,,,,,,,,,,,,,,,,,,,,,,,,,,,,,,,,,,,,,,,,,河南,,34.7466,113.6254,,,,,,,,,,,,,,,,,,,,,,,,,,,,,,,,,,,,,,,,,,,"Multi-source compilation (FAO, NBS, Qichacha, Industry reports)",Provincial data: 130.0万群(2023) from 大河网报道/协会(2020=115),,,,,,,,,,,,,,,,,,,,,,,,,,,,,,,,,,,,,,,,,,,,2017,,,,78.7,
beekeeper_province_annual_series,,,,,,,,,,,,,,,,,,65800,,,,3724,,,,,,,,,,,,,,,135.8,164.5,,,,,,,12.65,,,,,,,,,,,,,,,,,,,,,,,,,,,,,,,,,,,,,,,,,,,,,,,,,,,,,,,,,,,6.66,,,,,,,,,,,,,,,,,,,,,,,,,,,,,,,,,,,,,,,,,,,,,,,,,,,,,,,,,,,,,,,,,,,,,,,,,,,,,,,,,,,,,,四川,,30.5728,104.0668,,,,,,,,,,,,,,,,,,,,,,,,,,,,,,,,,,,,,,,,,,,"Multi-source compilation (FAO, NBS, Qichacha, Industry reports)",Provincial data: 170.0万群(2023) from 中国蜂产品协会/省政府(2021=165),,,,,,,,,,,,,,,,,,,,,,,,,,,,,,,,,,,,,,,,,,,,2018,,,,49.0,
beekeeper_province_annual_series,,,,,,,,,,,,,,,,,,58960,,,,3201,,,,,,,,,,,,,,,126.4,147.4,,,,,,,11.34,,,,,,,,,,,,,,,,,,,,,,,,,,,,,,,,,,,,,,,,,,,,,,,,,,,,,,,,,,,5.03,,,,,,,,,,,,,,,,,,,,,,,,,,,,,,,,,,,,,,,,,,,,,,,,,,,,,,,,,,,,,,,,,,,,,,,,,,,,,,,,,,,,,,浙江,,30.2741,120.1551,,,,,,,,,,,,,,,,,,,,,,,,,,,,,,,,,,,,,,,,,,,"Multi-source compilation (FAO, NBS, Qichacha, Industry reports)",Provincial data: 154.6万群(2023) from 浙江省畜牧总站,,,,,,,,,,,,,,,,,,,,,,,,,,,,,,,,,,,,,,,,,,,,2018,,,,39.8,
beekeeper_province_annual_series,,,,,,,,,,,,,,,,,,33720,,,,4618,,,,,,,,,,,,,,,73.8,84.3,,,,,,,6.48,,,,,,,,,,,,,,,,,,,,,,,,,,,,,,,,,,,,,,,,,,,,,,,,,,,,,,,,,,,1.41,,,,,,,,,,,,,,,,,,,,,,,,,,,,,,,,,,,,,,,,,,,,,,,,,,,,,,,,,,,,,,,,,,,,,,,,,,,,,,,,,,,,,,云南,,25.0389,102.7183,,,,,,,,,,,,,,,,,,,,,,,,,,,,,,,,,,,,,,,,,,,"Multi-source compilation (FAO, NBS, Qichacha, Industry reports)",Provincial data: 90.0万群(2023) from 中国蜂产品协会,,,,,,,,,,,,,,,,,,,,,,,,,,,,,,,,,,,,,,,,,,,,2018,,,,19.1,
beekeeper_province_annual_series,,,,,,,,,,,,,,,,,,52520,,,,1983,,,,,,,,,,,,,,,62.0,131.3,,,,,,,10.10,,,,,,,,,,,,,,,,,,,,,,,,,,,,,,,,,,,,,,,,,,,,,,,,,,,,,,,,,,,4.88,,,,,,,,,,,,,,,,,,,,,,,,,,,,,,,,,,,,,,,,,,,,,,,,,,,,,,,,,,,,,,,,,,,,,,,,,,,,,,,,,,,,,,河南,,34.7466,113.6254,,,,,,,,,,,,,,,,,,,,,,,,,,,,,,,,,,,,,,,,,,,"Multi-source compilation (FAO, NBS, Qichacha, Industry reports)",Provincial data: 130.0万群(2023) from 大河网报道/协会(2020=115),,,,,,,,,,,,,,,,,,,,,,,,,,,,,,,,,,,,,,,,,,,,2018,,,,78.7,
beekeeper_province_annual_series,,,,,,,,,,,,,,,,,,14240,,,,5624,,,,,,,,,,,,,,,47.9,35.6,,,,,,,2.74,,,,,,,,,,,,,,,,,,,,,,,,,,,,,,,,,,,,,,,,,,,,,,,,,,,,,,,,,,,1.56,,,,,,,,,,,,,,,,,,,,,,,,,,,,,,,,,,,,,,,,,,,,,,,,,,,,,,,,,,,,,,,,,,,,,,,,,,,,,,,,,,,,,,贵州,,26.6477,106.6302,,,,,,,,,,,,,,,,,,,,,,,,,,,,,,,,,,,,,,,,,,,"Multi-source compilation (FAO, NBS, Qichacha, Industry reports)",Provincial data: 40.0万群(2023) from 中国蜂产品协会,,,,,,,,,,,,,,,,,,,,,,,,,,,,,,,,,,,,,,,,,,,,2018,,,,32.6,
beekeeper_province_annual_series,,,,,,,,,,,,,,,,,,19520,,,,4407,,,,,,,,,,,,,,,37.7,48.8,,,,,,,3.75,,,,,,,,,,,,,,,,,,,,,,,,,,,,,,,,,,,,,,,,,,,,,,,,,,,,,,,,,,,1.82,,,,,,,,,,,,,,,,,,,,,,,,,,,,,,,,,,,,,,,,,,,,,,,,,,,,,,,,,,,,,,,,,,,,,,,,,,,,,,,,,,,,,,湖南,,28.2282,112.9388,,,,,,,,,,,,,,,,,,,,,,,,,,,,,,,,,,,,,,,,,,,"Multi-source compilation (FAO, NBS, Qichacha, Industry reports)",Provincial data: 55.0万群(2023) from 中国蜂产品协会,,,,,,,,,,,,,,,,,,,,,,,,,,,,,,,,,,,,,,,,,,,,2018,,,,48.3,
beekeeper_province_annual_series,,,,,,,,,,,,,,,,,,64588,,,,3724,,,,,,,,,,,,,,,135.8,164.7,,,,,,,12.67,,,,,,,,,,,,,,,,,,,,,,,,,,,,,,,,,,,,,,,,,,,,,,,,,,,,,,,,,,,6.66,,,,,,,,,,,,,,,,,,,,,,,,,,,,,,,,,,,,,,,,,,,,,,,,,,,,,,,,,,,,,,,,,,,,,,,,,,,,,,,,,,,,,,四川,,30.5728,104.0668,,,,,,,,,,,,,,,,,,,,,,,,,,,,,,,,,,,,,,,,,,,"Multi-source compilation (FAO, NBS, Qichacha, Industry reports)",Provincial data: 170.0万群(2023) from 中国蜂产品协会/省政府(2021=165),,,,,,,,,,,,,,,,,,,,,,,,,,,,,,,,,,,,,,,,,,,,2019,,,,49.0,
beekeeper_province_annual_series,,,,,,,,,,,,,,,,,,58784,,,,3201,,,,,,,,,,,,,,,126.4,149.9,,,,,,,11.53,,,,,,,,,,,,,,,,,,,,,,,,,,,,,,,,,,,,,,,,,,,,,,,,,,,,,,,,,,,5.03,,,,,,,,,,,,,,,,,,,,,,,,,,,,,,,,,,,,,,,,,,,,,,,,,,,,,,,,,,,,,,,,,,,,,,,,,,,,,,,,,,,,,,浙江,,30.2741,120.1551,,,,,,,,,,,,,,,,,,,,,,,,,,,,,,,,,,,,,,,,,,,"Multi-source compilation (FAO, NBS, Qichacha, Industry reports)",Provincial data: 154.6万群(2023) from 浙江省畜牧总站,,,,,,,,,,,,,,,,,,,,,,,,,,,,,,,,,,,,,,,,,,,,2019,,,,39.8,
beekeeper_province_annual_series,,,,,,,,,,,,,,,,,,33529,,,,4618,,,,,,,,,,,,,,,73.8,85.5,,,,,,,6.58,,,,,,,,,,,,,,,,,,,,,,,,,,,,,,,,,,,,,,,,,,,,,,,,,,,,,,,,,,,1.41,,,,,,,,,,,,,,,,,,,,,,,,,,,,,,,,,,,,,,,,,,,,,,,,,,,,,,,,,,,,,,,,,,,,,,,,,,,,,,,,,,,,,,云南,,25.0389,102.7183,,,,,,,,,,,,,,,,,,,,,,,,,,,,,,,,,,,,,,,,,,,"Multi-source compilation (FAO, NBS, Qichacha, Industry reports)",Provincial data: 90.0万群(2023) from 中国蜂产品协会,,,,,,,,,,,,,,,,,,,,,,,,,,,,,,,,,,,,,,,,,,,,2019,,,,19.1,
beekeeper_province_annual_series,,,,,,,,,,,,,,,,,,51882,,,,1983,,,,,,,,,,,,,,,62.0,132.3,,,,,,,10.18,,,,,,,,,,,,,,,,,,,,,,,,,,,,,,,,,,,,,,,,,,,,,,,,,,,,,,,,,,,4.88,,,,,,,,,,,,,,,,,,,,,,,,,,,,,,,,,,,,,,,,,,,,,,,,,,,,,,,,,,,,,,,,,,,,,,,,,,,,,,,,,,,,,,河南,,34.7466,113.6254,,,,,,,,,,,,,,,,,,,,,,,,,,,,,,,,,,,,,,,,,,,"Multi-source compilation (FAO, NBS, Qichacha, Industry reports)",Provincial data: 130.0万群(2023) from 大河网报道/协会(2020=115),,,,,,,,,,,,,,,,,,,,,,,,,,,,,,,,,,,,,,,,,,,,2019,,,,78.7,
beekeeper_province_annual_series,,,,,,,,,,,,,,,,,,14353,,,,5624,,,,,,,,,,,,,,,47.9,36.6,,,,,,,2.82,,,,,,,,,,,,,,,,,,,,,,,,,,,,,,,,,,,,,,,,,,,,,,,,,,,,,,,,,,,1.56,,,,,,,,,,,,,,,,,,,,,,,,,,,,,,,,,,,,,,,,,,,,,,,,,,,,,,,,,,,,,,,,,,,,,,,,,,,,,,,,,,,,,,贵州,,26.6477,106.6302,,,,,,,,,,,,,,,,,,,,,,,,,,,,,,,,,,,,,,,,,,,"Multi-source compilation (FAO, NBS, Qichacha, Industry reports)",Provincial data: 40.0万群(2023) from 中国蜂产品协会,,,,,,,,,,,,,,,,,,,,,,,,,,,,,,,,,,,,,,,,,,,,2019,,,,32.6,
beekeeper_province_annual_series,,,,,,,,,,,,,,,,,,19569,,,,4407,,,,,,,,,,,,,,,37.7,49.9,,,,,,,3.84,,,,,,,,,,,,,,,,,,,,,,,,,,,,,,,,,,,,,,,,,,,,,,,,,,,,,,,,,,,1.82,,,,,,,,,,,,,,,,,,,,,,,,,,,,,,,,,,,,,,,,,,,,,,,,,,,,,,,,,,,,,,,,,,,,,,,,,,,,,,,,,,,,,,湖南,,28.2282,112.9388,,,,,,,,,,,,,,,,,,,,,,,,,,,,,,,,,,,,,,,,,,,"Multi-source compilation (FAO, NBS, Qichacha, Industry reports)",Provincial data: 55.0万群(2023) from 中国蜂产品协会,,,,,,,,,,,,,,,,,,,,,,,,,,,,,,,,,,,,,,,,,,,,2019,,,,48.3,
beekeeper_province_annual_series,,,,,,,,,,,,,,,,,,63462,,,,3724,,,,,,,,,,,,,,,135.8,165.0,,,,,,,12.69,,,,,,,,,,,,,,,,,,,,,,,,,,,,,,,,,,,,,,,,,,,,,,,,,,,,,,,,,,,6.66,,,,,,,,,,,,,,,,,,,,,,,,,,,,,,,,,,,,,,,,,,,,,,,,,,,,,,,,,,,,,,,,,,,,,,,,,,,,,,,,,,,,,,四川,,30.5728,104.0668,,,,,,,,,,,,,,,,,,,,,,,,,,,,,,,,,,,,,,,,,,,"Multi-source compilation (FAO, NBS, Qichacha, Industry reports)",Provincial data: 170.0万群(2023) from 中国蜂产品协会/省政府(2021=165),,,,,,,,,,,,,,,,,,,,,,,,,,,,,,,,,,,,,,,,,,,,2020,,,,49.0,
beekeeper_province_annual_series,,,,,,,,,,,,,,,,,,58692,,,,3201,,,,,,,,,,,,,,,126.4,152.6,,,,,,,11.74,,,,,,,,,,,,,,,,,,,,,,,,,,,,,,,,,,,,,,,,,,,,,,,,,,,,,,,,,,,5.03,,,,,,,,,,,,,,,,,,,,,,,,,,,,,,,,,,,,,,,,,,,,,,,,,,,,,,,,,,,,,,,,,,,,,,,,,,,,,,,,,,,,,,浙江,,30.2741,120.1551,,,,,,,,,,,,,,,,,,,,,,,,,,,,,,,,,,,,,,,,,,,"Multi-source compilation (FAO, NBS, Qichacha, Industry reports)",Provincial data: 154.6万群(2023) from 浙江省畜牧总站,,,,,,,,,,,,,,,,,,,,,,,,,,,,,,,,,,,,,,,,,,,,2020,,,,39.8,
beekeeper_province_annual_series,,,,,,,,,,,,,,,,,,33308,,,,4618,,,,,,,,,,,,,,,73.8,86.6,,,,,,,6.66,,,,,,,,,,,,,,,,,,,,,,,,,,,,,,,,,,,,,,,,,,,,,,,,,,,,,,,,,,,1.41,,,,,,,,,,,,,,,,,,,,,,,,,,,,,,,,,,,,,,,,,,,,,,,,,,,,,,,,,,,,,,,,,,,,,,,,,,,,,,,,,,,,,,云南,,25.0389,102.7183,,,,,,,,,,,,,,,,,,,,,,,,,,,,,,,,,,,,,,,,,,,"Multi-source compilation (FAO, NBS, Qichacha, Industry reports)",Provincial data: 90.0万群(2023) from 中国蜂产品协会,,,,,,,,,,,,,,,,,,,,,,,,,,,,,,,,,,,,,,,,,,,,2020,,,,19.1,
beekeeper_province_annual_series,,,,,,,,,,,,,,,,,,51269,,,,1983,,,,,,,,,,,,,,,62.0,133.3,,,,,,,10.25,,,,,,,,,,,,,,,,,,,,,,,,,,,,,,,,,,,,,,,,,,,,,,,,,,,,,,,,,,,4.88,,,,,,,,,,,,,,,,,,,,,,,,,,,,,,,,,,,,,,,,,,,,,,,,,,,,,,,,,,,,,,,,,,,,,,,,,,,,,,,,,,,,,,河南,,34.7466,113.6254,,,,,,,,,,,,,,,,,,,,,,,,,,,,,,,,,,,,,,,,,,,"Multi-source compilation (FAO, NBS, Qichacha, Industry reports)",Provincial data: 130.0万群(2023) from 大河网报道/协会(2020=115),,,,,,,,,,,,,,,,,,,,,,,,,,,,,,,,,,,,,,,,,,,,2020,,,,78.7,
beekeeper_province_annual_series,,,,,,,,,,,,,,,,,,14385,,,,5624,,,,,,,,,,,,,,,47.9,37.4,,,,,,,2.88,,,,,,,,,,,,,,,,,,,,,,,,,,,,,,,,,,,,,,,,,,,,,,,,,,,,,,,,,,,1.56,,,,,,,,,,,,,,,,,,,,,,,,,,,,,,,,,,,,,,,,,,,,,,,,,,,,,,,,,,,,,,,,,,,,,,,,,,,,,,,,,,,,,,贵州,,26.6477,106.6302,,,,,,,,,,,,,,,,,,,,,,,,,,,,,,,,,,,,,,,,,,,"Multi-source compilation (FAO, NBS, Qichacha, Industry reports)",Provincial data: 40.0万群(2023) from 中国蜂产品协会,,,,,,,,,,,,,,,,,,,,,,,,,,,,,,,,,,,,,,,,,,,,2020,,,,32.6,
beekeeper_province_annual_series,,,,,,,,,,,,,,,,,,19692,,,,4407,,,,,,,,,,,,,,,37.7,51.2,,,,,,,3.94,,,,,,,,,,,,,,,,,,,,,,,,,,,,,,,,,,,,,,,,,,,,,,,,,,,,,,,,,,,1.82,,,,,,,,,,,,,,,,,,,,,,,,,,,,,,,,,,,,,,,,,,,,,,,,,,,,,,,,,,,,,,,,,,,,,,,,,,,,,,,,,,,,,,湖南,,28.2282,112.9388,,,,,,,,,,,,,,,,,,,,,,,,,,,,,,,,,,,,,,,,,,,"Multi-source compilation (FAO, NBS, Qichacha, Industry reports)",Provincial data: 55.0万群(2023) from 中国蜂产品协会,,,,,,,,,,,,,,,,,,,,,,,,,,,,,,,,,,,,,,,,,,,,2020,,,,48.3,
beekeeper_province_annual_series,,,,,,,,,,,,,,,,,,7885,,,,5392,,,,,,,,,,,,,,,33.0,20.5,,,,,,,1.58,,,,,,,,,,,,,,,,,,,,,,,,,,,,,,,,,,,,,,,,,,,,,,,,,,,,,,,,,,,2.15,,,,,,,,,,,,,,,,,,,,,,,,,,,,,,,,,,,,,,,,,,,,,,,,,,,,,,,,,,,,,,,,,,,,,,,,,,,,,,,,,,,,,,重庆,,29.4316,106.9123,,,,,,,,,,,,,,,,,,,,,,,,,,,,,,,,,,,,,,,,,,,"Multi-source compilation (FAO, NBS, Qichacha, Industry reports)",Provincial data: 22.0万群(2023) from 中国蜂产品协会,,,,,,,,,,,,,,,,,,,,,,,,,,,,,,,,,,,,,,,,,,,,2020,,,,65.2,
beekeeper_province_annual_series,,,,,,,,,,,,,,,,,,64154,,,,3724,,,,,,,,,,,,,,,135.8,166.8,,,,,,,12.83,,,,,,,,,,,,,,,,,,,,,,,,,,,,,,,,,,,,,,,,,,,,,,,,,,,,,,,,,,,6.66,,,,,,,,,,,,,,,,,,,,,,,,,,,,,,,,,,,,,,,,,,,,,,,,,,,,,,,,,,,,,,,,,,,,,,,,,,,,,,,,,,,,,,四川,,30.5728,104.0668,,,,,,,,,,,,,,,,,,,,,,,,,,,,,,,,,,,,,,,,,,,"Multi-source compilation (FAO, NBS, Qichacha, Industry reports)",Provincial data: 170.0万群(2023) from 中国蜂产品协会/省政府(2021=165),,,,,,,,,,,,,,,,,,,,,,,,,,,,,,,,,,,,,,,,,,,,2021,,,,49.0,
beekeeper_province_annual_series,,,,,,,,,,,,,,,,,,58923,,,,3201,,,,,,,,,,,,,,,126.4,153.2,,,,,,,11.78,,,,,,,,,,,,,,,,,,,,,,,,,,,,,,,,,,,,,,,,,,,,,,,,,,,,,,,,,,,5.03,,,,,,,,,,,,,,,,,,,,,,,,,,,,,,,,,,,,,,,,,,,,,,,,,,,,,,,,,,,,,,,,,,,,,,,,,,,,,,,,,,,,,,浙江,,30.2741,120.1551,,,,,,,,,,,,,,,,,,,,,,,,,,,,,,,,,,,,,,,,,,,"Multi-source compilation (FAO, NBS, Qichacha, Industry reports)",Provincial data: 154.6万群(2023) from 浙江省畜牧总站,,,,,,,,,,,,,,,,,,,,,,,,,,,,,,,,,,,,,,,,,,,,2021,,,,39.8,
beekeeper_province_annual_series,,,,,,,,,,,,,,,,,,33731,,,,4618,,,,,,,,,,,,,,,73.8,87.7,,,,,,,6.75,,,,,,,,,,,,,,,,,,,,,,,,,,,,,,,,,,,,,,,,,,,,,,,,,,,,,,,,,,,1.41,,,,,,,,,,,,,,,,,,,,,,,,,,,,,,,,,,,,,,,,,,,,,,,,,,,,,,,,,,,,,,,,,,,,,,,,,,,,,,,,,,,,,,云南,,25.0389,102.7183,,,,,,,,,,,,,,,,,,,,,,,,,,,,,,,,,,,,,,,,,,,"Multi-source compilation (FAO, NBS, Qichacha, Industry reports)",Provincial data: 90.0万群(2023) from 中国蜂产品协会,,,,,,,,,,,,,,,,,,,,,,,,,,,,,,,,,,,,,,,,,,,,2021,,,,19.1,
beekeeper_province_annual_series,,,,,,,,,,,,,,,,,,50846,,,,1983,,,,,,,,,,,,,,,62.0,132.2,,,,,,,10.17,,,,,,,,,,,,,,,,,,,,,,,,,,,,,,,,,,,,,,,,,,,,,,,,,,,,,,,,,,,4.88,,,,,,,,,,,,,,,,,,,,,,,,,,,,,,,,,,,,,,,,,,,,,,,,,,,,,,,,,,,,,,,,,,,,,,,,,,,,,,,,,,,,,,河南,,34.7466,113.6254,,,,,,,,,,,,,,,,,,,,,,,,,,,,,,,,,,,,,,,,,,,"Multi-source compilation (FAO, NBS, Qichacha, Industry reports)",Provincial data: 130.0万群(2023) from 大河网报道/协会(2020=115),,,,,,,,,,,,,,,,,,,,,,,,,,,,,,,,,,,,,,,,,,,,2021,,,,78.7,
beekeeper_province_annual_series,,,,,,,,,,,,,,,,,,14731,,,,5624,,,,,,,,,,,,,,,47.9,38.3,,,,,,,2.95,,,,,,,,,,,,,,,,,,,,,,,,,,,,,,,,,,,,,,,,,,,,,,,,,,,,,,,,,,,1.56,,,,,,,,,,,,,,,,,,,,,,,,,,,,,,,,,,,,,,,,,,,,,,,,,,,,,,,,,,,,,,,,,,,,,,,,,,,,,,,,,,,,,,贵州,,26.6477,106.6302,,,,,,,,,,,,,,,,,,,,,,,,,,,,,,,,,,,,,,,,,,,"Multi-source compilation (FAO, NBS, Qichacha, Industry reports)",Provincial data: 40.0万群(2023) from 中国蜂产品协会,,,,,,,,,,,,,,,,,,,,,,,,,,,,,,,,,,,,,,,,,,,,2021,,,,32.6,
beekeeper_province_annual_series,,,,,,,,,,,,,,,,,,20231,,,,4407,,,,,,,,,,,,,,,37.7,52.6,,,,,,,4.05,,,,,,,,,,,,,,,,,,,,,,,,,,,,,,,,,,,,,,,,,,,,,,,,,,,,,,,,,,,1.82,,,,,,,,,,,,,,,,,,,,,,,,,,,,,,,,,,,,,,,,,,,,,,,,,,,,,,,,,,,,,,,,,,,,,,,,,,,,,,,,,,,,,,湖南,,28.2282,112.9388,,,,,,,,,,,,,,,,,,,,,,,,,,,,,,,,,,,,,,,,,,,"Multi-source compilation (FAO, NBS, Qichacha, Industry reports)",Provincial data: 55.0万群(2023) from 中国蜂产品协会,,,,,,,,,,,,,,,,,,,,,,,,,,,,,,,,,,,,,,,,,,,,2021,,,,48.3,
beekeeper_province_annual_series,,,,,,,,,,,,,,,,,,8077,,,,5392,,,,,,,,,,,,,,,33.0,21.0,,,,,,,1.62,,,,,,,,,,,,,,,,,,,,,,,,,,,,,,,,,,,,,,,,,,,,,,,,,,,,,,,,,,,2.15,,,,,,,,,,,,,,,,,,,,,,,,,,,,,,,,,,,,,,,,,,,,,,,,,,,,,,,,,,,,,,,,,,,,,,,,,,,,,,,,,,,,,,重庆,,29.4316,106.9123,,,,,,,,,,,,,,,,,,,,,,,,,,,,,,,,,,,,,,,,,,,"Multi-source compilation (FAO, NBS, Qichacha, Industry reports)",Provincial data: 22.0万群(2023) from 中国蜂产品协会,,,,,,,,,,,,,,,,,,,,,,,,,,,,,,,,,,,,,,,,,,,,2021,,,,65.2,
beekeeper_province_annual_series,,,,,,,,,,,,,,,,,,63509,,,,3724,,,,,,,,,,,,,,,135.8,168.3,,,,,,,12.95,,,,,,,,,,,,,,,,,,,,,,,,,,,,,,,,,,,,,,,,,,,,,,,,,,,,,,,,,,,6.66,,,,,,,,,,,,,,,,,,,,,,,,,,,,,,,,,,,,,,,,,,,,,,,,,,,,,,,,,,,,,,,,,,,,,,,,,,,,,,,,,,,,,,四川,,30.5728,104.0668,,,,,,,,,,,,,,,,,,,,,,,,,,,,,,,,,,,,,,,,,,,"Multi-source compilation (FAO, NBS, Qichacha, Industry reports)",Provincial data: 170.0万群(2023) from 中国蜂产品协会/省政府(2021=165),,,,,,,,,,,,,,,,,,,,,,,,,,,,,,,,,,,,,,,,,,,,2022,,,,49.0,
beekeeper_province_annual_series,,,,,,,,,,,,,,,,,,58075,,,,3201,,,,,,,,,,,,,,,126.4,153.9,,,,,,,11.84,,,,,,,,,,,,,,,,,,,,,,,,,,,,,,,,,,,,,,,,,,,,,,,,,,,,,,,,,,,5.03,,,,,,,,,,,,,,,,,,,,,,,,,,,,,,,,,,,,,,,,,,,,,,,,,,,,,,,,,,,,,,,,,,,,,,,,,,,,,,,,,,,,,,浙江,,30.2741,120.1551,,,,,,,,,,,,,,,,,,,,,,,,,,,,,,,,,,,,,,,,,,,"Multi-source compilation (FAO, NBS, Qichacha, Industry reports)",Provincial data: 154.6万群(2023) from 浙江省畜牧总站,,,,,,,,,,,,,,,,,,,,,,,,,,,,,,,,,,,,,,,,,,,,2022,,,,39.8,
beekeeper_province_annual_series,,,,,,,,,,,,,,,,,,33547,,,,4618,,,,,,,,,,,,,,,73.8,88.9,,,,,,,6.84,,,,,,,,,,,,,,,,,,,,,,,,,,,,,,,,,,,,,,,,,,,,,,,,,,,,,,,,,,,1.41,,,,,,,,,,,,,,,,,,,,,,,,,,,,,,,,,,,,,,,,,,,,,,,,,,,,,,,,,,,,,,,,,,,,,,,,,,,,,,,,,,,,,,云南,,25.0389,102.7183,,,,,,,,,,,,,,,,,,,,,,,,,,,,,,,,,,,,,,,,,,,"Multi-source compilation (FAO, NBS, Qichacha, Industry reports)",Provincial data: 90.0万群(2023) from 中国蜂产品协会,,,,,,,,,,,,,,,,,,,,,,,,,,,,,,,,,,,,,,,,,,,,2022,,,,19.1,
beekeeper_province_annual_series,,,,,,,,,,,,,,,,,,49547,,,,1983,,,,,,,,,,,,,,,62.0,131.3,,,,,,,10.10,,,,,,,,,,,,,,,,,,,,,,,,,,,,,,,,,,,,,,,,,,,,,,,,,,,,,,,,,,,4.88,,,,,,,,,,,,,,,,,,,,,,,,,,,,,,,,,,,,,,,,,,,,,,,,,,,,,,,,,,,,,,,,,,,,,,,,,,,,,,,,,,,,,,河南,,34.7466,113.6254,,,,,,,,,,,,,,,,,,,,,,,,,,,,,,,,,,,,,,,,,,,"Multi-source compilation (FAO, NBS, Qichacha, Industry reports)",Provincial data: 130.0万群(2023) from 大河网报道/协会(2020=115),,,,,,,,,,,,,,,,,,,,,,,,,,,,,,,,,,,,,,,,,,,,2022,,,,78.7,
beekeeper_province_annual_series,,,,,,,,,,,,,,,,,,14755,,,,5624,,,,,,,,,,,,,,,47.9,39.1,,,,,,,3.01,,,,,,,,,,,,,,,,,,,,,,,,,,,,,,,,,,,,,,,,,,,,,,,,,,,,,,,,,,,1.56,,,,,,,,,,,,,,,,,,,,,,,,,,,,,,,,,,,,,,,,,,,,,,,,,,,,,,,,,,,,,,,,,,,,,,,,,,,,,,,,,,,,,,贵州,,26.6477,106.6302,,,,,,,,,,,,,,,,,,,,,,,,,,,,,,,,,,,,,,,,,,,"Multi-source compilation (FAO, NBS, Qichacha, Industry reports)",Provincial data: 40.0万群(2023) from 中国蜂产品协会,,,,,,,,,,,,,,,,,,,,,,,,,,,,,,,,,,,,,,,,,,,,2022,,,,32.6,
beekeeper_province_annual_series,,,,,,,,,,,,,,,,,,20264,,,,4407,,,,,,,,,,,,,,,37.7,53.7,,,,,,,4.13,,,,,,,,,,,,,,,,,,,,,,,,,,,,,,,,,,,,,,,,,,,,,,,,,,,,,,,,,,,1.82,,,,,,,,,,,,,,,,,,,,,,,,,,,,,,,,,,,,,,,,,,,,,,,,,,,,,,,,,,,,,,,,,,,,,,,,,,,,,,,,,,,,,,湖南,,28.2282,112.9388,,,,,,,,,,,,,,,,,,,,,,,,,,,,,,,,,,,,,,,,,,,"Multi-source compilation (FAO, NBS, Qichacha, Industry reports)",Provincial data: 55.0万群(2023) from 中国蜂产品协会,,,,,,,,,,,,,,,,,,,,,,,,,,,,,,,,,,,,,,,,,,,,2022,,,,48.3,
beekeeper_province_annual_series,,,,,,,,,,,,,,,,,,8113,,,,5392,,,,,,,,,,,,,,,33.0,21.5,,,,,,,1.65,,,,,,,,,,,,,,,,,,,,,,,,,,,,,,,,,,,,,,,,,,,,,,,,,,,,,,,,,,,2.15,,,,,,,,,,,,,,,,,,,,,,,,,,,,,,,,,,,,,,,,,,,,,,,,,,,,,,,,,,,,,,,,,,,,,,,,,,,,,,,,,,,,,,重庆,,29.4316,106.9123,,,,,,,,,,,,,,,,,,,,,,,,,,,,,,,,,,,,,,,,,,,"Multi-source compilation (FAO, NBS, Qichacha, Industry reports)",Provincial data: 22.0万群(2023) from 中国蜂产品协会,,,,,,,,,,,,,,,,,,,,,,,,,,,,,,,,,,,,,,,,,,,,2022,,,,65.2,
beekeeper_province_annual_series,,,,,,,,,,,,,,,,,,64151,,,,3724,,,,,,,,,,,,,,,135.8,170.0,,,,,,,13.08,,,,,,,,,,,,,,,,,,,,,,,,,,,,,,,,,,,,,,,,,,,,,,,,,,,,,,,,,,,6.66,,,,,,,,,,,,,,,,,,,,,,,,,,,,,,,,,,,,,,,,,,,,,,,,,,,,,,,,,,,,,,,,,,,,,,,,,,,,,,,,,,,,,,四川,,30.5728,104.0668,,,,,,,,,,,,,,,,,,,,,,,,,,,,,,,,,,,,,,,,,,,"Multi-source compilation (FAO, NBS, Qichacha, Industry reports)",Provincial data: 170.0万群(2023) from 中国蜂产品协会/省政府(2021=165),,,,,,,,,,,,,,,,,,,,,,,,,,,,,,,,,,,,,,,,,,,,2023,,,,49.0,
beekeeper_province_annual_series,,,,,,,,,,,,,,,,,,58340,,,,3201,,,,,,,,,,,,,,,126.4,154.6,,,,,,,11.89,,,,,,,,,,,,,,,,,,,,,,,,,,,,,,,,,,,,,,,,,,,,,,,,,,,,,,,,,,,5.03,,,,,,,,,,,,,,,,,,,,,,,,,,,,,,,,,,,,,,,,,,,,,,,,,,,,,,,,,,,,,,,,,,,,,,,,,,,,,,,,,,,,,,浙江,,30.2741,120.1551,,,,,,,,,,,,,,,,,,,,,,,,,,,,,,,,,,,,,,,,,,,"Multi-source compilation (FAO, NBS, Qichacha, Industry reports)",Provincial data: 154.6万群(2023) from 浙江省畜牧总站,,,,,,,,,,,,,,,,,,,,,,,,,,,,,,,,,,,,,,,,,,,,2023,,,,39.8,
beekeeper_province_annual_series,,,,,,,,,,,,,,,,,,33962,,,,4618,,,,,,,,,,,,,,,73.8,90.0,,,,,,,6.92,,,,,,,,,,,,,,,,,,,,,,,,,,,,,,,,,,,,,,,,,,,,,,,,,,,,,,,,,,,1.41,,,,,,,,,,,,,,,,,,,,,,,,,,,,,,,,,,,,,,,,,,,,,,,,,,,,,,,,,,,,,,,,,,,,,,,,,,,,,,,,,,,,,,云南,,25.0389,102.7183,,,,,,,,,,,,,,,,,,,,,,,,,,,,,,,,,,,,,,,,,,,"Multi-source compilation (FAO, NBS, Qichacha, Industry reports)",Provincial data: 90.0万群(2023) from 中国蜂产品协会,,,,,,,,,,,,,,,,,,,,,,,,,,,,,,,,,,,,,,,,,,,,2023,,,,19.1,
beekeeper_province_annual_series,,,,,,,,,,,,,,,,,,49057,,,,1983,,,,,,,,,,,,,,,62.0,130.0,,,,,,,10.00,,,,,,,,,,,,,,,,,,,,,,,,,,,,,,,,,,,,,,,,,,,,,,,,,,,,,,,,,,,4.88,,,,,,,,,,,,,,,,,,,,,,,,,,,,,,,,,,,,,,,,,,,,,,,,,,,,,,,,,,,,,,,,,,,,,,,,,,,,,,,,,,,,,,河南,,34.7466,113.6254,,,,,,,,,,,,,,,,,,,,,,,,,,,,,,,,,,,,,,,,,,,"Multi-source compilation (FAO, NBS, Qichacha, Industry reports)",Provincial data: 130.0万群(2023) from 大河网报道/协会(2020=115),,,,,,,,,,,,,,,,,,,,,,,,,,,,,,,,,,,,,,,,,,,,2023,,,,78.7,
beekeeper_province_annual_series,,,,,,,,,,,,,,,,,,15094,,,,5624,,,,,,,,,,,,,,,47.9,40.0,,,,,,,3.08,,,,,,,,,,,,,,,,,,,,,,,,,,,,,,,,,,,,,,,,,,,,,,,,,,,,,,,,,,,1.56,,,,,,,,,,,,,,,,,,,,,,,,,,,,,,,,,,,,,,,,,,,,,,,,,,,,,,,,,,,,,,,,,,,,,,,,,,,,,,,,,,,,,,贵州,,26.6477,106.6302,,,,,,,,,,,,,,,,,,,,,,,,,,,,,,,,,,,,,,,,,,,"Multi-source compilation (FAO, NBS, Qichacha, Industry reports)",Provincial data: 40.0万群(2023) from 中国蜂产品协会,,,,,,,,,,,,,,,,,,,,,,,,,,,,,,,,,,,,,,,,,,,,2023,,,,32.6,
beekeeper_province_annual_series,,,,,,,,,,,,,,,,,,20755,,,,4407,,,,,,,,,,,,,,,37.7,55.0,,,,,,,4.23,,,,,,,,,,,,,,,,,,,,,,,,,,,,,,,,,,,,,,,,,,,,,,,,,,,,,,,,,,,1.82,,,,,,,,,,,,,,,,,,,,,,,,,,,,,,,,,,,,,,,,,,,,,,,,,,,,,,,,,,,,,,,,,,,,,,,,,,,,,,,,,,,,,,湖南,,28.2282,112.9388,,,,,,,,,,,,,,,,,,,,,,,,,,,,,,,,,,,,,,,,,,,"Multi-source compilation (FAO, NBS, Qichacha, Industry reports)",Provincial data: 55.0万群(2023) from 中国蜂产品协会,,,,,,,,,,,,,,,,,,,,,,,,,,,,,,,,,,,,,,,,,,,,2023,,,,48.3,
beekeeper_province_annual_series,,,,,,,,,,,,,,,,,,8302,,,,5392,,,,,,,,,,,,,,,33.0,22.0,,,,,,,1.69,,,,,,,,,,,,,,,,,,,,,,,,,,,,,,,,,,,,,,,,,,,,,,,,,,,,,,,,,,,2.15,,,,,,,,,,,,,,,,,,,,,,,,,,,,,,,,,,,,,,,,,,,,,,,,,,,,,,,,,,,,,,,,,,,,,,,,,,,,,,,,,,,,,,重庆,,29.4316,106.9123,,,,,,,,,,,,,,,,,,,,,,,,,,,,,,,,,,,,,,,,,,,"Multi-source compilation (FAO, NBS, Qichacha, Industry reports)",Provincial data: 22.0万群(2023) from 中国蜂产品协会,,,,,,,,,,,,,,,,,,,,,,,,,,,,,,,,,,,,,,,,,,,,2023,,,,65.2,
beekeeper_province_annual_series,,,,,,,,,,,,,,,,,,14340,,,,2106,,,,,,,,,,,,,,,25.1,38.0,,,,,,,2.92,,,,,,,,,,,,,,,,,,,,,,,,,,,,,,,,,,,,,,,,,,,,,,,,,,,,,,,,,,,1.72,,,,,,,,,,,,,,,,,,,,,,,,,,,,,,,,,,,,,,,,,,,,,,,,,,,,,,,,,,,,,,,,,,,,,,,,,,,,,,,,,,,,,,福建,,26.0745,119.2965,,,,,,,,,,,,,,,,,,,,,,,,,,,,,,,,,,,,,,,,,,,"Multi-source compilation (FAO, NBS, Qichacha, Industry reports)",Provincial data: 38.0万群(2023) from 中国蜂产品协会,,,,,,,,,,,,,,,,,,,,,,,,,,,,,,,,,,,,,,,,,,,,2023,,,,68.5,
beekeeper_province_annual_series,,,,,,,,,,,,,,,,,,22642,,,,1845,,,,,,,,,,,,,,,24.3,60.0,,,,,,,4.62,,,,,,,,,,,,,,,,,,,,,,,,,,,,,,,,,,,,,,,,,,,,,,,,,,,,,,,,,,,1.18,,,,,,,,,,,,,,,,,,,,,,,,,,,,,,,,,,,,,,,,,,,,,,,,,,,,,,,,,,,,,,,,,,,,,,,,,,,,,,,,,,,,,,湖北,,30.5928,114.3055,,,,,,,,,,,,,,,,,,,,,,,,,,,,,,,,,,,,,,,,,,,"Multi-source compilation (FAO, NBS, Qichacha, Industry reports)",Provincial data: 60.0万群(2023) from 中国蜂产品协会,,,,,,,,,,,,,,,,,,,,,,,,,,,,,,,,,,,,,,,,,,,,2023,,,,48.6,
beekeeper_province_annual_series,,,,,,,,,,,,,,,,,,16981,,,,1720,,,,,,,,,,,,,,,22.8,45.0,,,,,,,3.46,,,,,,,,,,,,,,,,,,,,,,,,,,,,,,,,,,,,,,,,,,,,,,,,,,,,,,,,,,,1.77,,,,,,,,,,,,,,,,,,,,,,,,,,,,,,,,,,,,,,,,,,,,,,,,,,,,,,,,,,,,,,,,,,,,,,,,,,,,,,,,,,,,,,安徽,,31.8206,117.2272,,,,,,,,,,,,,,,,,,,,,,,,,,,,,,,,,,,,,,,,,,,"Multi-source compilation (FAO, NBS, Qichacha, Industry reports)",Provincial data: 45.0万群(2023) from 中国蜂产品协会,,,,,,,,,,,,,,,,,,,,,,,,,,,,,,,,,,,,,,,,,,,,2023,,,,77.6,
beekeeper_province_annual_series,,,,,,,,,,,,,,,,,,13208,,,,1550,,,,,,,,,,,,,,,22.0,35.0,,,,,,,2.69,,,,,,,,,,,,,,,,,,,,,,,,,,,,,,,,,,,,,,,,,,,,,,,,,,,,,,,,,,,1.08,,,,,,,,,,,,,,,,,,,,,,,,,,,,,,,,,,,,,,,,,,,,,,,,,,,,,,,,,,,,,,,,,,,,,,,,,,,,,,,,,,,,,,陕西,,34.3416,108.9398,,,,,,,,,,,,,,,,,,,,,,,,,,,,,,,,,,,,,,,,,,,"Multi-source compilation (FAO, NBS, Qichacha, Industry reports)",Provincial data: 35.0万群(2023) from 中国蜂产品协会,,,,,,,,,,,,,,,,,,,,,,,,,,,,,,,,,,,,,,,,,,,,2023,,,,49.1,
beekeeper_province_annual_series,,,,,,,,,,,,,,,,,,18868,,,,2985,,,,,,,,,,,,,,,21.2,50.0,,,,,,,3.85,,,,,,,,,,,,,,,,,,,,,,,,,,,,,,,,,,,,,,,,,,,,,,,,,,,,,,,,,,,2.32,,,,,,,,,,,,,,,,,,,,,,,,,,,,,,,,,,,,,,,,,,,,,,,,,,,,,,,,,,,,,,,,,,,,,,,,,,,,,,,,,,,,,,江西,,28.6829,115.858,,,,,,,,,,,,,,,,,,,,,,,,,,,,,,,,,,,,,,,,,,,"Multi-source compilation (FAO, NBS, Qichacha, Industry reports)",Provincial data: 50.0万群(2023) from 中国蜂产品协会,,,,,,,,,,,,,,,,,,,,,,,,,,,,,,,,,,,,,,,,,,,,2023,,,,109.4,
beekeeper_province_annual_series,,,,,,,,,,,,,,,,,,15094,,,,1438,,,,,,,,,,,,,,,20.4,40.0,,,,,,,3.08,,,,,,,,,,,,,,,,,,,,,,,,,,,,,,,,,,,,,,,,,,,,,,,,,,,,,,,,,,,0.48,,,,,,,,,,,,,,,,,,,,,,,,,,,,,,,,,,,,,,,,,,,,,,,,,,,,,,,,,,,,,,,,,,,,,,,,,,,,,,,,,,,,,,甘肃,,36.0613,103.834,,,,,,,,,,,,,,,,,,,,,,,,,,,,,,,,,,,,,,,,,,,"Multi-source compilation (FAO, NBS, Qichacha, Industry reports)",Provincial data: 40.0万群(2023) from 中国蜂产品协会,,,,,,,,,,,,,,,,,,,,,,,,,,,,,,,,,,,,,,,,,,,,2023,,,,23.5,
beekeeper_province_annual_series,,,,,,,,,,,,,,,,,,21887,,,,2568,,,,,,,,,,,,,,,19.6,58.0,,,,,,,4.46,,,,,,,,,,,,,,,,,,,,,,,,,,,,,,,,,,,,,,,,,,,,,,,,,,,,,,,,,,,1.87,,,,,,,,,,,,,,,,,,,,,,,,,,,,,,,,,,,,,,,,,,,,,,,,,,,,,,,,,,,,,,,,,,,,,,,,,,,,,,,,,,,,,,广东,,23.1291,113.2644,,,,,,,,,,,,,,,,,,,,,,,,,,,,,,,,,,,,,,,,,,,"Multi-source compilation (FAO, NBS, Qichacha, Industry reports)",Provincial data: 58.0万群(2023) from 中国蜂产品协会,,,,,,,,,,,,,,,,,,,,,,,,,,,,,,,,,,,,,,,,,,,,2023,,,,95.4,
beekeeper_province_annual_series,,,,,,,,,,,,,,,,,,21887,,,,1216,,,,,,,,,,,,,,,17.3,58.0,,,,,,,4.46,,,,,,,,,,,,,,,,,,,,,,,,,,,,,,,,,,,,,,,,,,,,,,,,,,,,,,,,,,,0.8,,,,,,,,,,,,,,,,,,,,,,,,,,,,,,,,,,,,,,,,,,,,,,,,,,,,,,,,,,,,,,,,,,,,,,,,,,,,,,,,,,,,,,山东,,36.6516,117.1201,,,,,,,,,,,,,,,,,,,,,,,,,,,,,,,,,,,,,,,,,,,"Multi-source compilation (FAO, NBS, Qichacha, Industry reports)",Provincial data: 58.0万群(2025) from 山东省畜牧兽医局,,,,,,,,,,,,,,,,,,,,,,,,,,,,,,,,,,,,,,,,,,,,2023,,,,46.2,
beekeeper_province_annual_series,,,,,,,,,,,,,,,,,,20755,,,,2420,,,,,,,,,,,,,,,16.5,55.0,,,,,,,4.23,,,,,,,,,,,,,,,,,,,,,,,,,,,,,,,,,,,,,,,,,,,,,,,,,,,,,,,,,,,2.19,,,,,,,,,,,,,,,,,,,,,,,,,,,,,,,,,,,,,,,,,,,,,,,,,,,,,,,,,,,,,,,,,,,,,,,,,,,,,,,,,,,,,,广西,,22.817,108.3665,,,,,,,,,,,,,,,,,,,,,,,,,,,,,,,,,,,,,,,,,,,"Multi-source compilation (FAO, NBS, Qichacha, Industry reports)",Provincial data: 55.0万群(2023) from 中国蜂产品协会,,,,,,,,,,,,,,,,,,,,,,,,,,,,,,,,,,,,,,,,,,,,2023,,,,132.7,
beekeeper_province_annual_series,,,,,,,,,,,,,,,,,,5036,,,,664,,,,,,,,,,,,,,,13.3,,,,,,,,1.7,,,,,,,,,,,,,,,,,,,,,,,,,,,,,,,,,,,,,,,,,,,,,,,,,,,,,,,,,,,0.85,,,,,,,,,,,,,,,,,,,,,,,,,,,,,,,,,,,,,,,,,,,,,,,,,,,,,,,,,,,,,,,,,,,,,,,,,,,,,,,,,,,,,,江苏,,32.0603,118.7969,,,,,,,,,,,,,,,,,,,,,,,,,,,,,,,,,,,,,,,,,,,"Multi-source compilation (FAO, NBS, Qichacha, Industry reports)",,,,,,,,,,,,,,,,,,,,,,,,,,,,,,,,,,,,,,,,,,,,,2023,,,,63.9,
beekeeper_province_annual_series,,,,,,,,,,,,,,,,,,11321,,,,885,,,,,,,,,,,,,,,12.6,30.0,,,,,,,2.31,,,,,,,,,,,,,,,,,,,,,,,,,,,,,,,,,,,,,,,,,,,,,,,,,,,,,,,,,,,0.62,,,,,,,,,,,,,,,,,,,,,,,,,,,,,,,,,,,,,,,,,,,,,,,,,,,,,,,,,,,,,,,,,,,,,,,,,,,,,,,,,,,,,,河北,,38.0455,114.502,,,,,,,,,,,,,,,,,,,,,,,,,,,,,,,,,,,,,,,,,,,"Multi-source compilation (FAO, NBS, Qichacha, Industry reports)",Provincial data: 30.0万群(2023) from 中国蜂产品协会,,,,,,,,,,,,,,,,,,,,,,,,,,,,,,,,,,,,,,,,,,,,2023,,,,49.2,
beekeeper_province_annual_series,,,,,,,,,,,,,,,,,,5660,,,,774,,,,,,,,,,,,,,,11.0,15.0,,,,,,,1.15,,,,,,,,,,,,,,,,,,,,,,,,,,,,,,,,,,,,,,,,,,,,,,,,,,,,,,,,,,,0.49,,,,,,,,,,,,,,,,,,,,,,,,,,,,,,,,,,,,,,,,,,,,,,,,,,,,,,,,,,,,,,,,,,,,,,,,,,,,,,,,,,,,,,山西,,37.8706,112.5489,,,,,,,,,,,,,,,,,,,,,,,,,,,,,,,,,,,,,,,,,,,"Multi-source compilation (FAO, NBS, Qichacha, Industry reports)",Provincial data: 15.0万群(2023) from 中国蜂产品协会,,,,,,,,,,,,,,,,,,,,,,,,,,,,,,,,,,,,,,,,,,,,2023,,,,44.5,
beekeeper_province_annual_series,,,,,,,,,,,,,,,,,,9434,,,,557,,,,,,,,,,,,,,,10.2,25.0,,,,,,,1.92,,,,,,,,,,,,,,,,,,,,,,,,,,,,,,,,,,,,,,,,,,,,,,,,,,,,,,,,,,,0.68,,,,,,,,,,,,,,,,,,,,,,,,,,,,,,,,,,,,,,,,,,,,,,,,,,,,,,,,,,,,,,,,,,,,,,,,,,,,,,,,,,,,,,辽宁,,41.8057,123.4315,,,,,,,,,,,,,,,,,,,,,,,,,,,,,,,,,,,,,,,,,,,"Multi-source compilation (FAO, NBS, Qichacha, Industry reports)",Provincial data: 25.0万群(2023) from 中国蜂产品协会,,,,,,,,,,,,,,,,,,,,,,,,,,,,,,,,,,,,,,,,,,,,2023,,,,66.7,
beekeeper_province_annual_series,,,,,,,,,,,,,,,,,,7547,,,,609,,,,,,,,,,,,,,,8.6,20.0,,,,,,,1.54,,,,,,,,,,,,,,,,,,,,,,,,,,,,,,,,,,,,,,,,,,,,,,,,,,,,,,,,,,,1.01,,,,,,,,,,,,,,,,,,,,,,,,,,,,,,,,,,,,,,,,,,,,,,,,,,,,,,,,,,,,,,,,,,,,,,,,,,,,,,,,,,,,,,吉林,,43.8961,125.3265,,,,,,,,,,,,,,,,,,,,,,,,,,,,,,,,,,,,,,,,,,,"Multi-source compilation (FAO, NBS, Qichacha, Industry reports)",Provincial data: 20.0万群(2023) from 中国蜂产品协会,,,,,,,,,,,,,,,,,,,,,,,,,,,,,,,,,,,,,,,,,,,,2023,,,,117.4,
beekeeper_province_annual_series,,,,,,,,,,,,,,,,,,35396,,,,342,,,,,,,,,,,,,,,6.3,93.8,,,,,,,7.22,,,,,,,,,,,,,,,,,,,,,,,,,,,,,,,,,,,,,,,,,,,,,,,,,,,,,,,,,,,0.53,,,,,,,,,,,,,,,,,,,,,,,,,,,,,,,,,,,,,,,,,,,,,,,,,,,,,,,,,,,,,,,,,,,,,,,,,,,,,,,,,,,,,,新疆,,43.7928,87.617,,,,,,,,,,,,,,,,,,,,,,,,,,,,,,,,,,,,,,,,,,,"Multi-source compilation (FAO, NBS, Qichacha, Industry reports)",Provincial data: 93.8万群(2020) from 中国蜂产品协会调研,,,,,,,,,,,,,,,,,,,,,,,,,,,,,,,,,,,,,,,,,,,,2023,,,,84.1,
beekeeper_province_annual_series,,,,,,,,,,,,,,,,,,10566,,,,387,,,,,,,,,,,,,,,5.5,28.0,,,,,,,2.15,,,,,,,,,,,,,,,,,,,,,,,,,,,,,,,,,,,,,,,,,,,,,,,,,,,,,,,,,,,0.44,,,,,,,,,,,,,,,,,,,,,,,,,,,,,,,,,,,,,,,,,,,,,,,,,,,,,,,,,,,,,,,,,,,,,,,,,,,,,,,,,,,,,,黑龙江,,45.8038,126.535,,,,,,,,,,,,,,,,,,,,,,,,,,,,,,,,,,,,,,,,,,,"Multi-source compilation (FAO, NBS, Qichacha, Industry reports)",Provincial data: 28.0万群(2023) from 中国蜂产品协会,,,,,,,,,,,,,,,,,,,,,,,,,,,,,,,,,,,,,,,,,,,,2023,,,,80.0,
beekeeper_province_annual_series,,,,,,,,,,,,,,,,,,6792,,,,332,,,,,,,,,,,,,,,4.7,18.0,,,,,,,1.38,,,,,,,,,,,,,,,,,,,,,,,,,,,,,,,,,,,,,,,,,,,,,,,,,,,,,,,,,,,0.31,,,,,,,,,,,,,,,,,,,,,,,,,,,,,,,,,,,,,,,,,,,,,,,,,,,,,,,,,,,,,,,,,,,,,,,,,,,,,,,,,,,,,,内蒙古,,40.8422,111.7498,,,,,,,,,,,,,,,,,,,,,,,,,,,,,,,,,,,,,,,,,,,"Multi-source compilation (FAO, NBS, Qichacha, Industry reports)",Provincial data: 18.0万群(2023) from 中国蜂产品协会,,,,,,,,,,,,,,,,,,,,,,,,,,,,,,,,,,,,,,,,,,,,2023,,,,66.0,
china_bee_industry_latest,,,,,,,,,,,,,,,,,,,,,,,,,,,,,,,,,蜂群数量,,,,,,,,,,,,,,,,,,,,,,,,,,,,,,,,,,,,,,,,,,,,,,,,,,,,,,,,,,,,,,,,,,,,,,,,,,,,,,,,,,,,国内统计蜂群,,,,,,,,,,,,,,,,,,,,,,,,,,,,,,,,,,,,,,,,,,,,,,,,,,,,,,,,,,,,,,,,,,,,,,,,,,,,,,,,,,,,,,,,,,,,,,,,,,,,,,,,,,,,,,,,,,,,,,,,,,,,,,,,,,,,,,,,,,,,,,,,,,,,,,,,,,,,,,,,万群,,1442,,2024,,,,,
china_bee_industry_latest,,,,,,,,,,,,,,,,,,,,,,,,,,,,,,,,,蜂蜜产量,,,,,,,,,,,,,,,,,,,,,,,,,,,,,,,,,,,,,,,,,,,,,,,,,,,,,,,,,,,,,,,,,,,,,,,,,,,,,,,,,,,,全球占比,,,,,,,,,,,,,,,,,,,,,,,,,,,,,,,,,,,,,,,,,,,,,,,,,,,,,,,,,,,,,,,,,,,,,,,,,,,,,,,,,,,,,,,,,,,,,,,,,,,,,,,,,,,,,,,,,,,,,,,,,,,,,,,,,,,,,,,,,,,,,,,,,,,,,,,,,,,,,,,,%,,24.84,,2024,,,,,
china_bee_industry_latest,,,,,,,,,,,,,,,,,,,,,,,,,,,,,,,,,蜂蜜出口_省份,,,,,,,,,,,,,,,,,,,,,,,,,,,,,,,,,,,,,,,,,,,,,,,,,,,,,,,,,,,,,,,,,,,,,,,,,,,,,,,,,,,,安徽,,,,,,,,,,,,,,,,,,,,,,,,,,,,,,,,,,,,,,,,,,,,,,,,,,,,,,,,,,,,,,,,,,,,,,,,,,,,,,,,,,,,,,,,,,,,,,,,,,,,,,,,,,,,,,,,,,,,,,,,,,,,,,,,,,,,,,,,,,,,,,,,,,,,,,,,,,,,,,,,万吨,,4.61,,2025,,,,,
china_bee_industry_latest,,,,,,,,,,,,,,,,,,,,,,,,,,,,,,,,,蜂蜜出口_省份,,,,,,,,,,,,,,,,,,,,,,,,,,,,,,,,,,,,,,,,,,,,,,,,,,,,,,,,,,,,,,,,,,,,,,,,,,,,,,,,,,,,湖北,,,,,,,,,,,,,,,,,,,,,,,,,,,,,,,,,,,,,,,,,,,,,,,,,,,,,,,,,,,,,,,,,,,,,,,,,,,,,,,,,,,,,,,,,,,,,,,,,,,,,,,,,,,,,,,,,,,,,,,,,,,,,,,,,,,,,,,,,,,,,,,,,,,,,,,,,,,,,,,,万吨,,2.92,,2025,,,,,
china_bee_industry_latest,,,,,,,,,,,,,,,,,,,,,,,,,,,,,,,,,蜂蜜出口_省份,,,,,,,,,,,,,,,,,,,,,,,,,,,,,,,,,,,,,,,,,,,,,,,,,,,,,,,,,,,,,,,,,,,,,,,,,,,,,,,,,,,,山东,,,,,,,,,,,,,,,,,,,,,,,,,,,,,,,,,,,,,,,,,,,,,,,,,,,,,,,,,,,,,,,,,,,,,,,,,,,,,,,,,,,,,,,,,,,,,,,,,,,,,,,,,,,,,,,,,,,,,,,,,,,,,,,,,,,,,,,,,,,,,,,,,,,,,,,,,,,,,,,,万吨,,2.86,,2025,,,,,
china_bee_industry_latest,,,,,,,,,,,,,,,,,,,,,,,,,,,,,,,,,蜂蜜出口_目的地,,,,,,,,,,,,,,,,,,,,,,,,,,,,,,,,,,,,,,,,,,,,,,,,,,,,,,,,,,,,,,,,,,,,,,,,,,,,,,,,,,,,英国,,,,,,,,,,,,,,,,,,,,,,,,,,,,,,,,,,,,,,,,,,,,,,,,,,,,,,,,,,,,,,,,,,,,,,,,,,,,,,,,,,,,,,,,,,,,,,,,,,,,,,,,,,,,,,,,,,,,,,,,,,,,,,,,,,,,,,,,,,,,,,,,,,,,,,,,,,,,,,,,万吨,,4.20,,2025,,,,,
china_bee_industry_latest,,,,,,,,,,,,,,,,,,,,,,,,,,,,,,,,,蜂蜜出口_目的地,,,,,,,,,,,,,,,,,,,,,,,,,,,,,,,,,,,,,,,,,,,,,,,,,,,,,,,,,,,,,,,,,,,,,,,,,,,,,,,,,,,,日本,,,,,,,,,,,,,,,,,,,,,,,,,,,,,,,,,,,,,,,,,,,,,,,,,,,,,,,,,,,,,,,,,,,,,,,,,,,,,,,,,,,,,,,,,,,,,,,,,,,,,,,,,,,,,,,,,,,,,,,,,,,,,,,,,,,,,,,,,,,,,,,,,,,,,,,,,,,,,,,,万吨,,3.35,,2025,,,,,
china_bee_industry_latest,,,,,,,,,,,,,,,,,,,,,,,,,,,,,,,,,蜂蜜出口_目的地,,,,,,,,,,,,,,,,,,,,,,,,,,,,,,,,,,,,,,,,,,,,,,,,,,,,,,,,,,,,,,,,,,,,,,,,,,,,,,,,,,,,比利时,,,,,,,,,,,,,,,,,,,,,,,,,,,,,,,,,,,,,,,,,,,,,,,,,,,,,,,,,,,,,,,,,,,,,,,,,,,,,,,,,,,,,,,,,,,,,,,,,,,,,,,,,,,,,,,,,,,,,,,,,,,,,,,,,,,,,,,,,,,,,,,,,,,,,,,,,,,,,,,,万吨,,2.54,,2025,,,,,
china_bee_industry_latest,,,,,,,,,,,,,,,,,,,,,,,,,,,,,,,,,收购价格_2025,,,,,,,,,,,,,,,,,,,,,,,,,,,,,,,,,,,,,,,,,,,,,,,,,,,,,,,,,,,,,,,,,,,,,,,,,,,,,,,,,,,,油菜蜜收购价,,,,,,,,,,,,,,,,,,,,,,,,,,,,,,,,,,,,,,,,,,,,,,,,,,,,,,,,,,,,,,,,,,,,,,,,,,,,,,,,,,,,,,,,,,,,,,,,,,,,,,,,,,,,,,,,,,,,,,,,,,,,,,,,,,,,,,,,,,,,,,,,,,,,,,,,,,,,,,,,元/吨,,5500-6000,,2025,,,,,
china_bee_industry_latest,,,,,,,,,,,,,,,,,,,,,,,,,,,,,,,,,收购价格_2025,,,,,,,,,,,,,,,,,,,,,,,,,,,,,,,,,,,,,,,,,,,,,,,,,,,,,,,,,,,,,,,,,,,,,,,,,,,,,,,,,,,,荆条蜜收购价,,,,,,,,,,,,,,,,,,,,,,,,,,,,,,,,,,,,,,,,,,,,,,,,,,,,,,,,,,,,,,,,,,,,,,,,,,,,,,,,,,,,,,,,,,,,,,,,,,,,,,,,,,,,,,,,,,,,,,,,,,,,,,,,,,,,,,,,,,,,,,,,,,,,,,,,,,,,,,,,元/吨,,7000-7500,,2025,,,,,
china_bee_industry_latest,,,,,,,,,,,,,,,,,,,,,,,,,,,,,,,,,收购价格_2025,,,,,,,,,,,,,,,,,,,,,,,,,,,,,,,,,,,,,,,,,,,,,,,,,,,,,,,,,,,,,,,,,,,,,,,,,,,,,,,,,,,,洋槐蜜收购价,,,,,,,,,,,,,,,,,,,,,,,,,,,,,,,,,,,,,,,,,,,,,,,,,,,,,,,,,,,,,,,,,,,,,,,,,,,,,,,,,,,,,,,,,,,,,,,,,,,,,,,,,,,,,,,,,,,,,,,,,,,,,,,,,,,,,,,,,,,,,,,,,,,,,,,,,,,,,,,,元/吨,,8000-10000,,2025,,,,,
china_bee_industry_latest,,,,,,,,,,,,,,,,,,,,,,,,,,,,,,,,,收购价格_2025,,,,,,,,,,,,,,,,,,,,,,,,,,,,,,,,,,,,,,,,,,,,,,,,,,,,,,,,,,,,,,,,,,,,,,,,,,,,,,,,,,,,椴树蜜收购价,,,,,,,,,,,,,,,,,,,,,,,,,,,,,,,,,,,,,,,,,,,,,,,,,,,,,,,,,,,,,,,,,,,,,,,,,,,,,,,,,,,,,,,,,,,,,,,,,,,,,,,,,,,,,,,,,,,,,,,,,,,,,,,,,,,,,,,,,,,,,,,,,,,,,,,,,,,,,,,,元/吨,,8000-10000,,2025,,,,,
china_bee_industry_latest,,,,,,,,,,,,,,,,,,,,,,,,,,,,,,,,,水果产量_2024,,,,,,,,,,,,,,,,,,,,,,,,,,,,,,,,,,,,,,,,,,,,,,,,,,,,,,,,,,,,,,,,,,,,,,,,,,,,,,,,,,,,全国水果总产量,,,,,,,,,,,,,,,,,,,,,,,,,,,,,,,,,,,,,,,,,,,,,,,,,,,,,,,,,,,,,,,,,,,,,,,,,,,,,,,,,,,,,,,,,,,,,,,,,,,,,,,,,,,,,,,,,,,,,,,,,,,,,,,,,,,,,,,,,,,,,,,,,,,,,,,,,,,,,,,,万吨,,33000,,2024,,,,,
china_bee_industry_latest,,,,,,,,,,,,,,,,,,,,,,,,,,,,,,,,,水果产量_2024,,,,,,,,,,,,,,,,,,,,,,,,,,,,,,,,,,,,,,,,,,,,,,,,,,,,,,,,,,,,,,,,,,,,,,,,,,,,,,,,,,,,柑橘产量,,,,,,,,,,,,,,,,,,,,,,,,,,,,,,,,,,,,,,,,,,,,,,,,,,,,,,,,,,,,,,,,,,,,,,,,,,,,,,,,,,,,,,,,,,,,,,,,,,,,,,,,,,,,,,,,,,,,,,,,,,,,,,,,,,,,,,,,,,,,,,,,,,,,,,,,,,,,,,,,万吨,,6791.49,,2024,,,,,
china_bee_industry_latest,,,,,,,,,,,,,,,,,,,,,,,,,,,,,,,,,水果产量_2024,,,,,,,,,,,,,,,,,,,,,,,,,,,,,,,,,,,,,,,,,,,,,,,,,,,,,,,,,,,,,,,,,,,,,,,,,,,,,,,,,,,,苹果产量,,,,,,,,,,,,,,,,,,,,,,,,,,,,,,,,,,,,,,,,,,,,,,,,,,,,,,,,,,,,,,,,,,,,,,,,,,,,,,,,,,,,,,,,,,,,,,,,,,,,,,,,,,,,,,,,,,,,,,,,,,,,,,,,,,,,,,,,,,,,,,,,,,,,,,,,,,,,,,,,万吨,,5128.51,,2024,,,,,
china_bee_industry_latest,,,,,,,,,,,,,,,,,,,,,,,,,,,,,,,,,水果产量_2024,,,,,,,,,,,,,,,,,,,,,,,,,,,,,,,,,,,,,,,,,,,,,,,,,,,,,,,,,,,,,,,,,,,,,,,,,,,,,,,,,,,,梨产量,,,,,,,,,,,,,,,,,,,,,,,,,,,,,,,,,,,,,,,,,,,,,,,,,,,,,,,,,,,,,,,,,,,,,,,,,,,,,,,,,,,,,,,,,,,,,,,,,,,,,,,,,,,,,,,,,,,,,,,,,,,,,,,,,,,,,,,,,,,,,,,,,,,,,,,,,,,,,,,,万吨,,2098.79,,2024,,,,,
china_bee_industry_latest,,,,,,,,,,,,,,,,,,,,,,,,,,,,,,,,,授粉价格,,,,,,,,,,,,,,,,,,,,,,,,,,,,,,,,,,,,,,,,,,,,,,,,,,,,,,,,,,,,,,,,,,,,,,,,,,,,,,,,,,,,吉林龙井苹果授粉,,,,,,,,,,,,,,,,,,,,,,,,,,,,,,,,,,,,,,,,,,,,,,,,,,,,,,,,,,,,,,,,,,,,,,,,,,,,,,,,,,,,,,,,,,,,,,,,,,,,,,,,,,,,,,,,,,,,,,,,,,,,,,,,,,,,,,,,,,,,,,,,,,,,,,,,,,,,,,,,元/箱,,150-250,,2024,,,,,
china_bee_industry_latest,,,,,,,,,,,,,,,,,,,,,,,,,,,,,,,,,授粉价格,,,,,,,,,,,,,,,,,,,,,,,,,,,,,,,,,,,,,,,,,,,,,,,,,,,,,,,,,,,,,,,,,,,,,,,,,,,,,,,,,,,,北京昌平樱桃授粉(蜜蜂),,,,,,,,,,,,,,,,,,,,,,,,,,,,,,,,,,,,,,,,,,,,,,,,,,,,,,,,,,,,,,,,,,,,,,,,,,,,,,,,,,,,,,,,,,,,,,,,,,,,,,,,,,,,,,,,,,,,,,,,,,,,,,,,,,,,,,,,,,,,,,,,,,,,,,,,,,,,,,,,元/箱,,125,,2024,,,,,
china_bee_industry_latest,,,,,,,,,,,,,,,,,,,,,,,,,,,,,,,,,授粉价格,,,,,,,,,,,,,,,,,,,,,,,,,,,,,,,,,,,,,,,,,,,,,,,,,,,,,,,,,,,,,,,,,,,,,,,,,,,,,,,,,,,,北京昌平草莓授粉(蜜蜂),,,,,,,,,,,,,,,,,,,,,,,,,,,,,,,,,,,,,,,,,,,,,,,,,,,,,,,,,,,,,,,,,,,,,,,,,,,,,,,,,,,,,,,,,,,,,,,,,,,,,,,,,,,,,,,,,,,,,,,,,,,,,,,,,,,,,,,,,,,,,,,,,,,,,,,,,,,,,,,,元/箱,,215,,2024,,,,,
china_bee_industry_latest,,,,,,,,,,,,,,,,,,,,,,,,,,,,,,,,,授粉价格,,,,,,,,,,,,,,,,,,,,,,,,,,,,,,,,,,,,,,,,,,,,,,,,,,,,,,,,,,,,,,,,,,,,,,,,,,,,,,,,,,,,北京昌平大棚授粉(熊蜂),,,,,,,,,,,,,,,,,,,,,,,,,,,,,,,,,,,,,,,,,,,,,,,,,,,,,,,,,,,,,,,,,,,,,,,,,,,,,,,,,,,,,,,,,,,,,,,,,,,,,,,,,,,,,,,,,,,,,,,,,,,,,,,,,,,,,,,,,,,,,,,,,,,,,,,,,,,,,,,,元/箱,,180,,2024,,,,,
china_bee_industry_latest,,,,,,,,,,,,,,,,,,,,,,,,,,,,,,,,,授粉价格,,,,,,,,,,,,,,,,,,,,,,,,,,,,,,,,,,,,,,,,,,,,,,,,,,,,,,,,,,,,,,,,,,,,,,,,,,,,,,,,,,,,广西龙州推广补贴,,,,,,,,,,,,,,,,,,,,,,,,,,,,,,,,,,,,,,,,,,,,,,,,,,,,,,,,,,,,,,,,,,,,,,,,,,,,,,,,,,,,,,,,,,,,,,,,,,,,,,,,,,,,,,,,,,,,,,,,,,,,,,,,,,,,,,,,,,,,,,,,,,,,,,,,,,,,,,,,元/群,,75,,2024,,,,,
china_bee_industry_latest,,,,,,,,,,,,,,,,,,,,,,,,,,,,,,,,,授粉价格,,,,,,,,,,,,,,,,,,,,,,,,,,,,,,,,,,,,,,,,,,,,,,,,,,,,,,,,,,,,,,,,,,,,,,,,,,,,,,,,,,,,新疆昌吉熊蜂授粉,,,,,,,,,,,,,,,,,,,,,,,,,,,,,,,,,,,,,,,,,,,,,,,,,,,,,,,,,,,,,,,,,,,,,,,,,,,,,,,,,,,,,,,,,,,,,,,,,,,,,,,,,,,,,,,,,,,,,,,,,,,,,,,,,,,,,,,,,,,,,,,,,,,,,,,,,,,,,,,,元/箱,,500,,2024,,,,,
china_bee_industry_latest,,,,,,,,,,,,,,,,,,,,,,,,,,,,,,,,,养蜂成本,,,,,,,,,,,,,,,,,,,,,,,,,,,,,,,,,,,,,,,,,,,,,,,,,,,,,,,,,,,,,,,,,,,,,,,,,,,,,,,,,,,,白糖饲料价格,,,,,,,,,,,,,,,,,,,,,,,,,,,,,,,,,,,,,,,,,,,,,,,,,,,,,,,,,,,,,,,,,,,,,,,,,,,,,,,,,,,,,,,,,,,,,,,,,,,,,,,,,,,,,,,,,,,,,,,,,,,,,,,,,,,,,,,,,,,,,,,,,,,,,,,,,,,,,,,,元/吨,,6000-6500,,2024,,,,,
china_bee_industry_latest,,,,,,,,,,,,,,,,,,,,,,,,,,,,,,,,,养蜂成本,,,,,,,,,,,,,,,,,,,,,,,,,,,,,,,,,,,,,,,,,,,,,,,,,,,,,,,,,,,,,,,,,,,,,,,,,,,,,,,,,,,,花粉饲料价格,,,,,,,,,,,,,,,,,,,,,,,,,,,,,,,,,,,,,,,,,,,,,,,,,,,,,,,,,,,,,,,,,,,,,,,,,,,,,,,,,,,,,,,,,,,,,,,,,,,,,,,,,,,,,,,,,,,,,,,,,,,,,,,,,,,,,,,,,,,,,,,,,,,,,,,,,,,,,,,,元/kg,,15-30,,2024,,,,,
china_bee_industry_latest,,,,,,,,,,,,,,,,,,,,,,,,,,,,,,,,,养蜂成本,,,,,,,,,,,,,,,,,,,,,,,,,,,,,,,,,,,,,,,,,,,,,,,,,,,,,,,,,,,,,,,,,,,,,,,,,,,,,,,,,,,,运输成本_转地,,,,,,,,,,,,,,,,,,,,,,,,,,,,,,,,,,,,,,,,,,,,,,,,,,,,,,,,,,,,,,,,,,,,,,,,,,,,,,,,,,,,,,,,,,,,,,,,,,,,,,,,,,,,,,,,,,,,,,,,,,,,,,,,,,,,,,,,,,,,,,,,,,,,,,,,,,,,,,,,万元/年/车,,8.5,,2024,,,,,
china_bee_industry_latest,,,,,,,,,,,,,,,,,,,,,,,,,,,,,,,,,蜂产业趋势,,,,,,,,,,,,,,,,,,,,,,,,,,,,,,,,,,,,,,,,,,,,,,,,,,,,,,,,,,,,,,,,,,,,,,,,,,,,,,,,,,,,产值,,,,,,,,,,,,,,,,,,,,,,,,,,,,,,,,,,,,,,,,,,,,,,,,,,,,,,,,,,,,,,,,,,,,,,,,,,,,,,,,,,,,,,,,,,,,,,,,,,,,,,,,,,,,,,,,,,,,,,,,,,,,,,,,,,,,,,,,,,,,,,,,,,,,,,,,,,,,,,,,亿元,,500+,,2023,,,,,
china_bee_industry_latest,,,,,,,,,,,,,,,,,,,,,,,,,,,,,,,,,蜂产业趋势,,,,,,,,,,,,,,,,,,,,,,,,,,,,,,,,,,,,,,,,,,,,,,,,,,,,,,,,,,,,,,,,,,,,,,,,,,,,,,,,,,,,人均消费量,,,,,,,,,,,,,,,,,,,,,,,,,,,,,,,,,,,,,,,,,,,,,,,,,,,,,,,,,,,,,,,,,,,,,,,,,,,,,,,,,,,,,,,,,,,,,,,,,,,,,,,,,,,,,,,,,,,,,,,,,,,,,,,,,,,,,,,,,,,,,,,,,,,,,,,,,,,,,,,,克/年,,50,,2024,,,,,
china_bee_species_composition,,,,,,,,,,,,,,,,,,,,,,,,,,,,,,,,,,80,,,,,,,,,,,,,,,,,,,,,,,,,,,,,,,,,,,,,,,,,,,,,,,,,,,,,,,,,,,,,,,,,,,,,,,,,,,,,,,,,,,,,,,,,,,,,,,,,,,,,,,,,,,,,,,,,,,,,,,,,,,,,,,,,,,,,,,,,,,,,,,,,,,,,,,,,,,,,,,,,,,,,,,,,,,,,,,,,,,,,,,,,,,,,,species_ratio,,,,,,,,,,,,,,,,,,,,,,,,,,,,,,,,,,,,,,,,,,,,,,,,,,,,,,,,20,1949,,,,,
china_bee_species_composition,,,,,,,,,,,,,,,,,,,,,,,,,,,,,,,,,,70,,,,,,,,,,,,,,,,,,,,,,,,,,,,,,,,,,,,,,,,,,,,,,,,,,,,,,,,,,,,,,,,,,,,,,,,,,,,,,,,,,,,,,,,,,,,,,,,,,,,,,,,,,,,,,,,,,,,,,,,,,,,,,,,,,,,,,,,,,,,,,,,,,,,,,,,,,,,,,,,,,,,,,,,,,,,,,,,,,,,,,,,,,,,,,species_ratio,,,,,,,,,,,,,,,,,,,,,,,,,,,,,,,,,,,,,,,,,,,,,,,,,,,,,,,,30,1957,,,,,
china_bee_species_composition,,,,,,,,,,,,,,,,,,,,,,,,,,,,,,,,,,68,,,,,,,,,,,,,,,,,,,,,,,,,,,,,,,,,,,,,,,,,,,,,,,,,,,,,,,,,,,,,,,,,,,,,,,,,,,,,,,,,,,,,,,,,,,,,,,,,,,,,,,,,,,,,,,,,,,,,,,,,,,,,,,,,,,,,,,,,,,,,,,,,,,,,,,,,,,,,,,,,,,,,,,,,,,,,,,,,,,,,,,,,,,,,,species_ratio,,,,,,,,,,,,,,,,,,,,,,,,,,,,,,,,,,,,,,,,,,,,,,,,,,,,,,,,32,1960,,,,,
china_bee_species_composition,,,,,,,,,,,,,,,,,,,,,,,,,,,,,,,,,,33,,,,,,,,,,,,,,,,,,,,,,,,,,,,,,,,,,,,,,,,,,,,,,,,,,,,,,,,,,,,,,,,,,,,,,,,,,,,,,,,,,,,,,,,,,,,,,,,,,,,,,,,,,,,,,,,,,,,,,,,,,,,,,,,,,,,,,,,,,,,,,,,,,,,,,,,,,,,,,,,,,,,,,,,,,,,,,,,,,,,,,,,,,,,,,species_ratio,,,,,,,,,,,,,,,,,,,,,,,,,,,,,,,,,,,,,,,,,,,,,,,,,,,,,,,,67,1983,,,,,
china_bee_species_composition,,,,,,,,,,,,,,,,,,,,,,,,,,,,,,,,,,30,,,,,,,,,,,,,,,,,,,,,,,,,,,,,,,,,,,,,,,,,,,,,,,,,,,,,,,,,,,,,,,,,,,,,,,,,,,,,,,,,,,,,,,,,,,,,,,,,,,,,,,,,,,,,,,,,,,,,,,,,,,,,,,,,,,,,,,,,,,,,,,,,,,,,,,,,,,,,,,,,,,,,,,,,,,,,,,,,,,,,,,,,,,,,,species_ratio,,,,,,,,,,,,,,,,,,,,,,,,,,,,,,,,,,,,,,,,,,,,,,,,,,,,,,,,70,2000,,,,,
china_bee_species_composition,,,,,,,,,,,,,,,,,,,,,,,,,,,,,,,,,,30,,,,,,,,,,,,,,,,,,,,,,,,,,,,,,,,,,,,,,,,,,,,,,,,,,,,,,,,,,,,,,,,,,,,,,,,,,,,,,,,,,,,,,,,,,,,,,,,,,,,,,,,,,,,,,,,,,,,,,,,,,,,,,,,,,,,,,,,,,,,,,,,,,,,,,,,,,,,,,,,,,,,,,,,,,,,,,,,,,,,,,,,,,,,,,species_ratio,,,,,,,,,,,,,,,,,,,,,,,,,,,,,,,,,,,,,,,,,,,,,,,,,,,,,,,,70,2005,,,,,
china_bee_species_composition,,,,,,,,,,,,,,,,,,,,,,,,,,,,,,,,,,32,,,,,,,,,,,,,,,,,,,,,,,,,,,,,,,,,,,,,,,,,,,,,,,,,,,,,,,,,,,,,,,,,,,,,,,,,,,,,,,,,,,,,,,,,,,,,,,,,,,,,,,,,,,,,,,,,,,,,,,,,,,,,,,,,,,,,,,,,,,,,,,,,,,,,,,,,,,,,,,,,,,,,,,,,,,,,,,,,,,,,,,,,,,,,,species_ratio,,,,,,,,,,,,,,,,,,,,,,,,,,,,,,,,,,,,,,,,,,,,,,,,,,,,,,,,68,2010,,,,,
china_bee_species_composition,,,,,,,,,,,,,,,,,,,,,,,,,,,,,,,,,,35,,,,,,,,,,,,,,,,,,,,,,,,,,,,,,,,,,,,,,,,,,,,,,,,,,,,,,,,,,,,,,,,,,,,,,,,,,,,,,,,,,,,,,,,,,,,,,,,,,,,,,,,,,,,,,,,,,,,,,,,,,,,,,,,,,,,,,,,,,,,,,,,,,,,,,,,,,,,,,,,,,,,,,,,,,,,,,,,,,,,,,,,,,,,,,species_ratio,,,,,,,,,,,,,,,,,,,,,,,,,,,,,,,,,,,,,,,,,,,,,,,,,,,,,,,,65,2015,,,,,
china_bee_species_composition,,,,,,,,,,,,,,,,,,,,,,,,,,,,,,,,,,45,,,,,,,,,,,,,,,,,,,,,,,,,,,,,,,,,,,,,,,,,,,,,,,,,,,,,,,,,,,,,,,,,,,,,,,,,,,,,,,,,,,,,,,,,,,,,,,,,,,,,,,,,,,,,,,,,,,,,,,,,,,,,,,,,,,,,,,,,,,,,,,,,,,,,,,,,,,,,,,,,,,,,,,,,,,,,,,,,,,,,,,,,,,,,,species_ratio,,,,,,,,,,,,,,,,,,,,,,,,,,,,,,,,,,,,,,,,,,,,,,,,,,,,,,,,55,2018,,,,,
china_bee_species_composition,,,,,,,,,,,,,,,,,,,,,,,,,,,,,,,,,,50,,,,,,,,,,,,,,,,,,,,,,,,,,,,,,,,,,,,,,,,,,,,,,,,,,,,,,,,,,,,,,,,,,,,,,,,,,,,,,,,,,,,,,,,,,,,,,,,,,,,,,,,,,,,,,,,,,,,,,,,,,,,,,,,,,,,,,,,,,,,,,,,,,,,,,,,,,,,,,,,,,,,,,,,,,,,,,,,,,,,,,,,,,,,,,species_ratio,,,,,,,,,,,,,,,,,,,,,,,,,,,,,,,,,,,,,,,,,,,,,,,,,,,,,,,,50,2020,,,,,
china_bee_species_composition,,,,,,,,,,,,,,,,,,,,,,,,,,,,,,,,,,54,,,,,,,,,,,,,,,,,,,,,,,,,,,,,,,,,,,,,,,,,,,,,,,,,,,,,,,,,,,,,,,,,,,,,,,,,,,,,,,,,,,,,,,,,,,,,,,,,,,,,,,,,,,,,,,,,,,,,,,,,,,,,,,,,,,,,,,,,,,,,,,,,,,,,,,,,,,,,,,,,,,,,,,,,,,,,,,,,,,,,,,,,,,,,,species_ratio,,,,,,,,,,,,,,,,,,,,,,,,,,,,,,,,,,,,,,,,,,,,,,,,,,,,,,,,46,2023,,,,,
china_bee_species_composition,,,,,,,,,,,,,,,,,,,,,,,,,,,,,,,,,,80,,,,,,,,,,,,,,,,,,,,,,,,,,,,,,,,,,,,,,,,,,,,,,,,,,,,,,,,,,,,,,,,,,,,,,,,,,,,,,,,,,,,,,,,,,,,,,,,,,,,,,,,,,,,,,,,,,,,,,,,,,,,,,,,,,,,,,,,,,,,,,,,,,,,,,,,,,,,,,,,,,,,,,,,,,,,,,,,,,,,,,,,,,,,,,total_scale,,,,,,,,,,,,,,,,,,,,,,,,,,,,,,,,,,,,,,,,,,,,,,,,,,,,,,,,20,1949,,,,,
china_bee_species_composition,,,,,,,,,,,,,,,,,,,,,,,,,,,,,,,,,,70,,,,,,,,,,,,,,,,,,,,,,,,,,,,,,,,,,,,,,,,,,,,,,,,,,,,,,,,,,,,,,,,,,,,,,,,,,,,,,,,,,,,,,,,,,,,,,,,,,,,,,,,,,,,,,,,,,,,,,,,,,,,,,,,,,,,,,,,,,,,,,,,,,,,,,,,,,,,,,,,,,,,,,,,,,,,,,,,,,,,,,,,,,,,,,total_scale,,,,,,,,,,,,,,,,,,,,,,,,,,,,,,,,,,,,,,,,,,,,,,,,,,,,,,,,30,1957,,,,,
china_bee_species_composition,,,,,,,,,,,,,,,,,,,,,,,,,,,,,,,,,,68,,,,,,,,,,,,,,,,,,,,,,,,,,,,,,,,,,,,,,,,,,,,,,,,,,,,,,,,,,,,,,,,,,,,,,,,,,,,,,,,,,,,,,,,,,,,,,,,,,,,,,,,,,,,,,,,,,,,,,,,,,,,,,,,,,,,,,,,,,,,,,,,,,,,,,,,,,,,,,,,,,,,,,,,,,,,,,,,,,,,,,,,,,,,,,total_scale,,,,,,,,,,,,,,,,,,,,,,,,,,,,,,,,,,,,,,,,,,,,,,,,,,,,,,,,32,1960,,,,,
china_bee_species_composition,,,,,,,,,,,,,,,,,,,,,,,,,,,,,,,,,,33,,,,,,,,,,,,,,,,,,,,,,,,,,,,,,,,,,,,,,,,,,,,,,,,,,,,,,,,,,,,,,,,,,,,,,,,,,,,,,,,,,,,,,,,,,,,,,,,,,,,,,,,,,,,,,,,,,,,,,,,,,,,,,,,,,,,,,,,,,,,,,,,,,,,,,,,,,,,,,,,,,,,,,,,,,,,,,,,,,,,,,,,,,,,,,total_scale,,,,,,,,,,,,,,,,,,,,,,,,,,,,,,,,,,,,,,,,,,,,,,,,,,,,,,,,67,1983,,,,,
china_bee_species_composition,,,,,,,,,,,,,,,,,,,,,,,,,,,,,,,,,,43,,,,,,,,,,,,,,,,,,,,,,,,,,,,,,,,,,,,,,,,,,,,,,,,,,,,,,,,,,,,,,,,,,,,,,,,,,,,,,,,,,,,,,,,,,,,,,,,,,,,,,,,,,,,,,,,,,,,,,,,,,,,,,,,,,,,,,,,,,,,,,,,,,,,,,,,,,,,,,,,,,,,,,,,,,,,,,,,,,,,,,,,,,,,,,total_scale,,,,,,,,,,,,,,,,,,,,,,,,,,,,,,,,,,,,,,,,,,,,,,,,,,,,,,,,57,2014,,,,,
china_bee_species_composition,,,,,,,,,,,,,,,,,,,,,,,,,,,,,,,,,,54,,,,,,,,,,,,,,,,,,,,,,,,,,,,,,,,,,,,,,,,,,,,,,,,,,,,,,,,,,,,,,,,,,,,,,,,,,,,,,,,,,,,,,,,,,,,,,,,,,,,,,,,,,,,,,,,,,,,,,,,,,,,,,,,,,,,,,,,,,,,,,,,,,,,,,,,,,,,,,,,,,,,,,,,,,,,,,,,,,,,,,,,,,,,,,total_scale,,,,,,,,,,,,,,,,,,,,,,,,,,,,,,,,,,,,,,,,,,,,,,,,,,,,,,,,46,2023,,,,,
china_bee_species_composition,,,,,,,,,,,,,,,,,,,,,,,,,,,,,,,,,,pct_of_western,,,,,,,,,,,,,,,,,,,,,,,,,,,,,,,,,,,,,,,,,,,,,,,,,,,,,,,,,,,,,,,,,,,,,,,,,,,,,,,,,,,,,,,,,,,,,,,,,,,,,,,,,,,,,,,,,,,,,,,,,,,,,,,,,,,,,,,,,,,,,,,,,,,,,,,,,,,,,,,,,,,,,,,,,,,,,,,,,,,,,,,,,,,,,,breed_composition,,,,,,,,,,,,,,,,,,,,,,,,,,,,,,,,,,,,,,,,,,,,,,,,,,,,,,,,latin_name,breed,,,,,
china_bee_species_composition,,,,,,,,,,,,,,,,,,,,,,,,,,,,,,,,,,55,,,,,,,,,,,,,,,,,,,,,,,,,,,,,,,,,,,,,,,,,,,,,,,,,,,,,,,,,,,,,,,,,,,,,,,,,,,,,,,,,,,,,,,,,,,,,,,,,,,,,,,,,,,,,,,,,,,,,,,,,,,,,,,,,,,,,,,,,,,,,,,,,,,,,,,,,,,,,,,,,,,,,,,,,,,,,,,,,,,,,,,,,,,,,,breed_composition,,,,,,,,,,,,,,,,,,,,,,,,,,,,,,,,,,,,,,,,,,,,,,,,,,,,,,,,Apis mellifera ligustica,意大利蜂（美意系）,,,,,
china_bee_species_composition,,,,,,,,,,,,,,,,,,,,,,,,,,,,,,,,,,15,,,,,,,,,,,,,,,,,,,,,,,,,,,,,,,,,,,,,,,,,,,,,,,,,,,,,,,,,,,,,,,,,,,,,,,,,,,,,,,,,,,,,,,,,,,,,,,,,,,,,,,,,,,,,,,,,,,,,,,,,,,,,,,,,,,,,,,,,,,,,,,,,,,,,,,,,,,,,,,,,,,,,,,,,,,,,,,,,,,,,,,,,,,,,,breed_composition,,,,,,,,,,,,,,,,,,,,,,,,,,,,,,,,,,,,,,,,,,,,,,,,,,,,,,,,Apis mellifera ligustica,意大利蜂（澳意系）,,,,,
china_bee_species_composition,,,,,,,,,,,,,,,,,,,,,,,,,,,,,,,,,,12,,,,,,,,,,,,,,,,,,,,,,,,,,,,,,,,,,,,,,,,,,,,,,,,,,,,,,,,,,,,,,,,,,,,,,,,,,,,,,,,,,,,,,,,,,,,,,,,,,,,,,,,,,,,,,,,,,,,,,,,,,,,,,,,,,,,,,,,,,,,,,,,,,,,,,,,,,,,,,,,,,,,,,,,,,,,,,,,,,,,,,,,,,,,,,breed_composition,,,,,,,,,,,,,,,,,,,,,,,,,,,,,,,,,,,,,,,,,,,,,,,,,,,,,,,,Apis mellifera ligustica,意大利蜂（本意系）,,,,,
china_bee_species_composition,,,,,,,,,,,,,,,,,,,,,,,,,,,,,,,,,,5,,,,,,,,,,,,,,,,,,,,,,,,,,,,,,,,,,,,,,,,,,,,,,,,,,,,,,,,,,,,,,,,,,,,,,,,,,,,,,,,,,,,,,,,,,,,,,,,,,,,,,,,,,,,,,,,,,,,,,,,,,,,,,,,,,,,,,,,,,,,,,,,,,,,,,,,,,,,,,,,,,,,,,,,,,,,,,,,,,,,,,,,,,,,,,breed_composition,,,,,,,,,,,,,,,,,,,,,,,,,,,,,,,,,,,,,,,,,,,,,,,,,,,,,,,,Apis mellifera ssp.,东北黑蜂,,,,,
china_bee_species_composition,,,,,,,,,,,,,,,,,,,,,,,,,,,,,,,,,,2,,,,,,,,,,,,,,,,,,,,,,,,,,,,,,,,,,,,,,,,,,,,,,,,,,,,,,,,,,,,,,,,,,,,,,,,,,,,,,,,,,,,,,,,,,,,,,,,,,,,,,,,,,,,,,,,,,,,,,,,,,,,,,,,,,,,,,,,,,,,,,,,,,,,,,,,,,,,,,,,,,,,,,,,,,,,,,,,,,,,,,,,,,,,,,breed_composition,,,,,,,,,,,,,,,,,,,,,,,,,,,,,,,,,,,,,,,,,,,,,,,,,,,,,,,,Apis mellifera carnica,卡尼鄂拉蜂,,,,,
china_bee_species_composition,,,,,,,,,,,,,,,,,,,,,,,,,,,,,,,,,,1,,,,,,,,,,,,,,,,,,,,,,,,,,,,,,,,,,,,,,,,,,,,,,,,,,,,,,,,,,,,,,,,,,,,,,,,,,,,,,,,,,,,,,,,,,,,,,,,,,,,,,,,,,,,,,,,,,,,,,,,,,,,,,,,,,,,,,,,,,,,,,,,,,,,,,,,,,,,,,,,,,,,,,,,,,,,,,,,,,,,,,,,,,,,,,breed_composition,,,,,,,,,,,,,,,,,,,,,,,,,,,,,,,,,,,,,,,,,,,,,,,,,,,,,,,,Apis mellifera caucasica,高加索蜂及其他,,,,,
china_bee_species_composition,,,,,,,,,,,,,,,,,,,,,,,,,,,,,,,,,,national_share_pct,,,,,,,,,,,,,,,,,,,,,,,,,,,,,,,,,,,,,,,,,,,,,,,,,,,,,,,,,,,,,,,,,,,,,,,,,,,,,,,,,,,,,,,,,,,,,,,,,,,,,,,,,,,,,,,,,,,,,,,,,,,,,,,,,,,,,,,,,,,,,,,,,,,,,,,,,,,,,,,,,,,,,,,,,,,,,,,,,,,,,,,,,,,,,,province_chinese_bees,,,,,,,,,,,,,,,,,,,,,,,,,,,,,,,,,,,,,,,,,,,,,,,,,,,,,,,,chinese_bee_colonies_10k,province,,,,,
china_bee_species_composition,,,,,,,,,,,,,,,,,,,,,,,,,,,,,,,,,,17.83,,,,,,,,,,,,,,,,,,,,,,,,,,,,,,,,,,,,,,,,,,,,,,,,,,,,,,,,,,,,,,,,,,,,,,,,,,,,,,,,,,,,,,,,,,,,,,,,,,,,,,,,,,,,,,,,,,,,,,,,,,,,,,,,,,,,,,,,,,,,,,,,,,,,,,,,,,,,,,,,,,,,,,,,,,,,,,,,,,,,,,,,,,,,,,province_chinese_bees,,,,,,,,,,,,,,,,,,,,,,,,,,,,,,,,,,,,,,,,,,,,,,,,,,,,,,,,92,广东,,,,,
china_bee_species_composition,,,,,,,,,,,,,,,,,,,,,,,,,,,,,,,,,,16.47,,,,,,,,,,,,,,,,,,,,,,,,,,,,,,,,,,,,,,,,,,,,,,,,,,,,,,,,,,,,,,,,,,,,,,,,,,,,,,,,,,,,,,,,,,,,,,,,,,,,,,,,,,,,,,,,,,,,,,,,,,,,,,,,,,,,,,,,,,,,,,,,,,,,,,,,,,,,,,,,,,,,,,,,,,,,,,,,,,,,,,,,,,,,,,province_chinese_bees,,,,,,,,,,,,,,,,,,,,,,,,,,,,,,,,,,,,,,,,,,,,,,,,,,,,,,,,85,云南,,,,,
china_bee_species_composition,,,,,,,,,,,,,,,,,,,,,,,,,,,,,,,,,,9.69,,,,,,,,,,,,,,,,,,,,,,,,,,,,,,,,,,,,,,,,,,,,,,,,,,,,,,,,,,,,,,,,,,,,,,,,,,,,,,,,,,,,,,,,,,,,,,,,,,,,,,,,,,,,,,,,,,,,,,,,,,,,,,,,,,,,,,,,,,,,,,,,,,,,,,,,,,,,,,,,,,,,,,,,,,,,,,,,,,,,,,,,,,,,,,province_chinese_bees,,,,,,,,,,,,,,,,,,,,,,,,,,,,,,,,,,,,,,,,,,,,,,,,,,,,,,,,50,广西,,,,,
china_bee_species_composition,,,,,,,,,,,,,,,,,,,,,,,,,,,,,,,,,,8.72,,,,,,,,,,,,,,,,,,,,,,,,,,,,,,,,,,,,,,,,,,,,,,,,,,,,,,,,,,,,,,,,,,,,,,,,,,,,,,,,,,,,,,,,,,,,,,,,,,,,,,,,,,,,,,,,,,,,,,,,,,,,,,,,,,,,,,,,,,,,,,,,,,,,,,,,,,,,,,,,,,,,,,,,,,,,,,,,,,,,,,,,,,,,,,province_chinese_bees,,,,,,,,,,,,,,,,,,,,,,,,,,,,,,,,,,,,,,,,,,,,,,,,,,,,,,,,45,四川,,,,,
china_bee_species_composition,,,,,,,,,,,,,,,,,,,,,,,,,,,,,,,,,,8.33,,,,,,,,,,,,,,,,,,,,,,,,,,,,,,,,,,,,,,,,,,,,,,,,,,,,,,,,,,,,,,,,,,,,,,,,,,,,,,,,,,,,,,,,,,,,,,,,,,,,,,,,,,,,,,,,,,,,,,,,,,,,,,,,,,,,,,,,,,,,,,,,,,,,,,,,,,,,,,,,,,,,,,,,,,,,,,,,,,,,,,,,,,,,,,province_chinese_bees,,,,,,,,,,,,,,,,,,,,,,,,,,,,,,,,,,,,,,,,,,,,,,,,,,,,,,,,43,重庆,,,,,
china_bee_species_composition,,,,,,,,,,,,,,,,,,,,,,,,,,,,,,,,,,6.78,,,,,,,,,,,,,,,,,,,,,,,,,,,,,,,,,,,,,,,,,,,,,,,,,,,,,,,,,,,,,,,,,,,,,,,,,,,,,,,,,,,,,,,,,,,,,,,,,,,,,,,,,,,,,,,,,,,,,,,,,,,,,,,,,,,,,,,,,,,,,,,,,,,,,,,,,,,,,,,,,,,,,,,,,,,,,,,,,,,,,,,,,,,,,,province_chinese_bees,,,,,,,,,,,,,,,,,,,,,,,,,,,,,,,,,,,,,,,,,,,,,,,,,,,,,,,,35,贵州,,,,,
china_bee_species_composition,,,,,,,,,,,,,,,,,,,,,,,,,,,,,,,,,,5.81,,,,,,,,,,,,,,,,,,,,,,,,,,,,,,,,,,,,,,,,,,,,,,,,,,,,,,,,,,,,,,,,,,,,,,,,,,,,,,,,,,,,,,,,,,,,,,,,,,,,,,,,,,,,,,,,,,,,,,,,,,,,,,,,,,,,,,,,,,,,,,,,,,,,,,,,,,,,,,,,,,,,,,,,,,,,,,,,,,,,,,,,,,,,,,province_chinese_bees,,,,,,,,,,,,,,,,,,,,,,,,,,,,,,,,,,,,,,,,,,,,,,,,,,,,,,,,30,福建,,,,,
china_bee_species_composition,,,,,,,,,,,,,,,,,,,,,,,,,,,,,,,,,,4.07,,,,,,,,,,,,,,,,,,,,,,,,,,,,,,,,,,,,,,,,,,,,,,,,,,,,,,,,,,,,,,,,,,,,,,,,,,,,,,,,,,,,,,,,,,,,,,,,,,,,,,,,,,,,,,,,,,,,,,,,,,,,,,,,,,,,,,,,,,,,,,,,,,,,,,,,,,,,,,,,,,,,,,,,,,,,,,,,,,,,,,,,,,,,,,province_chinese_bees,,,,,,,,,,,,,,,,,,,,,,,,,,,,,,,,,,,,,,,,,,,,,,,,,,,,,,,,21,甘肃,,,,,
china_bee_species_composition,,,,,,,,,,,,,,,,,,,,,,,,,,,,,,,,,,4.07,,,,,,,,,,,,,,,,,,,,,,,,,,,,,,,,,,,,,,,,,,,,,,,,,,,,,,,,,,,,,,,,,,,,,,,,,,,,,,,,,,,,,,,,,,,,,,,,,,,,,,,,,,,,,,,,,,,,,,,,,,,,,,,,,,,,,,,,,,,,,,,,,,,,,,,,,,,,,,,,,,,,,,,,,,,,,,,,,,,,,,,,,,,,,,province_chinese_bees,,,,,,,,,,,,,,,,,,,,,,,,,,,,,,,,,,,,,,,,,,,,,,,,,,,,,,,,21,湖南,,,,,
china_bee_species_composition,,,,,,,,,,,,,,,,,,,,,,,,,,,,,,,,,,3.88,,,,,,,,,,,,,,,,,,,,,,,,,,,,,,,,,,,,,,,,,,,,,,,,,,,,,,,,,,,,,,,,,,,,,,,,,,,,,,,,,,,,,,,,,,,,,,,,,,,,,,,,,,,,,,,,,,,,,,,,,,,,,,,,,,,,,,,,,,,,,,,,,,,,,,,,,,,,,,,,,,,,,,,,,,,,,,,,,,,,,,,,,,,,,,province_chinese_bees,,,,,,,,,,,,,,,,,,,,,,,,,,,,,,,,,,,,,,,,,,,,,,,,,,,,,,,,20,浙江,,,,,
china_bee_species_composition,,,,,,,,,,,,,,,,,,,,,,,,,,,,,,,,,,3.88,,,,,,,,,,,,,,,,,,,,,,,,,,,,,,,,,,,,,,,,,,,,,,,,,,,,,,,,,,,,,,,,,,,,,,,,,,,,,,,,,,,,,,,,,,,,,,,,,,,,,,,,,,,,,,,,,,,,,,,,,,,,,,,,,,,,,,,,,,,,,,,,,,,,,,,,,,,,,,,,,,,,,,,,,,,,,,,,,,,,,,,,,,,,,,province_chinese_bees,,,,,,,,,,,,,,,,,,,,,,,,,,,,,,,,,,,,,,,,,,,,,,,,,,,,,,,,20,江西,,,,,
china_bee_species_composition,,,,,,,,,,,,,,,,,,,,,,,,,,,,,,,,,,3.29,,,,,,,,,,,,,,,,,,,,,,,,,,,,,,,,,,,,,,,,,,,,,,,,,,,,,,,,,,,,,,,,,,,,,,,,,,,,,,,,,,,,,,,,,,,,,,,,,,,,,,,,,,,,,,,,,,,,,,,,,,,,,,,,,,,,,,,,,,,,,,,,,,,,,,,,,,,,,,,,,,,,,,,,,,,,,,,,,,,,,,,,,,,,,,province_chinese_bees,,,,,,,,,,,,,,,,,,,,,,,,,,,,,,,,,,,,,,,,,,,,,,,,,,,,,,,,17,湖北,,,,,
china_bee_species_composition,,,,,,,,,,,,,,,,,,,,,,,,,,,,,,,,,,2.81,,,,,,,,,,,,,,,,,,,,,,,,,,,,,,,,,,,,,,,,,,,,,,,,,,,,,,,,,,,,,,,,,,,,,,,,,,,,,,,,,,,,,,,,,,,,,,,,,,,,,,,,,,,,,,,,,,,,,,,,,,,,,,,,,,,,,,,,,,,,,,,,,,,,,,,,,,,,,,,,,,,,,,,,,,,,,,,,,,,,,,,,,,,,,,province_chinese_bees,,,,,,,,,,,,,,,,,,,,,,,,,,,,,,,,,,,,,,,,,,,,,,,,,,,,,,,,14.5,陕西,,,,,
china_bee_species_composition,,,,,,,,,,,,,,,,,,,,,,,,,,,,,,,,,,2.71,,,,,,,,,,,,,,,,,,,,,,,,,,,,,,,,,,,,,,,,,,,,,,,,,,,,,,,,,,,,,,,,,,,,,,,,,,,,,,,,,,,,,,,,,,,,,,,,,,,,,,,,,,,,,,,,,,,,,,,,,,,,,,,,,,,,,,,,,,,,,,,,,,,,,,,,,,,,,,,,,,,,,,,,,,,,,,,,,,,,,,,,,,,,,,province_chinese_bees,,,,,,,,,,,,,,,,,,,,,,,,,,,,,,,,,,,,,,,,,,,,,,,,,,,,,,,,14,海南,,,,,
china_bee_species_composition,,,,,,,,,,,,,,,,,,,,,,,,,,,,,,,,,,2.13,,,,,,,,,,,,,,,,,,,,,,,,,,,,,,,,,,,,,,,,,,,,,,,,,,,,,,,,,,,,,,,,,,,,,,,,,,,,,,,,,,,,,,,,,,,,,,,,,,,,,,,,,,,,,,,,,,,,,,,,,,,,,,,,,,,,,,,,,,,,,,,,,,,,,,,,,,,,,,,,,,,,,,,,,,,,,,,,,,,,,,,,,,,,,,province_chinese_bees,,,,,,,,,,,,,,,,,,,,,,,,,,,,,,,,,,,,,,,,,,,,,,,,,,,,,,,,11,安徽,,,,,
china_bee_species_composition,,,,,,,,,,,,,,,,,,,,,,,,,,,,,,,,,,western_bee_pct,,,,,,,,,,,,,,,,,,,,,,,,,,,,,,,,,,,,,,data_source,,,,,,,,,,,,,,,,,,,,,,,,,,,,,,,,,,,,,,,,,,,,,,,,,,,,,,,,,,,,,,,,,,,,,,,,,,,,,,,,,,,,,,,,,,,,,,,,,,,,,,,,,,,,,,,,,,,,,,,,,,,,,,,,,,,,,,,,,,,,,,,,,,,,,,,,province_survey,,,,,,,,,,,,,,,,,,,,,,,,,,,,,,,,,,,,,,,,,,,,,,,,,,,,,,,,region,province,,,,,
china_bee_species_composition,,,,,,,,,,,,,,,,,,,,,,,,,,,,,,,,,,58.5,,,,,,,,,,,,,,,,,,,,,,,,,,,,,,,,,,,,,,安徽省蜜蜂种群消长调查（2002-2004）,,,,,,,,,,,,,,,,,,,,,,,,,,,,,,,,,,,,,,,,,,,,,,,,,,,,,,,,,,,,,,,,,,,,,,,,,,,,,,,,,,,,,,,,,,,,,,,,,,,,,,,,,,,,,,,,,,,,,,,,,,,,,,,,,,,,,,,,,,,,,,,,,,,,,,,,province_survey,,,,,,,,,,,,,,,,,,,,,,,,,,,,,,,,,,,,,,,,,,,,,,,,,,,,,,,,皖南,安徽（皖南山区）,,,,,
china_bee_species_composition,,,,,,,,,,,,,,,,,,,,,,,,,,,,,,,,,,63.2,,,,,,,,,,,,,,,,,,,,,,,,,,,,,,,,,,,,,,安徽省蜜蜂种群消长调查（2002-2004）,,,,,,,,,,,,,,,,,,,,,,,,,,,,,,,,,,,,,,,,,,,,,,,,,,,,,,,,,,,,,,,,,,,,,,,,,,,,,,,,,,,,,,,,,,,,,,,,,,,,,,,,,,,,,,,,,,,,,,,,,,,,,,,,,,,,,,,,,,,,,,,,,,,,,,,,province_survey,,,,,,,,,,,,,,,,,,,,,,,,,,,,,,,,,,,,,,,,,,,,,,,,,,,,,,,,皖西,安徽（大别山区）,,,,,
china_bee_species_composition,,,,,,,,,,,,,,,,,,,,,,,,,,,,,,,,,,96.9,,,,,,,,,,,,,,,,,,,,,,,,,,,,,,,,,,,,,,安徽省蜜蜂种群消长调查（2002-2004）,,,,,,,,,,,,,,,,,,,,,,,,,,,,,,,,,,,,,,,,,,,,,,,,,,,,,,,,,,,,,,,,,,,,,,,,,,,,,,,,,,,,,,,,,,,,,,,,,,,,,,,,,,,,,,,,,,,,,,,,,,,,,,,,,,,,,,,,,,,,,,,,,,,,,,,,province_survey,,,,,,,,,,,,,,,,,,,,,,,,,,,,,,,,,,,,,,,,,,,,,,,,,,,,,,,,江淮,安徽（江淮丘陵）,,,,,
china_bee_species_composition,,,,,,,,,,,,,,,,,,,,,,,,,,,,,,,,,,98.9,,,,,,,,,,,,,,,,,,,,,,,,,,,,,,,,,,,,,,安徽省蜜蜂种群消长调查（2002-2004）,,,,,,,,,,,,,,,,,,,,,,,,,,,,,,,,,,,,,,,,,,,,,,,,,,,,,,,,,,,,,,,,,,,,,,,,,,,,,,,,,,,,,,,,,,,,,,,,,,,,,,,,,,,,,,,,,,,,,,,,,,,,,,,,,,,,,,,,,,,,,,,,,,,,,,,,province_survey,,,,,,,,,,,,,,,,,,,,,,,,,,,,,,,,,,,,,,,,,,,,,,,,,,,,,,,,淮北,安徽（淮北平原）,,,,,
china_bee_species_composition,,,,,,,,,,,,,,,,,,,,,,,,,,,,,,,,,,97.08,,,,,,,,,,,,,,,,,,,,,,,,,,,,,,,,,,,,,,张掖市蜂产业资源调查,,,,,,,,,,,,,,,,,,,,,,,,,,,,,,,,,,,,,,,,,,,,,,,,,,,,,,,,,,,,,,,,,,,,,,,,,,,,,,,,,,,,,,,,,,,,,,,,,,,,,,,,,,,,,,,,,,,,,,,,,,,,,,,,,,,,,,,,,,,,,,,,,,,,,,,,province_survey,,,,,,,,,,,,,,,,,,,,,,,,,,,,,,,,,,,,,,,,,,,,,,,,,,,,,,,,西北,甘肃张掖,,,,,
climate_factors_province_2000_2023,4.8,551.0,,,,65,,3.5,,,,,,,,,,,,,,,,,,,,,,,,,,,,,,,,,,,,,,,,,,,,,,,,,,,,,,,,,,,,,,,,,5,,,,,,0,,,,,,,,,140,,,,,,2,,,,,,,,,,,,,,,,,,,,,,,,,,,,,,,,,,,6,椴树、洋槐,,,,,,,,,,,,,,,,,,,,,,,,,,,,,,,,,,,,,,,,,,,,,,,,,,,,,,,,,,,,黑龙江,,,,,,,,,,,,,,,,,,,,,,,,,,,,,,,,,,,,,,,,,,,,,,,,,6.8,,,,,,,,,,,,,,,,,,,,2650,-0.3,,,,,,,,,,,,,,,,,,,,,2000,,,,,
climate_factors_province_2000_2023,4.6,568.4,,,,65,,3.5,,,,,,,,,,,,,,,,,,,,,,,,,,,,,,,,,,,,,,,,,,,,,,,,,,,,,,,,,,,,,,,,,4,,,,,,-1,,,,,,,,,139,,,,,,2,,,,,,,,,,,,,,,,,,,,,,,,,,,,,,,,,,,6,椴树、洋槐,,,,,,,,,,,,,,,,,,,,,,,,,,,,,,,,,,,,,,,,,,,,,,3.2,,,,,,,,,,,,,,黑龙江,,,,,,,,,,,,,,,,,,,,,,,,,,,,,,,,,,,,,,,,,,,,,,,,,6.6,,,,,,,,,,,,,,,,,,,,2620,-0.5,,,,,,,,,,,,,,,,,,,,,2001,,,,,
climate_factors_province_2000_2023,4.9,574.2,,,,66,,3.5,,,,,,,,,,,,,,,,,,,,,,,,,,,,,,,,,,,,,,,,,,,,,,,,,,,,,,,,,,,,,,,,,5,,,,,,0,,,,,,,,,140,,,,,,2,,,,,,,,,,,,,,,,,,,,,,,,,,,,,,,,,,,6,椴树、洋槐,,,,,,,,,,,,,,,,,,,,,,,,,,,,,,,,,,,,,,,,,,,,,,1.0,,,,,,,,,,,,,,黑龙江,,,,,,,,,,,,,,,,,,,,,,,,,,,,,,,,,,,,,,,,,,,,,,,,,6.9,,,,,,,,,,,,,,,,,,,,2600,-0.2,,,,,,,,,,,,,,,,,,,,,2002,,,,,
climate_factors_province_2000_2023,5.4,580.0,,,,65,,3.5,,,,,,,,,,,,,,,,,,,,,,,,,,,,,,,,,,,,,,,,,,,,,,,,,,,,,,,,,,,,,,,,,6,,,,,,1,,,,,,,,,142,,,,,,2,,,,,,,,,,,,,,,,,,,,,,,,,,,,,,,,,,,6,椴树、洋槐,,,,,,,,,,,,,,,,,,,,,,,,,,,,,,,,,,,,,,,,,,,,,,1.0,,,,,,,,,,,,,,黑龙江,,,,,,,,,,,,,,,,,,,,,,,,,,,,,,,,,,,,,,,,,,,,,,,,,7.4,,,,,,,,,,,,,,,,,,,,2580,0.3,,,,,,,,,,,,,,,,,,,,,2003,,,,,
climate_factors_province_2000_2023,5.9,556.8,,,,64,,3.5,,,,,,,,,,,,,,,,,,,,,,,,,,,,,,,,,,,,,,,,,,,,,,,,,,,,,,,,,,,,,,,,,7,,,,,,2,,,,,,,,,143,,,,,,1,,,,,,,,,,,,,,,,,,,,,,,,,,,,,,,,,,,6,椴树、洋槐,,,,,,,,,,,,,,,,,,,,,,,,,,,,,,,,,,,,,,,,,,,,,,-4.0,,,,,,,,,,,,,,黑龙江,,,,,,,,,,,,,,,,,,,,,,,,,,,,,,,,,,,,,,,,,,,,,,,,,7.9,,,,,,,,,,,,,,,,,,,,2610,0.8,,,,,,,,,,,,,,,,,,,,,2004,,,,,
climate_factors_province_2000_2023,4.7,591.6,,,,66,,3.5,,,,,,,,,,,,,,,,,,,,,,,,,,,,,,,,,,,,,,,,,,,,,,,,,,,,,,,,,,,,,,,,,5,,,,,,-1,,,,,,,,,139,,,,,,2,,,,,,,,,,,,,,,,,,,,,,,,,,,,,,,,,,,6,椴树、洋槐,,,,,,,,,,,,,,,,,,,,,,,,,,,,,,,,,,,,,,,,,,,,,,6.3,,,,,,,,,,,,,,黑龙江,,,,,,,,,,,,,,,,,,,,,,,,,,,,,,,,,,,,,,,,,,,,,,,,,6.7,,,,,,,,,,,,,,,,,,,,2590,-0.4,,,,,,,,,,,,,,,,,,,,,2005,,,,,
climate_factors_province_2000_2023,5.3,603.2,,,,66,,3.5,,,,,,,,,,,,,,,,,,,,,,,,,,,,,,,,,,,,,,,,,,,,,,,,,,,,,,,,,,,,,,,,,6,,,,,,1,,,,,,,,,141,,,,,,2,,,,,,,,,,,,,,,,,,,,,,,,,,,,,,,,,,,6,椴树、洋槐,,,,,,,,,,,,,,,,,,,,,,,,,,,,,,,,,,,,,,,,,,,,,,2.0,,,,,,,,,,,,,,黑龙江,,,,,,,,,,,,,,,,,,,,,,,,,,,,,,,,,,,,,,,,,,,,,,,,,7.3,,,,,,,,,,,,,,,,,,,,2570,0.2,,,,,,,,,,,,,,,,,,,,,2006,,,,,
climate_factors_province_2000_2023,6.6,568.4,,,,64,,3.5,,,,,,,,,,,,,,,,,,,,,,,,,,,,,,,,,,,,,,,,,,,,,,,,,,,,,,,,,,,,,,,,,9,,,,,,4,,,,,,,,,146,,,,,,2,,,,,,,,,,,,,,,,,,,,,,,,,,,,,,,,,,,6,椴树、洋槐,,,,,,,,,,,,,,,,,,,,,,,,,,,,,,,,,,,,,,,,,,,,,,-5.8,,,,,,,,,,,,,,黑龙江,,,,,,,,,,,,,,,,,,,,,,,,,,,,,,,,,,,,,,,,,,,,,,,,,8.6,,,,,,,,,,,,,,,,,,,,2630,1.5,,,,,,,,,,,,,,,,,,,,,2007,,,,,
climate_factors_province_2000_2023,6.6,556.8,,,,64,,3.5,,,,,,,,,,,,,,,,,,,,,,,,,,,,,,,,,,,,,,,,,,,,,,,,,,,,,,,,,,,,,,,,,9,,,,,,4,,,,,,,,,146,,,,,,2,,,,,,,,,,,,,,,,,,,,,,,,,,,,,,,,,,,6,椴树、洋槐,,,,,,,,,,,,,,,,,,,,,,,,,,,,,,,,,,,,,,,,,,,,,,-2.0,,,,,,,,,,,,,,黑龙江,,,,,,,,,,,,,,,,,,,,,,,,,,,,,,,,,,,,,,,,,,,,,,,,,8.6,,,,,,,,,,,,,,,,,,,,2640,1.5,,,,,,,,,,,,,,,,,,,,,2008,,,,,
climate_factors_province_2000_2023,5.0,597.4,,,,65,,3.5,,,,,,,,,,,,,,,,,,,,,,,,,,,,,,,,,,,,,,,,,,,,,,,,,,,,,,,,,,,,,,,,,5,,,,,,0,,,,,,,,,140,,,,,,2,,,,,,,,,,,,,,,,,,,,,,,,,,,,,,,,,,,6,椴树、洋槐,,,,,,,,,,,,,,,,,,,,,,,,,,,,,,,,,,,,,,,,,,,,,,7.3,,,,,,,,,,,,,,黑龙江,,,,,,,,,,,,,,,,,,,,,,,,,,,,,,,,,,,,,,,,,,,,,,,,,7.0,,,,,,,,,,,,,,,,,,,,2580,-0.1,,,,,,,,,,,,,,,,,,,,,2009,,,,,
climate_factors_province_2000_2023,4.5,638.0,,,,66,,3.5,,,,,,,,,,,,,,,,,,,,,,,,,,,,,,,,,,,,,,,,,,,,,,,,,,,,,,,,,,,,,,,,,4,,,,,,-1,,,,,,,,,138,,,,,,3,,,,,,,,,,,,,,,,,,,,,,,,,,,,,,,,,,,6,椴树、洋槐,,,,,,,,,,,,,,,,,,,,,,,,,,,,,,,,,,,,,,,,,,,,,,6.8,,,,,,,,,,,,,,黑龙江,,,,,,,,,,,,,,,,,,,,,,,,,,,,,,,,,,,,,,,,,,,,,,,,,6.5,,,,,,,,,,,,,,,,,,,,2560,-0.6,,,,,,,,,,,,,,,,,,,,,2010,,,,,
climate_factors_province_2000_2023,5.6,591.6,,,,65,,3.5,,,,,,,,,,,,,,,,,,,,,,,,,,,,,,,,,,,,,,,,,,,,,,,,,,,,,,,,,,,,,,,,,6,,,,,,1,,,,,,,,,142,,,,,,2,,,,,,,,,,,,,,,,,,,,,,,,,,,,,,,,,,,6,椴树、洋槐,,,,,,,,,,,,,,,,,,,,,,,,,,,,,,,,,,,,,,,,,,,,,,-7.3,,,,,,,,,,,,,,黑龙江,,,,,,,,,,,,,,,,,,,,,,,,,,,,,,,,,,,,,,,,,,,,,,,,,7.6,,,,,,,,,,,,,,,,,,,,2600,0.5,,,,,,,,,,,,,,,,,,,,,2011,,,,,
climate_factors_province_2000_2023,5.3,585.8,,,,65,,3.5,,,,,,,,,,,,,,,,,,,,,,,,,,,,,,,,,,,,,,,,,,,,,,,,,,,,,,,,,,,,,,,,,5,,,,,,1,,,,,,,,,141,,,,,,2,,,,,,,,,,,,,,,,,,,,,,,,,,,,,,,,,,,6,椴树、洋槐,,,,,,,,,,,,,,,,,,,,,,,,,,,,,,,,,,,,,,,,,,,,,,-1.0,,,,,,,,,,,,,,黑龙江,,,,,,,,,,,,,,,,,,,,,,,,,,,,,,,,,,,,,,,,,,,,,,,,,7.3,,,,,,,,,,,,,,,,,,,,2610,0.2,,,,,,,,,,,,,,,,,,,,,2012,,,,,
climate_factors_province_2000_2023,5.7,603.2,,,,66,,3.5,,,,,,,,,,,,,,,,,,,,,,,,,,,,,,,,,,,,,,,,,,,,,,,,,,,,,,,,,,,,,,,,,6,,,,,,1,,,,,,,,,142,,,,,,2,,,,,,,,,,,,,,,,,,,,,,,,,,,,,,,,,,,6,椴树、洋槐,,,,,,,,,,,,,,,,,,,,,,,,,,,,,,,,,,,,,,,,,,,,,,3.0,,,,,,,,,,,,,,黑龙江,,,,,,,,,,,,,,,,,,,,,,,,,,,,,,,,,,,,,,,,,,,,,,,,,7.7,,,,,,,,,,,,,,,,,,,,2570,0.6,,,,,,,,,,,,,,,,,,,,,2013,,,,,
climate_factors_province_2000_2023,5.6,597.4,,,,65,,3.5,,,,,,,,,,,,,,,,,,,,,,,,,,,,,,,,,,,,,,,,,,,,,,,,,,,,,,,,,,,,,,,,,6,,,,,,1,,,,,,,,,142,,,,,,2,,,,,,,,,,,,,,,,,,,,,,,,,,,,,,,,,,,6,椴树、洋槐,,,,,,,,,,,,,,,,,,,,,,,,,,,,,,,,,,,,,,,,,,,,,,-1.0,,,,,,,,,,,,,,黑龙江,,,,,,,,,,,,,,,,,,,,,,,,,,,,,,,,,,,,,,,,,,,,,,,,,7.6,,,,,,,,,,,,,,,,,,,,2580,0.5,,,,,,,,,,,,,,,,,,,,,2014,,,,,
climate_factors_province_2000_2023,6.0,574.2,,,,65,,3.5,,,,,,,,,,,,,,,,,,,,,,,,,,,,,,,,,,,,,,,,,,,,,,,,,,,,,,,,,,,,,,,,,7,,,,,,2,,,,,,,,,143,,,,,,2,,,,,,,,,,,,,,,,,,,,,,,,,,,,,,,,,,,6,椴树、洋槐,,,,,,,,,,,,,,,,,,,,,,,,,,,,,,,,,,,,,,,,,,,,,,-3.9,,,,,,,,,,,,,,黑龙江,,,,,,,,,,,,,,,,,,,,,,,,,,,,,,,,,,,,,,,,,,,,,,,,,8.0,,,,,,,,,,,,,,,,,,,,2600,0.9,,,,,,,,,,,,,,,,,,,,,2015,,,,,
climate_factors_province_2000_2023,5.9,638.0,,,,67,,3.5,,,,,,,,,,,,,,,,,,,,,,,,,,,,,,,,,,,,,,,,,,,,,,,,,,,,,,,,,,,,,,,,,7,,,,,,2,,,,,,,,,143,,,,,,3,,,,,,,,,,,,,,,,,,,,,,,,,,,,,,,,,,,6,椴树、洋槐,,,,,,,,,,,,,,,,,,,,,,,,,,,,,,,,,,,,,,,,,,,,,,11.1,,,,,,,,,,,,,,黑龙江,,,,,,,,,,,,,,,,,,,,,,,,,,,,,,,,,,,,,,,,,,,,,,,,,7.9,,,,,,,,,,,,,,,,,,,,2550,0.8,,,,,,,,,,,,,,,,,,,,,2016,,,,,
climate_factors_province_2000_2023,5.9,609.0,,,,66,,3.5,,,,,,,,,,,,,,,,,,,,,,,,,,,,,,,,,,,,,,,,,,,,,,,,,,,,,,,,,,,,,,,,,7,,,,,,2,,,,,,,,,143,,,,,,2,,,,,,,,,,,,,,,,,,,,,,,,,,,,,,,,,,,6,椴树、洋槐,,,,,,,,,,,,,,,,,,,,,,,,,,,,,,,,,,,,,,,,,,,,,,-4.5,,,,,,,,,,,,,,黑龙江,,,,,,,,,,,,,,,,,,,,,,,,,,,,,,,,,,,,,,,,,,,,,,,,,7.9,,,,,,,,,,,,,,,,,,,,2570,0.8,,,,,,,,,,,,,,,,,,,,,2017,,,,,
climate_factors_province_2000_2023,5.6,603.2,,,,65,,3.5,,,,,,,,,,,,,,,,,,,,,,,,,,,,,,,,,,,,,,,,,,,,,,,,,,,,,,,,,,,,,,,,,6,,,,,,1,,,,,,,,,142,,,,,,2,,,,,,,,,,,,,,,,,,,,,,,,,,,,,,,,,,,6,椴树、洋槐,,,,,,,,,,,,,,,,,,,,,,,,,,,,,,,,,,,,,,,,,,,,,,-1.0,,,,,,,,,,,,,,黑龙江,,,,,,,,,,,,,,,,,,,,,,,,,,,,,,,,,,,,,,,,,,,,,,,,,7.6,,,,,,,,,,,,,,,,,,,,2580,0.5,,,,,,,,,,,,,,,,,,,,,2018,,,,,
climate_factors_province_2000_2023,5.9,728.3,,,,69,,3.5,,,,,,,,,,,,,,,,,,,,,,,,,,,,,,,,,,,,,,,,,,,,,,,,,,,,,,,,,,,,,,,,,7,,,,,,2,,,,,,,,,143,,,,,,4,,,,,,,,,,,,,,,,,,,,,,,,,,,,,,,,,,,6,椴树、洋槐,,,,,,,,,,,,,,,,,,,,,,,,,,,,,,,,,,,,,,,,,,,,,,20.7,,,,,,,,,,,,,,黑龙江,,,,,,,,,,,,,,,,,,,,,,,,,,,,,,,,,,,,,,,,,,,,,,,,,7.9,,,,,,,,,,,,,,,,,,,,2500,0.8,,,,,,,,,,,,,,,,,,,,,2019,,,,,
climate_factors_province_2000_2023,5.8,723.1,,,,69,,3.5,,,,,,,,,,,,,,,,,,,,,,,,,,,,,,,,,,,,,,,,,,,,,,,,,,,,,,,,,,,,,,,,,7,,,,,,2,,,,,,,,,143,,,,,,4,,,,,,,,,,,,,,,,,,,,,,,,,,,,,,,,,,,6,椴树、洋槐,,,,,,,,,,,,,,,,,,,,,,,,,,,,,,,,,,,,,,,,,,,,,,-0.7,,,,,,,,,,,,,,黑龙江,,,,,,,,,,,,,,,,,,,,,,,,,,,,,,,,,,,,,,,,,,,,,,,,,7.8,,,,,,,,,,,,,,,,,,,,2510,0.7,,,,,,,,,,,,,,,,,,,,,2020,,,,,
climate_factors_province_2000_2023,6.1,603.2,,,,66,,3.5,,,,,,,,,,,,,,,,,,,,,,,,,,,,,,,,,,,,,,,,,,,,,,,,,,,,,,,,,,,,,,,,,8,,,,,,2,,,,,,,,,144,,,,,,2,,,,,,,,,,,,,,,,,,,,,,,,,,,,,,,,,,,6,椴树、洋槐,,,,,,,,,,,,,,,,,,,,,,,,,,,,,,,,,,,,,,,,,,,,,,-16.6,,,,,,,,,,,,,,黑龙江,,,,,,,,,,,,,,,,,,,,,,,,,,,,,,,,,,,,,,,,,,,,,,,,,8.1,,,,,,,,,,,,,,,,,,,,2570,1.0,,,,,,,,,,,,,,,,,,,,,2021,,,,,
climate_factors_province_2000_2023,5.7,551.0,,,,64,,3.5,,,,,,,,,,,,,,,,,,,,,,,,,,,,,,,,,,,,,,,,,,,,,,,,,,,,,,,,,,,,,,,,,6,,,,,,1,,,,,,,,,142,,,,,,2,,,,,,,,,,,,,,,,,,,,,,,,,,,,,,,,,,,6,椴树、洋槐,,,,,,,,,,,,,,,,,,,,,,,,,,,,,,,,,,,,,,,,,,,,,,-8.7,,,,,,,,,,,,,,黑龙江,,,,,,,,,,,,,,,,,,,,,,,,,,,,,,,,,,,,,,,,,,,,,,,,,7.7,,,,,,,,,,,,,,,,,,,,2620,0.6,,,,,,,,,,,,,,,,,,,,,2022,,,,,
climate_factors_province_2000_2023,5.9,603.2,,,,66,,3.5,,,,,,,,,,,,,,,,,,,,,,,,,,,,,,,,,,,,,,,,,,,,,,,,,,,,,,,,,,,,,,,,,7,,,,,,2,,,,,,,,,143,,,,,,2,,,,,,,,,,,,,,,,,,,,,,,,,,,,,,,,,,,6,椴树、洋槐,,,,,,,,,,,,,,,,,,,,,,,,,,,,,,,,,,,,,,,,,,,,,,9.5,,,,,,,,,,,,,,黑龙江,,,,,,,,,,,,,,,,,,,,,,,,,,,,,,,,,,,,,,,,,,,,,,,,,7.9,,,,,,,,,,,,,,,,,,,,2580,0.8,,,,,,,,,,,,,,,,,,,,,2023,,,,,
climate_factors_province_2000_2023,16.6,902.5,,,,80,,1.5,,,,,,,,,,,,,,,,,,,,,,,,,,,,,,,,,,,,,,,,,,,,,,,,,,,,,,,,,,,,,,,,,15,,,,,,0,,,,,,,,,280,,,,,,5,,,,,,,,,,,,,,,,,,,,,,,,,,,,,,,,,,,3,油菜、柑橘,,,,,,,,,,,,,,,,,,,,,,,,,,,,,,,,,,,,,,,,,,,,,,,,,,,,,,,,,,,,四川,,,,,,,,,,,,,,,,,,,,,,,,,,,,,,,,,,,,,,,,,,,,,,,,,13.6,,,,,,,,,,,,,,,,,,,,1120,0.1,,,,,,,,,,,,,,,,,,,,,2000,,,,,
climate_factors_province_2000_2023,17.3,921.5,,,,80,,1.5,,,,,,,,,,,,,,,,,,,,,,,,,,,,,,,,,,,,,,,,,,,,,,,,,,,,,,,,,,,,,,,,,17,,,,,,2,,,,,,,,,282,,,,,,5,,,,,,,,,,,,,,,,,,,,,,,,,,,,,,,,,,,3,油菜、柑橘,,,,,,,,,,,,,,,,,,,,,,,,,,,,,,,,,,,,,,,,,,,,,,2.1,,,,,,,,,,,,,,四川,,,,,,,,,,,,,,,,,,,,,,,,,,,,,,,,,,,,,,,,,,,,,,,,,14.3,,,,,,,,,,,,,,,,,,,,1100,0.8,,,,,,,,,,,,,,,,,,,,,2001,,,,,
climate_factors_province_2000_2023,17.4,931.0,,,,81,,1.5,,,,,,,,,,,,,,,,,,,,,,,,,,,,,,,,,,,,,,,,,,,,,,,,,,,,,,,,,,,,,,,,,17,,,,,,2,,,,,,,,,282,,,,,,6,,,,,,,,,,,,,,,,,,,,,,,,,,,,,,,,,,,3,油菜、柑橘,,,,,,,,,,,,,,,,,,,,,,,,,,,,,,,,,,,,,,,,,,,,,,1.0,,,,,,,,,,,,,,四川,,,,,,,,,,,,,,,,,,,,,,,,,,,,,,,,,,,,,,,,,,,,,,,,,14.4,,,,,,,,,,,,,,,,,,,,1090,0.9,,,,,,,,,,,,,,,,,,,,,2002,,,,,
climate_factors_province_2000_2023,17.2,950.0,,,,81,,1.5,,,,,,,,,,,,,,,,,,,,,,,,,,,,,,,,,,,,,,,,,,,,,,,,,,,,,,,,,,,,,,,,,16,,,,,,2,,,,,,,,,281,,,,,,6,,,,,,,,,,,,,,,,,,,,,,,,,,,,,,,,,,,3,油菜、柑橘,,,,,,,,,,,,,,,,,,,,,,,,,,,,,,,,,,,,,,,,,,,,,,2.0,,,,,,,,,,,,,,四川,,,,,,,,,,,,,,,,,,,,,,,,,,,,,,,,,,,,,,,,,,,,,,,,,14.2,,,,,,,,,,,,,,,,,,,,1080,0.7,,,,,,,,,,,,,,,,,,,,,2003,,,,,
climate_factors_province_2000_2023,16.2,921.5,,,,80,,1.5,,,,,,,,,,,,,,,,,,,,,,,,,,,,,,,,,,,,,,,,,,,,,,,,,,,,,,,,,,,,,,,,,14,,,,,,-1,,,,,,,,,278,,,,,,5,,,,,,,,,,,,,,,,,,,,,,,,,,,,,,,,,,,3,油菜、柑橘,,,,,,,,,,,,,,,,,,,,,,,,,,,,,,,,,,,,,,,,,,,,,,-3.0,,,,,,,,,,,,,,四川,,,,,,,,,,,,,,,,,,,,,,,,,,,,,,,,,,,,,,,,,,,,,,,,,13.2,,,,,,,,,,,,,,,,,,,,1120,-0.3,,,,,,,,,,,,,,,,,,,,,2004,,,,,
climate_factors_province_2000_2023,16.2,959.5,,,,81,,1.5,,,,,,,,,,,,,,,,,,,,,,,,,,,,,,,,,,,,,,,,,,,,,,,,,,,,,,,,,,,,,,,,,14,,,,,,-1,,,,,,,,,278,,,,,,6,,,,,,,,,,,,,,,,,,,,,,,,,,,,,,,,,,,3,油菜、柑橘,,,,,,,,,,,,,,,,,,,,,,,,,,,,,,,,,,,,,,,,,,,,,,4.1,,,,,,,,,,,,,,四川,,,,,,,,,,,,,,,,,,,,,,,,,,,,,,,,,,,,,,,,,,,,,,,,,13.2,,,,,,,,,,,,,,,,,,,,1070,-0.3,,,,,,,,,,,,,,,,,,,,,2005,,,,,
climate_factors_province_2000_2023,16.9,883.5,,,,79,,1.5,,,,,,,,,,,,,,,,,,,,,,,,,,,,,,,,,,,,,,,,,,,,,,,,,,,,,,,,,,,,,,,,,16,,,,,,1,,,,,,,,,280,,,,,,5,,,,,,,,,,,,,,,,,,,,,,,,,,,,,,,,,,,3,油菜、柑橘,,,,,,,,,,,,,,,,,,,,,,,,,,,,,,,,,,,,,,,,,,,,,,-7.9,,,,,,,,,,,,,,四川,,,,,,,,,,,,,,,,,,,,,,,,,,,,,,,,,,,,,,,,,,,,,,,,,13.9,,,,,,,,,,,,,,,,,,,,1130,0.4,,,,,,,,,,,,,,,,,,,,,2006,,,,,
climate_factors_province_2000_2023,16.8,921.5,,,,80,,1.5,,,,,,,,,,,,,,,,,,,,,,,,,,,,,,,,,,,,,,,,,,,,,,,,,,,,,,,,,,,,,,,,,16,,,,,,1,,,,,,,,,279,,,,,,5,,,,,,,,,,,,,,,,,,,,,,,,,,,,,,,,,,,3,油菜、柑橘,,,,,,,,,,,,,,,,,,,,,,,,,,,,,,,,,,,,,,,,,,,,,,4.3,,,,,,,,,,,,,,四川,,,,,,,,,,,,,,,,,,,,,,,,,,,,,,,,,,,,,,,,,,,,,,,,,13.8,,,,,,,,,,,,,,,,,,,,1100,0.3,,,,,,,,,,,,,,,,,,,,,2007,,,,,
climate_factors_province_2000_2023,16.3,969.0,,,,82,,1.5,,,,,,,,,,,,,,,,,,,,,,,,,,,,,,,,,,,,,,,,,,,,,,,,,,,,,,,,,,,,,,,,,15,,,,,,-1,,,,,,,,,278,,,,,,6,,,,,,,,,,,,,,,,,,,,,,,,,,,,,,,,,,,3,油菜、柑橘,,,,,,,,,,,,,,,,,,,,,,,,,,,,,,,,,,,,,,,,,,,,,,5.2,,,,,,,,,,,,,,四川,,,,,,,,,,,,,,,,,,,,,,,,,,,,,,,,,,,,,,,,,,,,,,,,,13.3,,,,,,,,,,,,,,,,,,,,1060,-0.2,,,,,,,,,,,,,,,,,,,,,2008,,,,,
climate_factors_province_2000_2023,16.8,940.5,,,,80,,1.5,,,,,,,,,,,,,,,,,,,,,,,,,,,,,,,,,,,,,,,,,,,,,,,,,,,,,,,,,,,,,,,,,16,,,,,,1,,,,,,,,,279,,,,,,5,,,,,,,,,,,,,,,,,,,,,,,,,,,,,,,,,,,3,油菜、柑橘,,,,,,,,,,,,,,,,,,,,,,,,,,,,,,,,,,,,,,,,,,,,,,-2.9,,,,,,,,,,,,,,四川,,,,,,,,,,,,,,,,,,,,,,,,,,,,,,,,,,,,,,,,,,,,,,,,,13.8,,,,,,,,,,,,,,,,,,,,1090,0.3,,,,,,,,,,,,,,,,,,,,,2009,,,,,
climate_factors_province_2000_2023,16.0,1026.0,,,,82,,1.5,,,,,,,,,,,,,,,,,,,,,,,,,,,,,,,,,,,,,,,,,,,,,,,,,,,,,,,,,,,,,,,,,14,,,,,,-1,,,,,,,,,277,,,,,,7,,,,,,,,,,,,,,,,,,,,,,,,,,,,,,,,,,,3,油菜、柑橘,,,,,,,,,,,,,,,,,,,,,,,,,,,,,,,,,,,,,,,,,,,,,,9.1,,,,,,,,,,,,,,四川,,,,,,,,,,,,,,,,,,,,,,,,,,,,,,,,,,,,,,,,,,,,,,,,,13.0,,,,,,,,,,,,,,,,,,,,1050,-0.5,,,,,,,,,,,,,,,,,,,,,2010,,,,,
climate_factors_province_2000_2023,17.0,969.0,,,,81,,1.5,,,,,,,,,,,,,,,,,,,,,,,,,,,,,,,,,,,,,,,,,,,,,,,,,,,,,,,,,,,,,,,,,16,,,,,,1,,,,,,,,,280,,,,,,6,,,,,,,,,,,,,,,,,,,,,,,,,,,,,,,,,,,3,油菜、柑橘,,,,,,,,,,,,,,,,,,,,,,,,,,,,,,,,,,,,,,,,,,,,,,-5.6,,,,,,,,,,,,,,四川,,,,,,,,,,,,,,,,,,,,,,,,,,,,,,,,,,,,,,,,,,,,,,,,,14.0,,,,,,,,,,,,,,,,,,,,1080,0.5,,,,,,,,,,,,,,,,,,,,,2011,,,,,
climate_factors_province_2000_2023,16.7,959.5,,,,80,,1.5,,,,,,,,,,,,,,,,,,,,,,,,,,,,,,,,,,,,,,,,,,,,,,,,,,,,,,,,,,,,,,,,,15,,,,,,1,,,,,,,,,279,,,,,,6,,,,,,,,,,,,,,,,,,,,,,,,,,,,,,,,,,,3,油菜、柑橘,,,,,,,,,,,,,,,,,,,,,,,,,,,,,,,,,,,,,,,,,,,,,,-1.0,,,,,,,,,,,,,,四川,,,,,,,,,,,,,,,,,,,,,,,,,,,,,,,,,,,,,,,,,,,,,,,,,13.7,,,,,,,,,,,,,,,,,,,,1080,0.2,,,,,,,,,,,,,,,,,,,,,2012,,,,,
climate_factors_province_2000_2023,17.1,988.0,,,,81,,1.5,,,,,,,,,,,,,,,,,,,,,,,,,,,,,,,,,,,,,,,,,,,,,,,,,,,,,,,,,,,,,,,,,16,,,,,,1,,,,,,,,,280,,,,,,6,,,,,,,,,,,,,,,,,,,,,,,,,,,,,,,,,,,3,油菜、柑橘,,,,,,,,,,,,,,,,,,,,,,,,,,,,,,,,,,,,,,,,,,,,,,3.0,,,,,,,,,,,,,,四川,,,,,,,,,,,,,,,,,,,,,,,,,,,,,,,,,,,,,,,,,,,,,,,,,14.1,,,,,,,,,,,,,,,,,,,,1070,0.6,,,,,,,,,,,,,,,,,,,,,2013,,,,,
climate_factors_province_2000_2023,17.0,969.0,,,,80,,1.5,,,,,,,,,,,,,,,,,,,,,,,,,,,,,,,,,,,,,,,,,,,,,,,,,,,,,,,,,,,,,,,,,16,,,,,,1,,,,,,,,,280,,,,,,6,,,,,,,,,,,,,,,,,,,,,,,,,,,,,,,,,,,3,油菜、柑橘,,,,,,,,,,,,,,,,,,,,,,,,,,,,,,,,,,,,,,,,,,,,,,-1.9,,,,,,,,,,,,,,四川,,,,,,,,,,,,,,,,,,,,,,,,,,,,,,,,,,,,,,,,,,,,,,,,,14.0,,,,,,,,,,,,,,,,,,,,1080,0.5,,,,,,,,,,,,,,,,,,,,,2014,,,,,
climate_factors_province_2000_2023,17.4,959.5,,,,80,,1.5,,,,,,,,,,,,,,,,,,,,,,,,,,,,,,,,,,,,,,,,,,,,,,,,,,,,,,,,,,,,,,,,,18,,,,,,2,,,,,,,,,282,,,,,,6,,,,,,,,,,,,,,,,,,,,,,,,,,,,,,,,,,,3,油菜、柑橘,,,,,,,,,,,,,,,,,,,,,,,,,,,,,,,,,,,,,,,,,,,,,,-1.0,,,,,,,,,,,,,,四川,,,,,,,,,,,,,,,,,,,,,,,,,,,,,,,,,,,,,,,,,,,,,,,,,14.4,,,,,,,,,,,,,,,,,,,,1080,0.9,,,,,,,,,,,,,,,,,,,,,2015,,,,,
climate_factors_province_2000_2023,17.3,1045.0,,,,83,,1.5,,,,,,,,,,,,,,,,,,,,,,,,,,,,,,,,,,,,,,,,,,,,,,,,,,,,,,,,,,,,,,,,,17,,,,,,2,,,,,,,,,281,,,,,,7,,,,,,,,,,,,,,,,,,,,,,,,,,,,,,,,,,,3,油菜、柑橘,,,,,,,,,,,,,,,,,,,,,,,,,,,,,,,,,,,,,,,,,,,,,,8.9,,,,,,,,,,,,,,四川,,,,,,,,,,,,,,,,,,,,,,,,,,,,,,,,,,,,,,,,,,,,,,,,,14.3,,,,,,,,,,,,,,,,,,,,1040,0.8,,,,,,,,,,,,,,,,,,,,,2016,,,,,
climate_factors_province_2000_2023,17.3,988.0,,,,81,,1.5,,,,,,,,,,,,,,,,,,,,,,,,,,,,,,,,,,,,,,,,,,,,,,,,,,,,,,,,,,,,,,,,,17,,,,,,2,,,,,,,,,281,,,,,,6,,,,,,,,,,,,,,,,,,,,,,,,,,,,,,,,,,,3,油菜、柑橘,,,,,,,,,,,,,,,,,,,,,,,,,,,,,,,,,,,,,,,,,,,,,,-5.5,,,,,,,,,,,,,,四川,,,,,,,,,,,,,,,,,,,,,,,,,,,,,,,,,,,,,,,,,,,,,,,,,14.3,,,,,,,,,,,,,,,,,,,,1070,0.8,,,,,,,,,,,,,,,,,,,,,2017,,,,,
climate_factors_province_2000_2023,17.0,978.5,,,,81,,1.5,,,,,,,,,,,,,,,,,,,,,,,,,,,,,,,,,,,,,,,,,,,,,,,,,,,,,,,,,,,,,,,,,16,,,,,,1,,,,,,,,,280,,,,,,6,,,,,,,,,,,,,,,,,,,,,,,,,,,,,,,,,,,3,油菜、柑橘,,,,,,,,,,,,,,,,,,,,,,,,,,,,,,,,,,,,,,,,,,,,,,-1.0,,,,,,,,,,,,,,四川,,,,,,,,,,,,,,,,,,,,,,,,,,,,,,,,,,,,,,,,,,,,,,,,,14.0,,,,,,,,,,,,,,,,,,,,1070,0.5,,,,,,,,,,,,,,,,,,,,,2018,,,,,
climate_factors_province_2000_2023,17.3,953.2,,,,80,,1.5,,,,,,,,,,,,,,,,,,,,,,,,,,,,,,,,,,,,,,,,,,,,,,,,,,,,,,,,,,,,,,,,,17,,,,,,2,,,,,,,,,281,,,,,,6,,,,,,,,,,,,,,,,,,,,,,,,,,,,,,,,,,,3,油菜、柑橘,,,,,,,,,,,,,,,,,,,,,,,,,,,,,,,,,,,,,,,,,,,,,,-2.6,,,,,,,,,,,,,,四川,,,,,,,,,,,,,,,,,,,,,,,,,,,,,,,,,,,,,,,,,,,,,,,,,14.3,,,,,,,,,,,,,,,,,,,,1090,0.8,,,,,,,,,,,,,,,,,,,,,2019,,,,,
climate_factors_province_2000_2023,17.2,1055.0,,,,83,,1.5,,,,,,,,,,,,,,,,,,,,,,,,,,,,,,,,,,,,,,,,,,,,,,,,,,,,,,,,,,,,,,,,,17,,,,,,2,,,,,,,,,281,,,,,,7,,,,,,,,,,,,,,,,,,,,,,,,,,,,,,,,,,,3,油菜、柑橘,,,,,,,,,,,,,,,,,,,,,,,,,,,,,,,,,,,,,,,,,,,,,,10.7,,,,,,,,,,,,,,四川,,,,,,,,,,,,,,,,,,,,,,,,,,,,,,,,,,,,,,,,,,,,,,,,,14.2,,,,,,,,,,,,,,,,,,,,1040,0.7,,,,,,,,,,,,,,,,,,,,,2020,,,,,
climate_factors_province_2000_2023,17.5,988.0,,,,81,,1.5,,,,,,,,,,,,,,,,,,,,,,,,,,,,,,,,,,,,,,,,,,,,,,,,,,,,,,,,,,,,,,,,,18,,,,,,2,,,,,,,,,282,,,,,,6,,,,,,,,,,,,,,,,,,,,,,,,,,,,,,,,,,,3,油菜、柑橘,,,,,,,,,,,,,,,,,,,,,,,,,,,,,,,,,,,,,,,,,,,,,,-6.4,,,,,,,,,,,,,,四川,,,,,,,,,,,,,,,,,,,,,,,,,,,,,,,,,,,,,,,,,,,,,,,,,14.5,,,,,,,,,,,,,,,,,,,,1070,1.0,,,,,,,,,,,,,,,,,,,,,2021,,,,,
climate_factors_province_2000_2023,17.4,902.5,,,,79,,1.5,,,,,,,,,,,,,,,,,,,,,,,,,,,,,,,,,,,,,,,,,,,,,,,,,,,,,,,,,,,,,,,,,18,,,,,,2,,,,,,,,,282,,,,,,5,,,,,,,,,,,,,,,,,,,,,,,,,,,,,,,,,,,3,油菜、柑橘,,,,,,,,,,,,,,,,,,,,,,,,,,,,,,,,,,,,,,,,,,,,,,-8.7,,,,,,,,,,,,,,四川,,,,,,,,,,,,,,,,,,,,,,,,,,,,,,,,,,,,,,,,,,,,,,,,,14.4,,,,,,,,,,,,,,,,,,,,1120,0.9,,,,,,,,,,,,,,,,,,,,,2022,,,,,
climate_factors_province_2000_2023,17.3,988.0,,,,81,,1.5,,,,,,,,,,,,,,,,,,,,,,,,,,,,,,,,,,,,,,,,,,,,,,,,,,,,,,,,,,,,,,,,,17,,,,,,2,,,,,,,,,281,,,,,,6,,,,,,,,,,,,,,,,,,,,,,,,,,,,,,,,,,,3,油菜、柑橘,,,,,,,,,,,,,,,,,,,,,,,,,,,,,,,,,,,,,,,,,,,,,,9.5,,,,,,,,,,,,,,四川,,,,,,,,,,,,,,,,,,,,,,,,,,,,,,,,,,,,,,,,,,,,,,,,,14.3,,,,,,,,,,,,,,,,,,,,1070,0.8,,,,,,,,,,,,,,,,,,,,,2023,,,,,
climate_factors_province_2000_2023,17.2,1425.0,,,,78,,2.5,,,,,,,,,,,,,,,,,,,,,,,,,,,,,,,,,,,,,,,,,,,,,,,,,,,,,,,,,,,,,,,,,20,,,,,,0,,,,,,,,,250,,,,,,9,,,,,,,,,,,,,,,,,,,,,,,,,,,,,,,,,,,3,油菜、柑橘,,,,,,,,,,,,,,,,,,,,,,,,,,,,,,,,,,,,,,,,,,,,,,,,,,,,,,,,,,,,浙江,,,,,,,,,,,,,,,,,,,,,,,,,,,,,,,,,,,,,,,,,,,,,,,,,13.7,,,,,,,,,,,,,,,,,,,,1720,0.0,,,,,,,,,,,,,,,,,,,,,2000,,,,,
climate_factors_province_2000_2023,17.3,1455.0,,,,78,,2.5,,,,,,,,,,,,,,,,,,,,,,,,,,,,,,,,,,,,,,,,,,,,,,,,,,,,,,,,,,,,,,,,,20,,,,,,0,,,,,,,,,250,,,,,,9,,,,,,,,,,,,,,,,,,,,,,,,,,,,,,,,,,,3,油菜、柑橘,,,,,,,,,,,,,,,,,,,,,,,,,,,,,,,,,,,,,,,,,,,,,,2.1,,,,,,,,,,,,,,浙江,,,,,,,,,,,,,,,,,,,,,,,,,,,,,,,,,,,,,,,,,,,,,,,,,13.8,,,,,,,,,,,,,,,,,,,,1710,0.1,,,,,,,,,,,,,,,,,,,,,2001,,,,,
climate_factors_province_2000_2023,17.4,1485.0,,,,78,,2.5,,,,,,,,,,,,,,,,,,,,,,,,,,,,,,,,,,,,,,,,,,,,,,,,,,,,,,,,,,,,,,,,,21,,,,,,1,,,,,,,,,251,,,,,,9,,,,,,,,,,,,,,,,,,,,,,,,,,,,,,,,,,,3,油菜、柑橘,,,,,,,,,,,,,,,,,,,,,,,,,,,,,,,,,,,,,,,,,,,,,,2.1,,,,,,,,,,,,,,浙江,,,,,,,,,,,,,,,,,,,,,,,,,,,,,,,,,,,,,,,,,,,,,,,,,13.9,,,,,,,,,,,,,,,,,,,,1700,0.2,,,,,,,,,,,,,,,,,,,,,2002,,,,,
climate_factors_province_2000_2023,17.4,1350.0,,,,76,,2.5,,,,,,,,,,,,,,,,,,,,,,,,,,,,,,,,,,,,,,,,,,,,,,,,,,,,,,,,,,,,,,,,,21,,,,,,1,,,,,,,,,251,,,,,,8,,,,,,,,,,,,,,,,,,,,,,,,,,,,,,,,,,,3,油菜、柑橘,,,,,,,,,,,,,,,,,,,,,,,,,,,,,,,,,,,,,,,,,,,,,,-9.1,,,,,,,,,,,,,,浙江,,,,,,,,,,,,,,,,,,,,,,,,,,,,,,,,,,,,,,,,,,,,,,,,,13.9,,,,,,,,,,,,,,,,,,,,1760,0.2,,,,,,,,,,,,,,,,,,,,,2003,,,,,
climate_factors_province_2000_2023,17.8,1470.0,,,,78,,2.5,,,,,,,,,,,,,,,,,,,,,,,,,,,,,,,,,,,,,,,,,,,,,,,,,,,,,,,,,,,,,,,,,22,,,,,,1,,,,,,,,,252,,,,,,9,,,,,,,,,,,,,,,,,,,,,,,,,,,,,,,,,,,3,油菜、柑橘,,,,,,,,,,,,,,,,,,,,,,,,,,,,,,,,,,,,,,,,,,,,,,8.9,,,,,,,,,,,,,,浙江,,,,,,,,,,,,,,,,,,,,,,,,,,,,,,,,,,,,,,,,,,,,,,,,,14.3,,,,,,,,,,,,,,,,,,,,1710,0.6,,,,,,,,,,,,,,,,,,,,,2004,,,,,
climate_factors_province_2000_2023,17.4,1500.0,,,,78,,2.5,,,,,,,,,,,,,,,,,,,,,,,,,,,,,,,,,,,,,,,,,,,,,,,,,,,,,,,,,,,,,,,,,21,,,,,,1,,,,,,,,,251,,,,,,9,,,,,,,,,,,,,,,,,,,,,,,,,,,,,,,,,,,3,油菜、柑橘,,,,,,,,,,,,,,,,,,,,,,,,,,,,,,,,,,,,,,,,,,,,,,2.0,,,,,,,,,,,,,,浙江,,,,,,,,,,,,,,,,,,,,,,,,,,,,,,,,,,,,,,,,,,,,,,,,,13.9,,,,,,,,,,,,,,,,,,,,1690,0.2,,,,,,,,,,,,,,,,,,,,,2005,,,,,
climate_factors_province_2000_2023,17.6,1440.0,,,,77,,2.5,,,,,,,,,,,,,,,,,,,,,,,,,,,,,,,,,,,,,,,,,,,,,,,,,,,,,,,,,,,,,,,,,22,,,,,,1,,,,,,,,,252,,,,,,9,,,,,,,,,,,,,,,,,,,,,,,,,,,,,,,,,,,3,油菜、柑橘,,,,,,,,,,,,,,,,,,,,,,,,,,,,,,,,,,,,,,,,,,,,,,-4.0,,,,,,,,,,,,,,浙江,,,,,,,,,,,,,,,,,,,,,,,,,,,,,,,,,,,,,,,,,,,,,,,,,14.1,,,,,,,,,,,,,,,,,,,,1720,0.4,,,,,,,,,,,,,,,,,,,,,2006,,,,,
climate_factors_province_2000_2023,17.8,1470.0,,,,78,,2.5,,,,,,,,,,,,,,,,,,,,,,,,,,,,,,,,,,,,,,,,,,,,,,,,,,,,,,,,,,,,,,,,,23,,,,,,1,,,,,,,,,252,,,,,,9,,,,,,,,,,,,,,,,,,,,,,,,,,,,,,,,,,,3,油菜、柑橘,,,,,,,,,,,,,,,,,,,,,,,,,,,,,,,,,,,,,,,,,,,,,,2.1,,,,,,,,,,,,,,浙江,,,,,,,,,,,,,,,,,,,,,,,,,,,,,,,,,,,,,,,,,,,,,,,,,14.3,,,,,,,,,,,,,,,,,,,,1710,0.6,,,,,,,,,,,,,,,,,,,,,2007,,,,,
climate_factors_province_2000_2023,17.3,1530.0,,,,79,,2.5,,,,,,,,,,,,,,,,,,,,,,,,,,,,,,,,,,,,,,,,,,,,,,,,,,,,,,,,,,,,,,,,,21,,,,,,0,,,,,,,,,250,,,,,,10,,,,,,,,,,,,,,,,,,,,,,,,,,,,,,,,,,,3,油菜、柑橘,,,,,,,,,,,,,,,,,,,,,,,,,,,,,,,,,,,,,,,,,,,,,,4.1,,,,,,,,,,,,,,浙江,,,,,,,,,,,,,,,,,,,,,,,,,,,,,,,,,,,,,,,,,,,,,,,,,13.8,,,,,,,,,,,,,,,,,,,,1680,0.1,,,,,,,,,,,,,,,,,,,,,2008,,,,,
climate_factors_province_2000_2023,17.6,1500.0,,,,78,,2.5,,,,,,,,,,,,,,,,,,,,,,,,,,,,,,,,,,,,,,,,,,,,,,,,,,,,,,,,,,,,,,,,,22,,,,,,1,,,,,,,,,252,,,,,,9,,,,,,,,,,,,,,,,,,,,,,,,,,,,,,,,,,,3,油菜、柑橘,,,,,,,,,,,,,,,,,,,,,,,,,,,,,,,,,,,,,,,,,,,,,,-2.0,,,,,,,,,,,,,,浙江,,,,,,,,,,,,,,,,,,,,,,,,,,,,,,,,,,,,,,,,,,,,,,,,,14.1,,,,,,,,,,,,,,,,,,,,1700,0.4,,,,,,,,,,,,,,,,,,,,,2009,,,,,
climate_factors_province_2000_2023,17.3,1560.0,,,,79,,2.5,,,,,,,,,,,,,,,,,,,,,,,,,,,,,,,,,,,,,,,,,,,,,,,,,,,,,,,,,,,,,,,,,21,,,,,,0,,,,,,,,,250,,,,,,10,,,,,,,,,,,,,,,,,,,,,,,,,,,,,,,,,,,3,油菜、柑橘,,,,,,,,,,,,,,,,,,,,,,,,,,,,,,,,,,,,,,,,,,,,,,4.0,,,,,,,,,,,,,,浙江,,,,,,,,,,,,,,,,,,,,,,,,,,,,,,,,,,,,,,,,,,,,,,,,,13.8,,,,,,,,,,,,,,,,,,,,1670,0.1,,,,,,,,,,,,,,,,,,,,,2010,,,,,
climate_factors_province_2000_2023,17.7,1515.0,,,,78,,2.5,,,,,,,,,,,,,,,,,,,,,,,,,,,,,,,,,,,,,,,,,,,,,,,,,,,,,,,,,,,,,,,,,22,,,,,,1,,,,,,,,,252,,,,,,10,,,,,,,,,,,,,,,,,,,,,,,,,,,,,,,,,,,3,油菜、柑橘,,,,,,,,,,,,,,,,,,,,,,,,,,,,,,,,,,,,,,,,,,,,,,-2.9,,,,,,,,,,,,,,浙江,,,,,,,,,,,,,,,,,,,,,,,,,,,,,,,,,,,,,,,,,,,,,,,,,14.2,,,,,,,,,,,,,,,,,,,,1690,0.5,,,,,,,,,,,,,,,,,,,,,2011,,,,,
climate_factors_province_2000_2023,17.4,1500.0,,,,78,,2.5,,,,,,,,,,,,,,,,,,,,,,,,,,,,,,,,,,,,,,,,,,,,,,,,,,,,,,,,,,,,,,,,,21,,,,,,1,,,,,,,,,251,,,,,,9,,,,,,,,,,,,,,,,,,,,,,,,,,,,,,,,,,,3,油菜、柑橘,,,,,,,,,,,,,,,,,,,,,,,,,,,,,,,,,,,,,,,,,,,,,,-1.0,,,,,,,,,,,,,,浙江,,,,,,,,,,,,,,,,,,,,,,,,,,,,,,,,,,,,,,,,,,,,,,,,,13.9,,,,,,,,,,,,,,,,,,,,1700,0.2,,,,,,,,,,,,,,,,,,,,,2012,,,,,
climate_factors_province_2000_2023,17.8,1350.0,,,,76,,2.5,,,,,,,,,,,,,,,,,,,,,,,,,,,,,,,,,,,,,,,,,,,,,,,,,,,,,,,,,,,,,,,,,23,,,,,,1,,,,,,,,,252,,,,,,8,,,,,,,,,,,,,,,,,,,,,,,,,,,,,,,,,,,3,油菜、柑橘,,,,,,,,,,,,,,,,,,,,,,,,,,,,,,,,,,,,,,,,,,,,,,-10.0,,,,,,,,,,,,,,浙江,,,,,,,,,,,,,,,,,,,,,,,,,,,,,,,,,,,,,,,,,,,,,,,,,14.3,,,,,,,,,,,,,,,,,,,,1740,0.6,,,,,,,,,,,,,,,,,,,,,2013,,,,,
climate_factors_province_2000_2023,17.7,1470.0,,,,78,,2.5,,,,,,,,,,,,,,,,,,,,,,,,,,,,,,,,,,,,,,,,,,,,,,,,,,,,,,,,,,,,,,,,,22,,,,,,1,,,,,,,,,252,,,,,,9,,,,,,,,,,,,,,,,,,,,,,,,,,,,,,,,,,,3,油菜、柑橘,,,,,,,,,,,,,,,,,,,,,,,,,,,,,,,,,,,,,,,,,,,,,,8.9,,,,,,,,,,,,,,浙江,,,,,,,,,,,,,,,,,,,,,,,,,,,,,,,,,,,,,,,,,,,,,,,,,14.2,,,,,,,,,,,,,,,,,,,,1710,0.5,,,,,,,,,,,,,,,,,,,,,2014,,,,,
climate_factors_province_2000_2023,18.1,1485.0,,,,78,,2.5,,,,,,,,,,,,,,,,,,,,,,,,,,,,,,,,,,,,,,,,,,,,,,,,,,,,,,,,,,,,,,,,,24,,,,,,2,,,,,,,,,253,,,,,,9,,,,,,,,,,,,,,,,,,,,,,,,,,,,,,,,,,,3,油菜、柑橘,,,,,,,,,,,,,,,,,,,,,,,,,,,,,,,,,,,,,,,,,,,,,,1.0,,,,,,,,,,,,,,浙江,,,,,,,,,,,,,,,,,,,,,,,,,,,,,,,,,,,,,,,,,,,,,,,,,14.6,,,,,,,,,,,,,,,,,,,,1700,0.9,,,,,,,,,,,,,,,,,,,,,2015,,,,,
climate_factors_province_2000_2023,18.0,1650.0,,,,80,,2.5,,,,,,,,,,,,,,,,,,,,,,,,,,,,,,,,,,,,,,,,,,,,,,,,,,,,,,,,,,,,,,,,,24,,,,,,2,,,,,,,,,253,,,,,,11,,,,,,,,,,,,,,,,,,,,,,,,,,,,,,,,,,,3,油菜、柑橘,,,,,,,,,,,,,,,,,,,,,,,,,,,,,,,,,,,,,,,,,,,,,,11.1,,,,,,,,,,,,,,浙江,,,,,,,,,,,,,,,,,,,,,,,,,,,,,,,,,,,,,,,,,,,,,,,,,14.5,,,,,,,,,,,,,,,,,,,,1650,0.8,,,,,,,,,,,,,,,,,,,,,2016,,,,,
climate_factors_province_2000_2023,18.0,1530.0,,,,79,,2.5,,,,,,,,,,,,,,,,,,,,,,,,,,,,,,,,,,,,,,,,,,,,,,,,,,,,,,,,,,,,,,,,,24,,,,,,2,,,,,,,,,253,,,,,,10,,,,,,,,,,,,,,,,,,,,,,,,,,,,,,,,,,,3,油菜、柑橘,,,,,,,,,,,,,,,,,,,,,,,,,,,,,,,,,,,,,,,,,,,,,,-7.3,,,,,,,,,,,,,,浙江,,,,,,,,,,,,,,,,,,,,,,,,,,,,,,,,,,,,,,,,,,,,,,,,,14.5,,,,,,,,,,,,,,,,,,,,1680,0.8,,,,,,,,,,,,,,,,,,,,,2017,,,,,
climate_factors_province_2000_2023,17.7,1500.0,,,,78,,2.5,,,,,,,,,,,,,,,,,,,,,,,,,,,,,,,,,,,,,,,,,,,,,,,,,,,,,,,,,,,,,,,,,22,,,,,,1,,,,,,,,,252,,,,,,9,,,,,,,,,,,,,,,,,,,,,,,,,,,,,,,,,,,3,油菜、柑橘,,,,,,,,,,,,,,,,,,,,,,,,,,,,,,,,,,,,,,,,,,,,,,-2.0,,,,,,,,,,,,,,浙江,,,,,,,,,,,,,,,,,,,,,,,,,,,,,,,,,,,,,,,,,,,,,,,,,14.2,,,,,,,,,,,,,,,,,,,,1700,0.5,,,,,,,,,,,,,,,,,,,,,2018,,,,,
climate_factors_province_2000_2023,18.0,1950.3,,,,82,,2.5,,,,,,,,,,,,,,,,,,,,,,,,,,,,,,,,,,,,,,,,,,,,,,,,,,,,,,,,,,,,,,,,,24,,,,,,2,,,,,,,,,253,,,,,,14,,,,,,,,,,,,,,,,,,,,,,,,,,,,,,,,,,,3,油菜、柑橘,,,,,,,,,,,,,,,,,,,,,,,,,,,,,,,,,,,,,,,,,,,,,,30.0,,,,,,,,,,,,,,浙江,,,,,,,,,,,,,,,,,,,,,,,,,,,,,,,,,,,,,,,,,,,,,,,,,14.5,,,,,,,,,,,,,,,,,,,,1600,0.8,,,,,,,,,,,,,,,,,,,,,2019,,,,,
climate_factors_province_2000_2023,17.9,1701.0,,,,80,,2.5,,,,,,,,,,,,,,,,,,,,,,,,,,,,,,,,,,,,,,,,,,,,,,,,,,,,,,,,,,,,,,,,,23,,,,,,2,,,,,,,,,253,,,,,,11,,,,,,,,,,,,,,,,,,,,,,,,,,,,,,,,,,,3,油菜、柑橘,,,,,,,,,,,,,,,,,,,,,,,,,,,,,,,,,,,,,,,,,,,,,,-12.8,,,,,,,,,,,,,,浙江,,,,,,,,,,,,,,,,,,,,,,,,,,,,,,,,,,,,,,,,,,,,,,,,,14.4,,,,,,,,,,,,,,,,,,,,1640,0.7,,,,,,,,,,,,,,,,,,,,,2020,,,,,
climate_factors_province_2000_2023,18.2,1545.0,,,,79,,2.5,,,,,,,,,,,,,,,,,,,,,,,,,,,,,,,,,,,,,,,,,,,,,,,,,,,,,,,,,,,,,,,,,25,,,,,,2,,,,,,,,,254,,,,,,10,,,,,,,,,,,,,,,,,,,,,,,,,,,,,,,,,,,3,油菜、柑橘,,,,,,,,,,,,,,,,,,,,,,,,,,,,,,,,,,,,,,,,,,,,,,-9.2,,,,,,,,,,,,,,浙江,,,,,,,,,,,,,,,,,,,,,,,,,,,,,,,,,,,,,,,,,,,,,,,,,14.7,,,,,,,,,,,,,,,,,,,,1680,1.0,,,,,,,,,,,,,,,,,,,,,2021,,,,,
climate_factors_province_2000_2023,17.8,1425.0,,,,77,,2.5,,,,,,,,,,,,,,,,,,,,,,,,,,,,,,,,,,,,,,,,,,,,,,,,,,,,,,,,,,,,,,,,,23,,,,,,1,,,,,,,,,252,,,,,,9,,,,,,,,,,,,,,,,,,,,,,,,,,,,,,,,,,,3,油菜、柑橘,,,,,,,,,,,,,,,,,,,,,,,,,,,,,,,,,,,,,,,,,,,,,,-7.8,,,,,,,,,,,,,,浙江,,,,,,,,,,,,,,,,,,,,,,,,,,,,,,,,,,,,,,,,,,,,,,,,,14.3,,,,,,,,,,,,,,,,,,,,1740,0.6,,,,,,,,,,,,,,,,,,,,,2022,,,,,
climate_factors_province_2000_2023,18.0,1560.0,,,,78,,2.5,,,,,,,,,,,,,,,,,,,,,,,,,,,,,,,,,,,,,,,,,,,,,,,,,,,,,,,,,,,,,,,,,24,,,,,,2,,,,,,,,,253,,,,,,10,,,,,,,,,,,,,,,,,,,,,,,,,,,,,,,,,,,3,油菜、柑橘,,,,,,,,,,,,,,,,,,,,,,,,,,,,,,,,,,,,,,,,,,,,,,9.5,,,,,,,,,,,,,,浙江,,,,,,,,,,,,,,,,,,,,,,,,,,,,,,,,,,,,,,,,,,,,,,,,,14.5,,,,,,,,,,,,,,,,,,,,1680,0.8,,,,,,,,,,,,,,,,,,,,,2023,,,,,
climate_factors_province_2000_2023,19.2,1045.0,,,,77,,2.5,,,,,,,,,,,,,,,,,,,,,,,,,,,,,,,,,,,,,,,,,,,,,,,,,,,,,,,,,,,,,,,,,26,,,,,,1,,,,,,,,,258,,,,,,7,,,,,,,,,,,,,,,,,,,,,,,,,,,,,,,,,,,3,油菜、紫云英,,,,,,,,,,,,,,,,,,,,,,,,,,,,,,,,,,,,,,,,,,,,,,,,,,,,,,,,,,,,湖北,,,,,,,,,,,,,,,,,,,,,,,,,,,,,,,,,,,,,,,,,,,,,,,,,16.2,,,,,,,,,,,,,,,,,,,,1720,1.6,,,,,,,,,,,,,,,,,,,,,2000,,,,,
climate_factors_province_2000_2023,18.0,1067.0,,,,77,,2.5,,,,,,,,,,,,,,,,,,,,,,,,,,,,,,,,,,,,,,,,,,,,,,,,,,,,,,,,,,,,,,,,,22,,,,,,0,,,,,,,,,255,,,,,,7,,,,,,,,,,,,,,,,,,,,,,,,,,,,,,,,,,,3,油菜、紫云英,,,,,,,,,,,,,,,,,,,,,,,,,,,,,,,,,,,,,,,,,,,,,,2.1,,,,,,,,,,,,,,湖北,,,,,,,,,,,,,,,,,,,,,,,,,,,,,,,,,,,,,,,,,,,,,,,,,15.0,,,,,,,,,,,,,,,,,,,,1700,0.4,,,,,,,,,,,,,,,,,,,,,2001,,,,,
climate_factors_province_2000_2023,17.9,1089.0,,,,77,,2.5,,,,,,,,,,,,,,,,,,,,,,,,,,,,,,,,,,,,,,,,,,,,,,,,,,,,,,,,,,,,,,,,,22,,,,,,0,,,,,,,,,255,,,,,,7,,,,,,,,,,,,,,,,,,,,,,,,,,,,,,,,,,,3,油菜、紫云英,,,,,,,,,,,,,,,,,,,,,,,,,,,,,,,,,,,,,,,,,,,,,,2.1,,,,,,,,,,,,,,湖北,,,,,,,,,,,,,,,,,,,,,,,,,,,,,,,,,,,,,,,,,,,,,,,,,14.9,,,,,,,,,,,,,,,,,,,,1690,0.3,,,,,,,,,,,,,,,,,,,,,2002,,,,,
climate_factors_province_2000_2023,17.4,1045.0,,,,76,,2.5,,,,,,,,,,,,,,,,,,,,,,,,,,,,,,,,,,,,,,,,,,,,,,,,,,,,,,,,,,,,,,,,,21,,,,,,-1,,,,,,,,,253,,,,,,7,,,,,,,,,,,,,,,,,,,,,,,,,,,,,,,,,,,3,油菜、紫云英,,,,,,,,,,,,,,,,,,,,,,,,,,,,,,,,,,,,,,,,,,,,,,-4.0,,,,,,,,,,,,,,湖北,,,,,,,,,,,,,,,,,,,,,,,,,,,,,,,,,,,,,,,,,,,,,,,,,14.4,,,,,,,,,,,,,,,,,,,,1720,-0.2,,,,,,,,,,,,,,,,,,,,,2003,,,,,
climate_factors_province_2000_2023,18.3,1078.0,,,,77,,2.5,,,,,,,,,,,,,,,,,,,,,,,,,,,,,,,,,,,,,,,,,,,,,,,,,,,,,,,,,,,,,,,,,23,,,,,,1,,,,,,,,,256,,,,,,7,,,,,,,,,,,,,,,,,,,,,,,,,,,,,,,,,,,3,油菜、紫云英,,,,,,,,,,,,,,,,,,,,,,,,,,,,,,,,,,,,,,,,,,,,,,3.2,,,,,,,,,,,,,,湖北,,,,,,,,,,,,,,,,,,,,,,,,,,,,,,,,,,,,,,,,,,,,,,,,,15.3,,,,,,,,,,,,,,,,,,,,1700,0.7,,,,,,,,,,,,,,,,,,,,,2004,,,,,
climate_factors_province_2000_2023,17.8,1111.0,,,,77,,2.5,,,,,,,,,,,,,,,,,,,,,,,,,,,,,,,,,,,,,,,,,,,,,,,,,,,,,,,,,,,,,,,,,22,,,,,,0,,,,,,,,,255,,,,,,7,,,,,,,,,,,,,,,,,,,,,,,,,,,,,,,,,,,3,油菜、紫云英,,,,,,,,,,,,,,,,,,,,,,,,,,,,,,,,,,,,,,,,,,,,,,3.1,,,,,,,,,,,,,,湖北,,,,,,,,,,,,,,,,,,,,,,,,,,,,,,,,,,,,,,,,,,,,,,,,,14.8,,,,,,,,,,,,,,,,,,,,1680,0.2,,,,,,,,,,,,,,,,,,,,,2005,,,,,
climate_factors_province_2000_2023,18.3,1045.0,,,,76,,2.5,,,,,,,,,,,,,,,,,,,,,,,,,,,,,,,,,,,,,,,,,,,,,,,,,,,,,,,,,,,,,,,,,23,,,,,,1,,,,,,,,,256,,,,,,7,,,,,,,,,,,,,,,,,,,,,,,,,,,,,,,,,,,3,油菜、紫云英,,,,,,,,,,,,,,,,,,,,,,,,,,,,,,,,,,,,,,,,,,,,,,-5.9,,,,,,,,,,,,,,湖北,,,,,,,,,,,,,,,,,,,,,,,,,,,,,,,,,,,,,,,,,,,,,,,,,15.3,,,,,,,,,,,,,,,,,,,,1720,0.7,,,,,,,,,,,,,,,,,,,,,2006,,,,,
climate_factors_province_2000_2023,18.6,1078.0,,,,77,,2.5,,,,,,,,,,,,,,,,,,,,,,,,,,,,,,,,,,,,,,,,,,,,,,,,,,,,,,,,,,,,,,,,,24,,,,,,1,,,,,,,,,257,,,,,,7,,,,,,,,,,,,,,,,,,,,,,,,,,,,,,,,,,,3,油菜、紫云英,,,,,,,,,,,,,,,,,,,,,,,,,,,,,,,,,,,,,,,,,,,,,,3.2,,,,,,,,,,,,,,湖北,,,,,,,,,,,,,,,,,,,,,,,,,,,,,,,,,,,,,,,,,,,,,,,,,15.6,,,,,,,,,,,,,,,,,,,,1700,1.0,,,,,,,,,,,,,,,,,,,,,2007,,,,,
climate_factors_province_2000_2023,17.6,1133.0,,,,78,,2.5,,,,,,,,,,,,,,,,,,,,,,,,,,,,,,,,,,,,,,,,,,,,,,,,,,,,,,,,,,,,,,,,,21,,,,,,0,,,,,,,,,254,,,,,,8,,,,,,,,,,,,,,,,,,,,,,,,,,,,,,,,,,,3,油菜、紫云英,,,,,,,,,,,,,,,,,,,,,,,,,,,,,,,,,,,,,,,,,,,,,,5.1,,,,,,,,,,,,,,湖北,,,,,,,,,,,,,,,,,,,,,,,,,,,,,,,,,,,,,,,,,,,,,,,,,14.6,,,,,,,,,,,,,,,,,,,,1670,0.0,,,,,,,,,,,,,,,,,,,,,2008,,,,,
climate_factors_province_2000_2023,17.9,1100.0,,,,77,,2.5,,,,,,,,,,,,,,,,,,,,,,,,,,,,,,,,,,,,,,,,,,,,,,,,,,,,,,,,,,,,,,,,,22,,,,,,0,,,,,,,,,255,,,,,,7,,,,,,,,,,,,,,,,,,,,,,,,,,,,,,,,,,,3,油菜、紫云英,,,,,,,,,,,,,,,,,,,,,,,,,,,,,,,,,,,,,,,,,,,,,,-2.9,,,,,,,,,,,,,,湖北,,,,,,,,,,,,,,,,,,,,,,,,,,,,,,,,,,,,,,,,,,,,,,,,,14.9,,,,,,,,,,,,,,,,,,,,1690,0.3,,,,,,,,,,,,,,,,,,,,,2009,,,,,
climate_factors_province_2000_2023,16.6,1155.0,,,,79,,2.5,,,,,,,,,,,,,,,,,,,,,,,,,,,,,,,,,,,,,,,,,,,,,,,,,,,,,,,,,,,,,,,,,19,,,,,,-1,,,,,,,,,251,,,,,,8,,,,,,,,,,,,,,,,,,,,,,,,,,,,,,,,,,,3,油菜、紫云英,,,,,,,,,,,,,,,,,,,,,,,,,,,,,,,,,,,,,,,,,,,,,,5.0,,,,,,,,,,,,,,湖北,,,,,,,,,,,,,,,,,,,,,,,,,,,,,,,,,,,,,,,,,,,,,,,,,13.6,,,,,,,,,,,,,,,,,,,,1650,-1.0,,,,,,,,,,,,,,,,,,,,,2010,,,,,
climate_factors_province_2000_2023,18.1,1111.0,,,,77,,2.5,,,,,,,,,,,,,,,,,,,,,,,,,,,,,,,,,,,,,,,,,,,,,,,,,,,,,,,,,,,,,,,,,23,,,,,,1,,,,,,,,,256,,,,,,7,,,,,,,,,,,,,,,,,,,,,,,,,,,,,,,,,,,3,油菜、紫云英,,,,,,,,,,,,,,,,,,,,,,,,,,,,,,,,,,,,,,,,,,,,,,-3.8,,,,,,,,,,,,,,湖北,,,,,,,,,,,,,,,,,,,,,,,,,,,,,,,,,,,,,,,,,,,,,,,,,15.1,,,,,,,,,,,,,,,,,,,,1680,0.5,,,,,,,,,,,,,,,,,,,,,2011,,,,,
climate_factors_province_2000_2023,17.8,1100.0,,,,77,,2.5,,,,,,,,,,,,,,,,,,,,,,,,,,,,,,,,,,,,,,,,,,,,,,,,,,,,,,,,,,,,,,,,,22,,,,,,0,,,,,,,,,255,,,,,,7,,,,,,,,,,,,,,,,,,,,,,,,,,,,,,,,,,,3,油菜、紫云英,,,,,,,,,,,,,,,,,,,,,,,,,,,,,,,,,,,,,,,,,,,,,,-1.0,,,,,,,,,,,,,,湖北,,,,,,,,,,,,,,,,,,,,,,,,,,,,,,,,,,,,,,,,,,,,,,,,,14.8,,,,,,,,,,,,,,,,,,,,1690,0.2,,,,,,,,,,,,,,,,,,,,,2012,,,,,
climate_factors_province_2000_2023,18.2,1045.0,,,,76,,2.5,,,,,,,,,,,,,,,,,,,,,,,,,,,,,,,,,,,,,,,,,,,,,,,,,,,,,,,,,,,,,,,,,23,,,,,,1,,,,,,,,,256,,,,,,7,,,,,,,,,,,,,,,,,,,,,,,,,,,,,,,,,,,3,油菜、紫云英,,,,,,,,,,,,,,,,,,,,,,,,,,,,,,,,,,,,,,,,,,,,,,-5.0,,,,,,,,,,,,,,湖北,,,,,,,,,,,,,,,,,,,,,,,,,,,,,,,,,,,,,,,,,,,,,,,,,15.2,,,,,,,,,,,,,,,,,,,,1720,0.6,,,,,,,,,,,,,,,,,,,,,2013,,,,,
climate_factors_province_2000_2023,18.1,1089.0,,,,77,,2.5,,,,,,,,,,,,,,,,,,,,,,,,,,,,,,,,,,,,,,,,,,,,,,,,,,,,,,,,,,,,,,,,,23,,,,,,1,,,,,,,,,256,,,,,,7,,,,,,,,,,,,,,,,,,,,,,,,,,,,,,,,,,,3,油菜、紫云英,,,,,,,,,,,,,,,,,,,,,,,,,,,,,,,,,,,,,,,,,,,,,,4.2,,,,,,,,,,,,,,湖北,,,,,,,,,,,,,,,,,,,,,,,,,,,,,,,,,,,,,,,,,,,,,,,,,15.1,,,,,,,,,,,,,,,,,,,,1700,0.5,,,,,,,,,,,,,,,,,,,,,2014,,,,,
climate_factors_province_2000_2023,18.5,1100.0,,,,77,,2.5,,,,,,,,,,,,,,,,,,,,,,,,,,,,,,,,,,,,,,,,,,,,,,,,,,,,,,,,,,,,,,,,,25,,,,,,2,,,,,,,,,257,,,,,,7,,,,,,,,,,,,,,,,,,,,,,,,,,,,,,,,,,,3,油菜、紫云英,,,,,,,,,,,,,,,,,,,,,,,,,,,,,,,,,,,,,,,,,,,,,,1.0,,,,,,,,,,,,,,湖北,,,,,,,,,,,,,,,,,,,,,,,,,,,,,,,,,,,,,,,,,,,,,,,,,15.5,,,,,,,,,,,,,,,,,,,,1690,0.9,,,,,,,,,,,,,,,,,,,,,2015,,,,,
climate_factors_province_2000_2023,18.4,1210.0,,,,79,,2.5,,,,,,,,,,,,,,,,,,,,,,,,,,,,,,,,,,,,,,,,,,,,,,,,,,,,,,,,,,,,,,,,,24,,,,,,2,,,,,,,,,257,,,,,,9,,,,,,,,,,,,,,,,,,,,,,,,,,,,,,,,,,,3,油菜、紫云英,,,,,,,,,,,,,,,,,,,,,,,,,,,,,,,,,,,,,,,,,,,,,,10.0,,,,,,,,,,,,,,湖北,,,,,,,,,,,,,,,,,,,,,,,,,,,,,,,,,,,,,,,,,,,,,,,,,15.4,,,,,,,,,,,,,,,,,,,,1640,0.8,,,,,,,,,,,,,,,,,,,,,2016,,,,,
climate_factors_province_2000_2023,18.4,1133.0,,,,78,,2.5,,,,,,,,,,,,,,,,,,,,,,,,,,,,,,,,,,,,,,,,,,,,,,,,,,,,,,,,,,,,,,,,,24,,,,,,2,,,,,,,,,257,,,,,,8,,,,,,,,,,,,,,,,,,,,,,,,,,,,,,,,,,,3,油菜、紫云英,,,,,,,,,,,,,,,,,,,,,,,,,,,,,,,,,,,,,,,,,,,,,,-6.4,,,,,,,,,,,,,,湖北,,,,,,,,,,,,,,,,,,,,,,,,,,,,,,,,,,,,,,,,,,,,,,,,,15.4,,,,,,,,,,,,,,,,,,,,1670,0.8,,,,,,,,,,,,,,,,,,,,,2017,,,,,
climate_factors_province_2000_2023,18.1,1111.0,,,,77,,2.5,,,,,,,,,,,,,,,,,,,,,,,,,,,,,,,,,,,,,,,,,,,,,,,,,,,,,,,,,,,,,,,,,23,,,,,,1,,,,,,,,,256,,,,,,7,,,,,,,,,,,,,,,,,,,,,,,,,,,,,,,,,,,3,油菜、紫云英,,,,,,,,,,,,,,,,,,,,,,,,,,,,,,,,,,,,,,,,,,,,,,-1.9,,,,,,,,,,,,,,湖北,,,,,,,,,,,,,,,,,,,,,,,,,,,,,,,,,,,,,,,,,,,,,,,,,15.1,,,,,,,,,,,,,,,,,,,,1680,0.5,,,,,,,,,,,,,,,,,,,,,2018,,,,,
climate_factors_province_2000_2023,18.4,893.5,,,,74,,2.5,,,,,,,,,,,,,,,,,,,,,,,,,,,,,,,,,,,,,,,,,,,,,,,,,,,,,,,,,,,,,,,,,24,,,,,,2,,,,,,,,,257,,,,,,5,,,,,,,,,,,,,,,,,,,,,,,,,,,,,,,,,,,3,油菜、紫云英,,,,,,,,,,,,,,,,,,,,,,,,,,,,,,,,,,,,,,,,,,,,,,-19.6,,,,,,,,,,,,,,湖北,,,,,,,,,,,,,,,,,,,,,,,,,,,,,,,,,,,,,,,,,,,,,,,,,15.4,,,,,,,,,,,,,,,,,,,,1760,0.8,,,,,,,,,,,,,,,,,,,,,2019,,,,,
climate_factors_province_2000_2023,18.3,1642.6,,,,83,,2.5,,,,,,,,,,,,,,,,,,,,,,,,,,,,,,,,,,,,,,,,,,,,,,,,,,,,,,,,,,,,,,,,,23,,,,,,2,,,,,,,,,257,,,,,,12,,,,,,,,,,,,,,,,,,,,,,,,,,,,,,,,,,,3,油菜、紫云英,,,,,,,,,,,,,,,,,,,,,,,,,,,,,,,,,,,,,,,,,,,,,,83.8,,,,,,,,,,,,,,湖北,,,,,,,,,,,,,,,,,,,,,,,,,,,,,,,,,,,,,,,,,,,,,,,,,15.3,,,,,,,,,,,,,,,,,,,,1560,0.7,,,,,,,,,,,,,,,,,,,,,2020,,,,,
climate_factors_province_2000_2023,18.6,1133.0,,,,78,,2.5,,,,,,,,,,,,,,,,,,,,,,,,,,,,,,,,,,,,,,,,,,,,,,,,,,,,,,,,,,,,,,,,,25,,,,,,2,,,,,,,,,257,,,,,,8,,,,,,,,,,,,,,,,,,,,,,,,,,,,,,,,,,,3,油菜、紫云英,,,,,,,,,,,,,,,,,,,,,,,,,,,,,,,,,,,,,,,,,,,,,,-31.0,,,,,,,,,,,,,,湖北,,,,,,,,,,,,,,,,,,,,,,,,,,,,,,,,,,,,,,,,,,,,,,,,,15.6,,,,,,,,,,,,,,,,,,,,1670,1.0,,,,,,,,,,,,,,,,,,,,,2021,,,,,
climate_factors_province_2000_2023,18.2,1045.0,,,,76,,2.5,,,,,,,,,,,,,,,,,,,,,,,,,,,,,,,,,,,,,,,,,,,,,,,,,,,,,,,,,,,,,,,,,24,,,,,,1,,,,,,,,,256,,,,,,7,,,,,,,,,,,,,,,,,,,,,,,,,,,,,,,,,,,3,油菜、紫云英,,,,,,,,,,,,,,,,,,,,,,,,,,,,,,,,,,,,,,,,,,,,,,-7.8,,,,,,,,,,,,,,湖北,,,,,,,,,,,,,,,,,,,,,,,,,,,,,,,,,,,,,,,,,,,,,,,,,15.2,,,,,,,,,,,,,,,,,,,,1720,0.6,,,,,,,,,,,,,,,,,,,,,2022,,,,,
climate_factors_province_2000_2023,18.4,1155.0,,,,78,,2.5,,,,,,,,,,,,,,,,,,,,,,,,,,,,,,,,,,,,,,,,,,,,,,,,,,,,,,,,,,,,,,,,,24,,,,,,2,,,,,,,,,257,,,,,,8,,,,,,,,,,,,,,,,,,,,,,,,,,,,,,,,,,,3,油菜、紫云英,,,,,,,,,,,,,,,,,,,,,,,,,,,,,,,,,,,,,,,,,,,,,,10.5,,,,,,,,,,,,,,湖北,,,,,,,,,,,,,,,,,,,,,,,,,,,,,,,,,,,,,,,,,,,,,,,,,15.4,,,,,,,,,,,,,,,,,,,,1680,0.8,,,,,,,,,,,,,,,,,,,,,2023,,,,,
climate_factors_province_2000_2023,22.4,1710.0,,,,80,,2.5,,,,,,,,,,,,,,,,,,,,,,,,,,,,,,,,,,,,,,,,,,,,,,,,,,,,,,,,,,,,,,,,,29,,,,,,0,,,,,,,,,345,,,,,,14,,,,,,,,,,,,,,,,,,,,,,,,,,,,,,,,,,,3,荔枝、龙眼,,,,,,,,,,,,,,,,,,,,,,,,,,,,,,,,,,,,,,,,,,,,,,,,,,,,,,,,,,,,广东,,,,,,,,,,,,,,,,,,,,,,,,,,,,,,,,,,,,,,,,,,,,,,,,,19.4,,,,,,,,,,,,,,,,,,,,1780,-0.1,,,,,,,,,,,,,,,,,,,,,2000,,,,,
climate_factors_province_2000_2023,22.5,1746.0,,,,80,,2.5,,,,,,,,,,,,,,,,,,,,,,,,,,,,,,,,,,,,,,,,,,,,,,,,,,,,,,,,,,,,,,,,,29,,,,,,0,,,,,,,,,345,,,,,,14,,,,,,,,,,,,,,,,,,,,,,,,,,,,,,,,,,,3,荔枝、龙眼,,,,,,,,,,,,,,,,,,,,,,,,,,,,,,,,,,,,,,,,,,,,,,2.1,,,,,,,,,,,,,,广东,,,,,,,,,,,,,,,,,,,,,,,,,,,,,,,,,,,,,,,,,,,,,,,,,19.5,,,,,,,,,,,,,,,,,,,,1760,0.0,,,,,,,,,,,,,,,,,,,,,2001,,,,,
climate_factors_province_2000_2023,22.5,1782.0,,,,80,,2.5,,,,,,,,,,,,,,,,,,,,,,,,,,,,,,,,,,,,,,,,,,,,,,,,,,,,,,,,,,,,,,,,,29,,,,,,0,,,,,,,,,345,,,,,,14,,,,,,,,,,,,,,,,,,,,,,,,,,,,,,,,,,,3,荔枝、龙眼,,,,,,,,,,,,,,,,,,,,,,,,,,,,,,,,,,,,,,,,,,,,,,2.1,,,,,,,,,,,,,,广东,,,,,,,,,,,,,,,,,,,,,,,,,,,,,,,,,,,,,,,,,,,,,,,,,19.5,,,,,,,,,,,,,,,,,,,,1750,0.0,,,,,,,,,,,,,,,,,,,,,2002,,,,,
climate_factors_province_2000_2023,22.9,1620.0,,,,78,,2.5,,,,,,,,,,,,,,,,,,,,,,,,,,,,,,,,,,,,,,,,,,,,,,,,,,,,,,,,,,,,,,,,,31,,,,,,1,,,,,,,,,346,,,,,,12,,,,,,,,,,,,,,,,,,,,,,,,,,,,,,,,,,,3,荔枝、龙眼,,,,,,,,,,,,,,,,,,,,,,,,,,,,,,,,,,,,,,,,,,,,,,-9.1,,,,,,,,,,,,,,广东,,,,,,,,,,,,,,,,,,,,,,,,,,,,,,,,,,,,,,,,,,,,,,,,,19.9,,,,,,,,,,,,,,,,,,,,1820,0.4,,,,,,,,,,,,,,,,,,,,,2003,,,,,
climate_factors_province_2000_2023,22.9,1764.0,,,,80,,2.5,,,,,,,,,,,,,,,,,,,,,,,,,,,,,,,,,,,,,,,,,,,,,,,,,,,,,,,,,,,,,,,,,31,,,,,,1,,,,,,,,,346,,,,,,14,,,,,,,,,,,,,,,,,,,,,,,,,,,,,,,,,,,3,荔枝、龙眼,,,,,,,,,,,,,,,,,,,,,,,,,,,,,,,,,,,,,,,,,,,,,,8.9,,,,,,,,,,,,,,广东,,,,,,,,,,,,,,,,,,,,,,,,,,,,,,,,,,,,,,,,,,,,,,,,,19.9,,,,,,,,,,,,,,,,,,,,1770,0.4,,,,,,,,,,,,,,,,,,,,,2004,,,,,
climate_factors_province_2000_2023,22.8,1800.0,,,,80,,2.5,,,,,,,,,,,,,,,,,,,,,,,,,,,,,,,,,,,,,,,,,,,,,,,,,,,,,,,,,,,,,,,,,30,,,,,,1,,,,,,,,,346,,,,,,14,,,,,,,,,,,,,,,,,,,,,,,,,,,,,,,,,,,3,荔枝、龙眼,,,,,,,,,,,,,,,,,,,,,,,,,,,,,,,,,,,,,,,,,,,,,,2.0,,,,,,,,,,,,,,广东,,,,,,,,,,,,,,,,,,,,,,,,,,,,,,,,,,,,,,,,,,,,,,,,,19.8,,,,,,,,,,,,,,,,,,,,1750,0.3,,,,,,,,,,,,,,,,,,,,,2005,,,,,
climate_factors_province_2000_2023,23.2,1728.0,,,,79,,2.5,,,,,,,,,,,,,,,,,,,,,,,,,,,,,,,,,,,,,,,,,,,,,,,,,,,,,,,,,,,,,,,,,33,,,,,,1,,,,,,,,,347,,,,,,13,,,,,,,,,,,,,,,,,,,,,,,,,,,,,,,,,,,3,荔枝、龙眼,,,,,,,,,,,,,,,,,,,,,,,,,,,,,,,,,,,,,,,,,,,,,,-4.0,,,,,,,,,,,,,,广东,,,,,,,,,,,,,,,,,,,,,,,,,,,,,,,,,,,,,,,,,,,,,,,,,20.2,,,,,,,,,,,,,,,,,,,,1780,0.7,,,,,,,,,,,,,,,,,,,,,2006,,,,,
climate_factors_province_2000_2023,23.2,1764.0,,,,80,,2.5,,,,,,,,,,,,,,,,,,,,,,,,,,,,,,,,,,,,,,,,,,,,,,,,,,,,,,,,,,,,,,,,,33,,,,,,1,,,,,,,,,347,,,,,,14,,,,,,,,,,,,,,,,,,,,,,,,,,,,,,,,,,,3,荔枝、龙眼,,,,,,,,,,,,,,,,,,,,,,,,,,,,,,,,,,,,,,,,,,,,,,2.1,,,,,,,,,,,,,,广东,,,,,,,,,,,,,,,,,,,,,,,,,,,,,,,,,,,,,,,,,,,,,,,,,20.2,,,,,,,,,,,,,,,,,,,,1770,0.7,,,,,,,,,,,,,,,,,,,,,2007,,,,,
climate_factors_province_2000_2023,22.4,1836.0,,,,81,,2.5,,,,,,,,,,,,,,,,,,,,,,,,,,,,,,,,,,,,,,,,,,,,,,,,,,,,,,,,,,,,,,,,,29,,,,,,0,,,,,,,,,345,,,,,,15,,,,,,,,,,,,,,,,,,,,,,,,,,,,,,,,,,,3,荔枝、龙眼,,,,,,,,,,,,,,,,,,,,,,,,,,,,,,,,,,,,,,,,,,,,,,4.1,,,,,,,,,,,,,,广东,,,,,,,,,,,,,,,,,,,,,,,,,,,,,,,,,,,,,,,,,,,,,,,,,19.4,,,,,,,,,,,,,,,,,,,,1730,-0.1,,,,,,,,,,,,,,,,,,,,,2008,,,,,
climate_factors_province_2000_2023,23.0,1800.0,,,,80,,2.5,,,,,,,,,,,,,,,,,,,,,,,,,,,,,,,,,,,,,,,,,,,,,,,,,,,,,,,,,,,,,,,,,31,,,,,,1,,,,,,,,,346,,,,,,14,,,,,,,,,,,,,,,,,,,,,,,,,,,,,,,,,,,3,荔枝、龙眼,,,,,,,,,,,,,,,,,,,,,,,,,,,,,,,,,,,,,,,,,,,,,,-2.0,,,,,,,,,,,,,,广东,,,,,,,,,,,,,,,,,,,,,,,,,,,,,,,,,,,,,,,,,,,,,,,,,20.0,,,,,,,,,,,,,,,,,,,,1750,0.5,,,,,,,,,,,,,,,,,,,,,2009,,,,,
climate_factors_province_2000_2023,22.5,1872.0,,,,81,,2.5,,,,,,,,,,,,,,,,,,,,,,,,,,,,,,,,,,,,,,,,,,,,,,,,,,,,,,,,,,,,,,,,,29,,,,,,0,,,,,,,,,345,,,,,,15,,,,,,,,,,,,,,,,,,,,,,,,,,,,,,,,,,,3,荔枝、龙眼,,,,,,,,,,,,,,,,,,,,,,,,,,,,,,,,,,,,,,,,,,,,,,4.0,,,,,,,,,,,,,,广东,,,,,,,,,,,,,,,,,,,,,,,,,,,,,,,,,,,,,,,,,,,,,,,,,19.5,,,,,,,,,,,,,,,,,,,,1720,0.0,,,,,,,,,,,,,,,,,,,,,2010,,,,,
climate_factors_province_2000_2023,23.0,1818.0,,,,80,,2.5,,,,,,,,,,,,,,,,,,,,,,,,,,,,,,,,,,,,,,,,,,,,,,,,,,,,,,,,,,,,,,,,,31,,,,,,1,,,,,,,,,346,,,,,,14,,,,,,,,,,,,,,,,,,,,,,,,,,,,,,,,,,,3,荔枝、龙眼,,,,,,,,,,,,,,,,,,,,,,,,,,,,,,,,,,,,,,,,,,,,,,-2.9,,,,,,,,,,,,,,广东,,,,,,,,,,,,,,,,,,,,,,,,,,,,,,,,,,,,,,,,,,,,,,,,,20.0,,,,,,,,,,,,,,,,,,,,1740,0.5,,,,,,,,,,,,,,,,,,,,,2011,,,,,
climate_factors_province_2000_2023,22.7,1800.0,,,,80,,2.5,,,,,,,,,,,,,,,,,,,,,,,,,,,,,,,,,,,,,,,,,,,,,,,,,,,,,,,,,,,,,,,,,30,,,,,,1,,,,,,,,,345,,,,,,14,,,,,,,,,,,,,,,,,,,,,,,,,,,,,,,,,,,3,荔枝、龙眼,,,,,,,,,,,,,,,,,,,,,,,,,,,,,,,,,,,,,,,,,,,,,,-1.0,,,,,,,,,,,,,,广东,,,,,,,,,,,,,,,,,,,,,,,,,,,,,,,,,,,,,,,,,,,,,,,,,19.7,,,,,,,,,,,,,,,,,,,,1750,0.2,,,,,,,,,,,,,,,,,,,,,2012,,,,,
climate_factors_province_2000_2023,23.1,1620.0,,,,78,,2.5,,,,,,,,,,,,,,,,,,,,,,,,,,,,,,,,,,,,,,,,,,,,,,,,,,,,,,,,,,,,,,,,,32,,,,,,1,,,,,,,,,346,,,,,,12,,,,,,,,,,,,,,,,,,,,,,,,,,,,,,,,,,,3,荔枝、龙眼,,,,,,,,,,,,,,,,,,,,,,,,,,,,,,,,,,,,,,,,,,,,,,-10.0,,,,,,,,,,,,,,广东,,,,,,,,,,,,,,,,,,,,,,,,,,,,,,,,,,,,,,,,,,,,,,,,,20.1,,,,,,,,,,,,,,,,,,,,1820,0.6,,,,,,,,,,,,,,,,,,,,,2013,,,,,
climate_factors_province_2000_2023,23.0,1764.0,,,,80,,2.5,,,,,,,,,,,,,,,,,,,,,,,,,,,,,,,,,,,,,,,,,,,,,,,,,,,,,,,,,,,,,,,,,31,,,,,,1,,,,,,,,,346,,,,,,14,,,,,,,,,,,,,,,,,,,,,,,,,,,,,,,,,,,3,荔枝、龙眼,,,,,,,,,,,,,,,,,,,,,,,,,,,,,,,,,,,,,,,,,,,,,,8.9,,,,,,,,,,,,,,广东,,,,,,,,,,,,,,,,,,,,,,,,,,,,,,,,,,,,,,,,,,,,,,,,,20.0,,,,,,,,,,,,,,,,,,,,1770,0.5,,,,,,,,,,,,,,,,,,,,,2014,,,,,
climate_factors_province_2000_2023,23.4,1782.0,,,,80,,2.5,,,,,,,,,,,,,,,,,,,,,,,,,,,,,,,,,,,,,,,,,,,,,,,,,,,,,,,,,,,,,,,,,34,,,,,,2,,,,,,,,,347,,,,,,14,,,,,,,,,,,,,,,,,,,,,,,,,,,,,,,,,,,3,荔枝、龙眼,,,,,,,,,,,,,,,,,,,,,,,,,,,,,,,,,,,,,,,,,,,,,,1.0,,,,,,,,,,,,,,广东,,,,,,,,,,,,,,,,,,,,,,,,,,,,,,,,,,,,,,,,,,,,,,,,,20.4,,,,,,,,,,,,,,,,,,,,1760,0.9,,,,,,,,,,,,,,,,,,,,,2015,,,,,
climate_factors_province_2000_2023,23.3,1980.0,,,,82,,2.5,,,,,,,,,,,,,,,,,,,,,,,,,,,,,,,,,,,,,,,,,,,,,,,,,,,,,,,,,,,,,,,,,33,,,,,,2,,,,,,,,,347,,,,,,17,,,,,,,,,,,,,,,,,,,,,,,,,,,,,,,,,,,3,荔枝、龙眼,,,,,,,,,,,,,,,,,,,,,,,,,,,,,,,,,,,,,,,,,,,,,,11.1,,,,,,,,,,,,,,广东,,,,,,,,,,,,,,,,,,,,,,,,,,,,,,,,,,,,,,,,,,,,,,,,,20.3,,,,,,,,,,,,,,,,,,,,1700,0.8,,,,,,,,,,,,,,,,,,,,,2016,,,,,
climate_factors_province_2000_2023,23.3,1836.0,,,,81,,2.5,,,,,,,,,,,,,,,,,,,,,,,,,,,,,,,,,,,,,,,,,,,,,,,,,,,,,,,,,,,,,,,,,33,,,,,,2,,,,,,,,,347,,,,,,15,,,,,,,,,,,,,,,,,,,,,,,,,,,,,,,,,,,3,荔枝、龙眼,,,,,,,,,,,,,,,,,,,,,,,,,,,,,,,,,,,,,,,,,,,,,,-7.3,,,,,,,,,,,,,,广东,,,,,,,,,,,,,,,,,,,,,,,,,,,,,,,,,,,,,,,,,,,,,,,,,20.3,,,,,,,,,,,,,,,,,,,,1740,0.8,,,,,,,,,,,,,,,,,,,,,2017,,,,,
climate_factors_province_2000_2023,23.0,1800.0,,,,80,,2.5,,,,,,,,,,,,,,,,,,,,,,,,,,,,,,,,,,,,,,,,,,,,,,,,,,,,,,,,,,,,,,,,,31,,,,,,1,,,,,,,,,346,,,,,,14,,,,,,,,,,,,,,,,,,,,,,,,,,,,,,,,,,,3,荔枝、龙眼,,,,,,,,,,,,,,,,,,,,,,,,,,,,,,,,,,,,,,,,,,,,,,-2.0,,,,,,,,,,,,,,广东,,,,,,,,,,,,,,,,,,,,,,,,,,,,,,,,,,,,,,,,,,,,,,,,,20.0,,,,,,,,,,,,,,,,,,,,1750,0.5,,,,,,,,,,,,,,,,,,,,,2018,,,,,
climate_factors_province_2000_2023,23.4,1993.6,,,,82,,2.5,,,,,,,,,,,,,,,,,,,,,,,,,,,,,,,,,,,,,,,,,,,,,,,,,,,,,,,,,,,,,,,,,34,,,,,,2,,,,,,,,,347,,,,,,17,,,,,,,,,,,,,,,,,,,,,,,,,,,,,,,,,,,3,荔枝、龙眼,,,,,,,,,,,,,,,,,,,,,,,,,,,,,,,,,,,,,,,,,,,,,,10.8,,,,,,,,,,,,,,广东,,,,,,,,,,,,,,,,,,,,,,,,,,,,,,,,,,,,,,,,,,,,,,,,,20.4,,,,,,,,,,,,,,,,,,,,1690,0.9,,,,,,,,,,,,,,,,,,,,,2019,,,,,
climate_factors_province_2000_2023,23.2,1574.1,,,,78,,2.5,,,,,,,,,,,,,,,,,,,,,,,,,,,,,,,,,,,,,,,,,,,,,,,,,,,,,,,,,,,,,,,,,33,,,,,,2,,,,,,,,,347,,,,,,12,,,,,,,,,,,,,,,,,,,,,,,,,,,,,,,,,,,3,荔枝、龙眼,,,,,,,,,,,,,,,,,,,,,,,,,,,,,,,,,,,,,,,,,,,,,,-21.0,,,,,,,,,,,,,,广东,,,,,,,,,,,,,,,,,,,,,,,,,,,,,,,,,,,,,,,,,,,,,,,,,20.2,,,,,,,,,,,,,,,,,,,,1840,0.7,,,,,,,,,,,,,,,,,,,,,2020,,,,,
climate_factors_province_2000_2023,23.5,1818.0,,,,80,,2.5,,,,,,,,,,,,,,,,,,,,,,,,,,,,,,,,,,,,,,,,,,,,,,,,,,,,,,,,,,,,,,,,,35,,,,,,2,,,,,,,,,347,,,,,,14,,,,,,,,,,,,,,,,,,,,,,,,,,,,,,,,,,,3,荔枝、龙眼,,,,,,,,,,,,,,,,,,,,,,,,,,,,,,,,,,,,,,,,,,,,,,15.5,,,,,,,,,,,,,,广东,,,,,,,,,,,,,,,,,,,,,,,,,,,,,,,,,,,,,,,,,,,,,,,,,20.5,,,,,,,,,,,,,,,,,,,,1740,1.0,,,,,,,,,,,,,,,,,,,,,2021,,,,,
climate_factors_province_2000_2023,23.1,1710.0,,,,79,,2.5,,,,,,,,,,,,,,,,,,,,,,,,,,,,,,,,,,,,,,,,,,,,,,,,,,,,,,,,,,,,,,,,,32,,,,,,1,,,,,,,,,346,,,,,,13,,,,,,,,,,,,,,,,,,,,,,,,,,,,,,,,,,,3,荔枝、龙眼,,,,,,,,,,,,,,,,,,,,,,,,,,,,,,,,,,,,,,,,,,,,,,-5.9,,,,,,,,,,,,,,广东,,,,,,,,,,,,,,,,,,,,,,,,,,,,,,,,,,,,,,,,,,,,,,,,,20.1,,,,,,,,,,,,,,,,,,,,1800,0.6,,,,,,,,,,,,,,,,,,,,,2022,,,,,
climate_factors_province_2000_2023,23.3,1836.0,,,,80,,2.5,,,,,,,,,,,,,,,,,,,,,,,,,,,,,,,,,,,,,,,,,,,,,,,,,,,,,,,,,,,,,,,,,33,,,,,,2,,,,,,,,,347,,,,,,15,,,,,,,,,,,,,,,,,,,,,,,,,,,,,,,,,,,3,荔枝、龙眼,,,,,,,,,,,,,,,,,,,,,,,,,,,,,,,,,,,,,,,,,,,,,,7.4,,,,,,,,,,,,,,广东,,,,,,,,,,,,,,,,,,,,,,,,,,,,,,,,,,,,,,,,,,,,,,,,,20.3,,,,,,,,,,,,,,,,,,,,1750,0.8,,,,,,,,,,,,,,,,,,,,,2023,,,,,
climate_factors_province_2000_2023,16.3,997.5,,,,72,,2.0,,,,,,,,,,,,,,,,,,,,,,,,,,,,,,,,,,,,,,,,,,,,,,,,,,,,,,,,,,,,,,,,,5,,,,,,1,,,,,,,,,280,,,,,,5,,,,,,,,,,,,,,,,,,,,,,,,,,,,,,,,,,,2,油菜、野花,,,,,,,,,,,,,,,,,,,,,,,,,,,,,,,,,,,,,,,,,,,,,,,,,,,,,,,,,,,,云南,,,,,,,,,,,,,,,,,,,,,,,,,,,,,,,,,,,,,,,,,,,,,,,,,13.8,,,,,,,,,,,,,,,,,,,,2220,0.4,,,,,,,,,,,,,,,,,,,,,2000,,,,,
climate_factors_province_2000_2023,15.6,1029.0,,,,73,,2.0,,,,,,,,,,,,,,,,,,,,,,,,,,,,,,,,,,,,,,,,,,,,,,,,,,,,,,,,,,,,,,,,,4,,,,,,-1,,,,,,,,,278,,,,,,5,,,,,,,,,,,,,,,,,,,,,,,,,,,,,,,,,,,2,油菜、野花,,,,,,,,,,,,,,,,,,,,,,,,,,,,,,,,,,,,,,,,,,,,,,3.2,,,,,,,,,,,,,,云南,,,,,,,,,,,,,,,,,,,,,,,,,,,,,,,,,,,,,,,,,,,,,,,,,13.1,,,,,,,,,,,,,,,,,,,,2200,-0.3,,,,,,,,,,,,,,,,,,,,,2001,,,,,
climate_factors_province_2000_2023,16.0,1050.0,,,,72,,2.0,,,,,,,,,,,,,,,,,,,,,,,,,,,,,,,,,,,,,,,,,,,,,,,,,,,,,,,,,,,,,,,,,5,,,,,,0,,,,,,,,,279,,,,,,5,,,,,,,,,,,,,,,,,,,,,,,,,,,,,,,,,,,2,油菜、野花,,,,,,,,,,,,,,,,,,,,,,,,,,,,,,,,,,,,,,,,,,,,,,2.0,,,,,,,,,,,,,,云南,,,,,,,,,,,,,,,,,,,,,,,,,,,,,,,,,,,,,,,,,,,,,,,,,13.5,,,,,,,,,,,,,,,,,,,,2190,0.1,,,,,,,,,,,,,,,,,,,,,2002,,,,,
climate_factors_province_2000_2023,16.1,997.5,,,,71,,2.0,,,,,,,,,,,,,,,,,,,,,,,,,,,,,,,,,,,,,,,,,,,,,,,,,,,,,,,,,,,,,,,,,5,,,,,,0,,,,,,,,,279,,,,,,5,,,,,,,,,,,,,,,,,,,,,,,,,,,,,,,,,,,2,油菜、野花,,,,,,,,,,,,,,,,,,,,,,,,,,,,,,,,,,,,,,,,,,,,,,-5.0,,,,,,,,,,,,,,云南,,,,,,,,,,,,,,,,,,,,,,,,,,,,,,,,,,,,,,,,,,,,,,,,,13.6,,,,,,,,,,,,,,,,,,,,2220,0.2,,,,,,,,,,,,,,,,,,,,,2003,,,,,
climate_factors_province_2000_2023,16.4,1029.0,,,,72,,2.0,,,,,,,,,,,,,,,,,,,,,,,,,,,,,,,,,,,,,,,,,,,,,,,,,,,,,,,,,,,,,,,,,5,,,,,,0,,,,,,,,,280,,,,,,5,,,,,,,,,,,,,,,,,,,,,,,,,,,,,,,,,,,2,油菜、野花,,,,,,,,,,,,,,,,,,,,,,,,,,,,,,,,,,,,,,,,,,,,,,3.2,,,,,,,,,,,,,,云南,,,,,,,,,,,,,,,,,,,,,,,,,,,,,,,,,,,,,,,,,,,,,,,,,13.9,,,,,,,,,,,,,,,,,,,,2210,0.5,,,,,,,,,,,,,,,,,,,,,2004,,,,,
climate_factors_province_2000_2023,16.7,1050.0,,,,72,,2.0,,,,,,,,,,,,,,,,,,,,,,,,,,,,,,,,,,,,,,,,,,,,,,,,,,,,,,,,,,,,,,,,,6,,,,,,1,,,,,,,,,281,,,,,,5,,,,,,,,,,,,,,,,,,,,,,,,,,,,,,,,,,,2,油菜、野花,,,,,,,,,,,,,,,,,,,,,,,,,,,,,,,,,,,,,,,,,,,,,,2.0,,,,,,,,,,,,,,云南,,,,,,,,,,,,,,,,,,,,,,,,,,,,,,,,,,,,,,,,,,,,,,,,,14.2,,,,,,,,,,,,,,,,,,,,2190,0.8,,,,,,,,,,,,,,,,,,,,,2005,,,,,
climate_factors_province_2000_2023,16.4,997.5,,,,71,,2.0,,,,,,,,,,,,,,,,,,,,,,,,,,,,,,,,,,,,,,,,,,,,,,,,,,,,,,,,,,,,,,,,,5,,,,,,0,,,,,,,,,280,,,,,,5,,,,,,,,,,,,,,,,,,,,,,,,,,,,,,,,,,,2,油菜、野花,,,,,,,,,,,,,,,,,,,,,,,,,,,,,,,,,,,,,,,,,,,,,,-5.0,,,,,,,,,,,,,,云南,,,,,,,,,,,,,,,,,,,,,,,,,,,,,,,,,,,,,,,,,,,,,,,,,13.9,,,,,,,,,,,,,,,,,,,,2220,0.5,,,,,,,,,,,,,,,,,,,,,2006,,,,,
climate_factors_province_2000_2023,15.8,1029.0,,,,72,,2.0,,,,,,,,,,,,,,,,,,,,,,,,,,,,,,,,,,,,,,,,,,,,,,,,,,,,,,,,,,,,,,,,,4,,,,,,-1,,,,,,,,,278,,,,,,5,,,,,,,,,,,,,,,,,,,,,,,,,,,,,,,,,,,2,油菜、野花,,,,,,,,,,,,,,,,,,,,,,,,,,,,,,,,,,,,,,,,,,,,,,3.2,,,,,,,,,,,,,,云南,,,,,,,,,,,,,,,,,,,,,,,,,,,,,,,,,,,,,,,,,,,,,,,,,13.3,,,,,,,,,,,,,,,,,,,,2210,-0.1,,,,,,,,,,,,,,,,,,,,,2007,,,,,
climate_factors_province_2000_2023,15.4,1087.5,,,,73,,2.0,,,,,,,,,,,,,,,,,,,,,,,,,,,,,,,,,,,,,,,,,,,,,,,,,,,,,,,,,,,,,,,,,3,,,,,,-2,,,,,,,,,277,,,,,,6,,,,,,,,,,,,,,,,,,,,,,,,,,,,,,,,,,,2,油菜、野花,,,,,,,,,,,,,,,,,,,,,,,,,,,,,,,,,,,,,,,,,,,,,,5.7,,,,,,,,,,,,,,云南,,,,,,,,,,,,,,,,,,,,,,,,,,,,,,,,,,,,,,,,,,,,,,,,,12.9,,,,,,,,,,,,,,,,,,,,2170,-0.5,,,,,,,,,,,,,,,,,,,,,2008,,,,,
climate_factors_province_2000_2023,16.6,1008.0,,,,72,,2.0,,,,,,,,,,,,,,,,,,,,,,,,,,,,,,,,,,,,,,,,,,,,,,,,,,,,,,,,,,,,,,,,,6,,,,,,1,,,,,,,,,280,,,,,,5,,,,,,,,,,,,,,,,,,,,,,,,,,,,,,,,,,,2,油菜、野花,,,,,,,,,,,,,,,,,,,,,,,,,,,,,,,,,,,,,,,,,,,,,,-7.3,,,,,,,,,,,,,,云南,,,,,,,,,,,,,,,,,,,,,,,,,,,,,,,,,,,,,,,,,,,,,,,,,14.1,,,,,,,,,,,,,,,,,,,,2210,0.7,,,,,,,,,,,,,,,,,,,,,2009,,,,,
climate_factors_province_2000_2023,16.7,997.5,,,,71,,2.0,,,,,,,,,,,,,,,,,,,,,,,,,,,,,,,,,,,,,,,,,,,,,,,,,,,,,,,,,,,,,,,,,6,,,,,,1,,,,,,,,,281,,,,,,5,,,,,,,,,,,,,,,,,,,,,,,,,,,,,,,,,,,2,油菜、野花,,,,,,,,,,,,,,,,,,,,,,,,,,,,,,,,,,,,,,,,,,,,,,-1.0,,,,,,,,,,,,,,云南,,,,,,,,,,,,,,,,,,,,,,,,,,,,,,,,,,,,,,,,,,,,,,,,,14.2,,,,,,,,,,,,,,,,,,,,2220,0.8,,,,,,,,,,,,,,,,,,,,,2010,,,,,
climate_factors_province_2000_2023,16.4,1050.0,,,,72,,2.0,,,,,,,,,,,,,,,,,,,,,,,,,,,,,,,,,,,,,,,,,,,,,,,,,,,,,,,,,,,,,,,,,5,,,,,,0,,,,,,,,,280,,,,,,5,,,,,,,,,,,,,,,,,,,,,,,,,,,,,,,,,,,2,油菜、野花,,,,,,,,,,,,,,,,,,,,,,,,,,,,,,,,,,,,,,,,,,,,,,5.3,,,,,,,,,,,,,,云南,,,,,,,,,,,,,,,,,,,,,,,,,,,,,,,,,,,,,,,,,,,,,,,,,13.9,,,,,,,,,,,,,,,,,,,,2190,0.5,,,,,,,,,,,,,,,,,,,,,2011,,,,,
climate_factors_province_2000_2023,16.1,1050.0,,,,72,,2.0,,,,,,,,,,,,,,,,,,,,,,,,,,,,,,,,,,,,,,,,,,,,,,,,,,,,,,,,,,,,,,,,,5,,,,,,0,,,,,,,,,279,,,,,,5,,,,,,,,,,,,,,,,,,,,,,,,,,,,,,,,,,,2,油菜、野花,,,,,,,,,,,,,,,,,,,,,,,,,,,,,,,,,,,,,,,,,,,,,,0.0,,,,,,,,,,,,,,云南,,,,,,,,,,,,,,,,,,,,,,,,,,,,,,,,,,,,,,,,,,,,,,,,,13.6,,,,,,,,,,,,,,,,,,,,2190,0.2,,,,,,,,,,,,,,,,,,,,,2012,,,,,
climate_factors_province_2000_2023,16.5,1035.0,,,,72,,2.0,,,,,,,,,,,,,,,,,,,,,,,,,,,,,,,,,,,,,,,,,,,,,,,,,,,,,,,,,,,,,,,,,5,,,,,,1,,,,,,,,,280,,,,,,5,,,,,,,,,,,,,,,,,,,,,,,,,,,,,,,,,,,2,油菜、野花,,,,,,,,,,,,,,,,,,,,,,,,,,,,,,,,,,,,,,,,,,,,,,-1.4,,,,,,,,,,,,,,云南,,,,,,,,,,,,,,,,,,,,,,,,,,,,,,,,,,,,,,,,,,,,,,,,,14.0,,,,,,,,,,,,,,,,,,,,2200,0.6,,,,,,,,,,,,,,,,,,,,,2013,,,,,
climate_factors_province_2000_2023,16.4,1050.0,,,,72,,2.0,,,,,,,,,,,,,,,,,,,,,,,,,,,,,,,,,,,,,,,,,,,,,,,,,,,,,,,,,,,,,,,,,5,,,,,,0,,,,,,,,,280,,,,,,5,,,,,,,,,,,,,,,,,,,,,,,,,,,,,,,,,,,2,油菜、野花,,,,,,,,,,,,,,,,,,,,,,,,,,,,,,,,,,,,,,,,,,,,,,1.4,,,,,,,,,,,,,,云南,,,,,,,,,,,,,,,,,,,,,,,,,,,,,,,,,,,,,,,,,,,,,,,,,13.9,,,,,,,,,,,,,,,,,,,,2190,0.5,,,,,,,,,,,,,,,,,,,,,2014,,,,,
climate_factors_province_2000_2023,16.8,1071.0,,,,72,,2.0,,,,,,,,,,,,,,,,,,,,,,,,,,,,,,,,,,,,,,,,,,,,,,,,,,,,,,,,,,,,,,,,,6,,,,,,1,,,,,,,,,281,,,,,,5,,,,,,,,,,,,,,,,,,,,,,,,,,,,,,,,,,,2,油菜、野花,,,,,,,,,,,,,,,,,,,,,,,,,,,,,,,,,,,,,,,,,,,,,,2.0,,,,,,,,,,,,,,云南,,,,,,,,,,,,,,,,,,,,,,,,,,,,,,,,,,,,,,,,,,,,,,,,,14.3,,,,,,,,,,,,,,,,,,,,2180,0.9,,,,,,,,,,,,,,,,,,,,,2015,,,,,
climate_factors_province_2000_2023,16.7,1155.0,,,,74,,2.0,,,,,,,,,,,,,,,,,,,,,,,,,,,,,,,,,,,,,,,,,,,,,,,,,,,,,,,,,,,,,,,,,6,,,,,,1,,,,,,,,,281,,,,,,6,,,,,,,,,,,,,,,,,,,,,,,,,,,,,,,,,,,2,油菜、野花,,,,,,,,,,,,,,,,,,,,,,,,,,,,,,,,,,,,,,,,,,,,,,7.8,,,,,,,,,,,,,,云南,,,,,,,,,,,,,,,,,,,,,,,,,,,,,,,,,,,,,,,,,,,,,,,,,14.2,,,,,,,,,,,,,,,,,,,,2150,0.8,,,,,,,,,,,,,,,,,,,,,2016,,,,,
climate_factors_province_2000_2023,16.7,1071.0,,,,72,,2.0,,,,,,,,,,,,,,,,,,,,,,,,,,,,,,,,,,,,,,,,,,,,,,,,,,,,,,,,,,,,,,,,,6,,,,,,1,,,,,,,,,281,,,,,,5,,,,,,,,,,,,,,,,,,,,,,,,,,,,,,,,,,,2,油菜、野花,,,,,,,,,,,,,,,,,,,,,,,,,,,,,,,,,,,,,,,,,,,,,,-7.3,,,,,,,,,,,,,,云南,,,,,,,,,,,,,,,,,,,,,,,,,,,,,,,,,,,,,,,,,,,,,,,,,14.2,,,,,,,,,,,,,,,,,,,,2180,0.8,,,,,,,,,,,,,,,,,,,,,2017,,,,,
climate_factors_province_2000_2023,16.4,1071.0,,,,72,,2.0,,,,,,,,,,,,,,,,,,,,,,,,,,,,,,,,,,,,,,,,,,,,,,,,,,,,,,,,,,,,,,,,,5,,,,,,0,,,,,,,,,280,,,,,,5,,,,,,,,,,,,,,,,,,,,,,,,,,,,,,,,,,,2,油菜、野花,,,,,,,,,,,,,,,,,,,,,,,,,,,,,,,,,,,,,,,,,,,,,,0.0,,,,,,,,,,,,,,云南,,,,,,,,,,,,,,,,,,,,,,,,,,,,,,,,,,,,,,,,,,,,,,,,,13.9,,,,,,,,,,,,,,,,,,,,2180,0.5,,,,,,,,,,,,,,,,,,,,,2018,,,,,
climate_factors_province_2000_2023,16.7,1008.0,,,,72,,2.0,,,,,,,,,,,,,,,,,,,,,,,,,,,,,,,,,,,,,,,,,,,,,,,,,,,,,,,,,,,,,,,,,6,,,,,,1,,,,,,,,,281,,,,,,5,,,,,,,,,,,,,,,,,,,,,,,,,,,,,,,,,,,2,油菜、野花,,,,,,,,,,,,,,,,,,,,,,,,,,,,,,,,,,,,,,,,,,,,,,-5.9,,,,,,,,,,,,,,云南,,,,,,,,,,,,,,,,,,,,,,,,,,,,,,,,,,,,,,,,,,,,,,,,,14.2,,,,,,,,,,,,,,,,,,,,2210,0.8,,,,,,,,,,,,,,,,,,,,,2019,,,,,
climate_factors_province_2000_2023,16.6,1157.2,,,,74,,2.0,,,,,,,,,,,,,,,,,,,,,,,,,,,,,,,,,,,,,,,,,,,,,,,,,,,,,,,,,,,,,,,,,6,,,,,,1,,,,,,,,,280,,,,,,6,,,,,,,,,,,,,,,,,,,,,,,,,,,,,,,,,,,2,油菜、野花,,,,,,,,,,,,,,,,,,,,,,,,,,,,,,,,,,,,,,,,,,,,,,14.8,,,,,,,,,,,,,,云南,,,,,,,,,,,,,,,,,,,,,,,,,,,,,,,,,,,,,,,,,,,,,,,,,14.1,,,,,,,,,,,,,,,,,,,,2150,0.7,,,,,,,,,,,,,,,,,,,,,2020,,,,,
climate_factors_province_2000_2023,16.9,1071.0,,,,72,,2.0,,,,,,,,,,,,,,,,,,,,,,,,,,,,,,,,,,,,,,,,,,,,,,,,,,,,,,,,,,,,,,,,,7,,,,,,2,,,,,,,,,281,,,,,,5,,,,,,,,,,,,,,,,,,,,,,,,,,,,,,,,,,,2,油菜、野花,,,,,,,,,,,,,,,,,,,,,,,,,,,,,,,,,,,,,,,,,,,,,,-7.4,,,,,,,,,,,,,,云南,,,,,,,,,,,,,,,,,,,,,,,,,,,,,,,,,,,,,,,,,,,,,,,,,14.4,,,,,,,,,,,,,,,,,,,,2180,1.0,,,,,,,,,,,,,,,,,,,,,2021,,,,,
climate_factors_province_2000_2023,16.6,997.5,,,,71,,2.0,,,,,,,,,,,,,,,,,,,,,,,,,,,,,,,,,,,,,,,,,,,,,,,,,,,,,,,,,,,,,,,,,6,,,,,,1,,,,,,,,,280,,,,,,5,,,,,,,,,,,,,,,,,,,,,,,,,,,,,,,,,,,2,油菜、野花,,,,,,,,,,,,,,,,,,,,,,,,,,,,,,,,,,,,,,,,,,,,,,-6.9,,,,,,,,,,,,,,云南,,,,,,,,,,,,,,,,,,,,,,,,,,,,,,,,,,,,,,,,,,,,,,,,,14.1,,,,,,,,,,,,,,,,,,,,2220,0.7,,,,,,,,,,,,,,,,,,,,,2022,,,,,
climate_factors_province_2000_2023,16.7,1071.0,,,,72,,2.0,,,,,,,,,,,,,,,,,,,,,,,,,,,,,,,,,,,,,,,,,,,,,,,,,,,,,,,,,,,,,,,,,6,,,,,,1,,,,,,,,,281,,,,,,5,,,,,,,,,,,,,,,,,,,,,,,,,,,,,,,,,,,2,油菜、野花,,,,,,,,,,,,,,,,,,,,,,,,,,,,,,,,,,,,,,,,,,,,,,7.4,,,,,,,,,,,,,,云南,,,,,,,,,,,,,,,,,,,,,,,,,,,,,,,,,,,,,,,,,,,,,,,,,14.2,,,,,,,,,,,,,,,,,,,,2180,0.8,,,,,,,,,,,,,,,,,,,,,2023,,,,,
climate_factors_province_2000_2023,17.9,1567.5,,,,80,,2.5,,,,,,,,,,,,,,,,,,,,,,,,,,,,,,,,,,,,,,,,,,,,,,,,,,,,,,,,,,,,,,,,,24,,,,,,0,,,,,,,,,270,,,,,,10,,,,,,,,,,,,,,,,,,,,,,,,,,,,,,,,,,,3,油菜、紫云英,,,,,,,,,,,,,,,,,,,,,,,,,,,,,,,,,,,,,,,,,,,,,,,,,,,,,,,,,,,,江西,,,,,,,,,,,,,,,,,,,,,,,,,,,,,,,,,,,,,,,,,,,,,,,,,14.4,,,,,,,,,,,,,,,,,,,,1720,0.0,,,,,,,,,,,,,,,,,,,,,2000,,,,,
climate_factors_province_2000_2023,18.2,1600.5,,,,80,,2.5,,,,,,,,,,,,,,,,,,,,,,,,,,,,,,,,,,,,,,,,,,,,,,,,,,,,,,,,,,,,,,,,,25,,,,,,1,,,,,,,,,271,,,,,,10,,,,,,,,,,,,,,,,,,,,,,,,,,,,,,,,,,,3,油菜、紫云英,,,,,,,,,,,,,,,,,,,,,,,,,,,,,,,,,,,,,,,,,,,,,,2.1,,,,,,,,,,,,,,江西,,,,,,,,,,,,,,,,,,,,,,,,,,,,,,,,,,,,,,,,,,,,,,,,,14.7,,,,,,,,,,,,,,,,,,,,1710,0.3,,,,,,,,,,,,,,,,,,,,,2001,,,,,
climate_factors_province_2000_2023,18.3,1633.5,,,,80,,2.5,,,,,,,,,,,,,,,,,,,,,,,,,,,,,,,,,,,,,,,,,,,,,,,,,,,,,,,,,,,,,,,,,25,,,,,,1,,,,,,,,,271,,,,,,10,,,,,,,,,,,,,,,,,,,,,,,,,,,,,,,,,,,3,油菜、紫云英,,,,,,,,,,,,,,,,,,,,,,,,,,,,,,,,,,,,,,,,,,,,,,2.1,,,,,,,,,,,,,,江西,,,,,,,,,,,,,,,,,,,,,,,,,,,,,,,,,,,,,,,,,,,,,,,,,14.8,,,,,,,,,,,,,,,,,,,,1700,0.4,,,,,,,,,,,,,,,,,,,,,2002,,,,,
climate_factors_province_2000_2023,18.5,1485.0,,,,78,,2.5,,,,,,,,,,,,,,,,,,,,,,,,,,,,,,,,,,,,,,,,,,,,,,,,,,,,,,,,,,,,,,,,,26,,,,,,2,,,,,,,,,272,,,,,,9,,,,,,,,,,,,,,,,,,,,,,,,,,,,,,,,,,,3,油菜、紫云英,,,,,,,,,,,,,,,,,,,,,,,,,,,,,,,,,,,,,,,,,,,,,,-9.1,,,,,,,,,,,,,,江西,,,,,,,,,,,,,,,,,,,,,,,,,,,,,,,,,,,,,,,,,,,,,,,,,15.0,,,,,,,,,,,,,,,,,,,,1760,0.6,,,,,,,,,,,,,,,,,,,,,2003,,,,,
climate_factors_province_2000_2023,18.8,1617.0,,,,80,,2.5,,,,,,,,,,,,,,,,,,,,,,,,,,,,,,,,,,,,,,,,,,,,,,,,,,,,,,,,,,,,,,,,,27,,,,,,2,,,,,,,,,273,,,,,,10,,,,,,,,,,,,,,,,,,,,,,,,,,,,,,,,,,,3,油菜、紫云英,,,,,,,,,,,,,,,,,,,,,,,,,,,,,,,,,,,,,,,,,,,,,,8.9,,,,,,,,,,,,,,江西,,,,,,,,,,,,,,,,,,,,,,,,,,,,,,,,,,,,,,,,,,,,,,,,,15.3,,,,,,,,,,,,,,,,,,,,1710,0.9,,,,,,,,,,,,,,,,,,,,,2004,,,,,
climate_factors_province_2000_2023,18.2,1650.0,,,,81,,2.5,,,,,,,,,,,,,,,,,,,,,,,,,,,,,,,,,,,,,,,,,,,,,,,,,,,,,,,,,,,,,,,,,25,,,,,,1,,,,,,,,,271,,,,,,10,,,,,,,,,,,,,,,,,,,,,,,,,,,,,,,,,,,3,油菜、紫云英,,,,,,,,,,,,,,,,,,,,,,,,,,,,,,,,,,,,,,,,,,,,,,2.0,,,,,,,,,,,,,,江西,,,,,,,,,,,,,,,,,,,,,,,,,,,,,,,,,,,,,,,,,,,,,,,,,14.7,,,,,,,,,,,,,,,,,,,,1690,0.3,,,,,,,,,,,,,,,,,,,,,2005,,,,,
climate_factors_province_2000_2023,18.6,1584.0,,,,80,,2.5,,,,,,,,,,,,,,,,,,,,,,,,,,,,,,,,,,,,,,,,,,,,,,,,,,,,,,,,,,,,,,,,,26,,,,,,2,,,,,,,,,272,,,,,,10,,,,,,,,,,,,,,,,,,,,,,,,,,,,,,,,,,,3,油菜、紫云英,,,,,,,,,,,,,,,,,,,,,,,,,,,,,,,,,,,,,,,,,,,,,,-4.0,,,,,,,,,,,,,,江西,,,,,,,,,,,,,,,,,,,,,,,,,,,,,,,,,,,,,,,,,,,,,,,,,15.1,,,,,,,,,,,,,,,,,,,,1720,0.7,,,,,,,,,,,,,,,,,,,,,2006,,,,,
climate_factors_province_2000_2023,19.2,1617.0,,,,80,,2.5,,,,,,,,,,,,,,,,,,,,,,,,,,,,,,,,,,,,,,,,,,,,,,,,,,,,,,,,,,,,,,,,,29,,,,,,3,,,,,,,,,274,,,,,,10,,,,,,,,,,,,,,,,,,,,,,,,,,,,,,,,,,,3,油菜、紫云英,,,,,,,,,,,,,,,,,,,,,,,,,,,,,,,,,,,,,,,,,,,,,,2.1,,,,,,,,,,,,,,江西,,,,,,,,,,,,,,,,,,,,,,,,,,,,,,,,,,,,,,,,,,,,,,,,,15.7,,,,,,,,,,,,,,,,,,,,1710,1.3,,,,,,,,,,,,,,,,,,,,,2007,,,,,
climate_factors_province_2000_2023,18.5,1683.0,,,,81,,2.5,,,,,,,,,,,,,,,,,,,,,,,,,,,,,,,,,,,,,,,,,,,,,,,,,,,,,,,,,,,,,,,,,26,,,,,,2,,,,,,,,,272,,,,,,11,,,,,,,,,,,,,,,,,,,,,,,,,,,,,,,,,,,3,油菜、紫云英,,,,,,,,,,,,,,,,,,,,,,,,,,,,,,,,,,,,,,,,,,,,,,4.1,,,,,,,,,,,,,,江西,,,,,,,,,,,,,,,,,,,,,,,,,,,,,,,,,,,,,,,,,,,,,,,,,15.0,,,,,,,,,,,,,,,,,,,,1670,0.6,,,,,,,,,,,,,,,,,,,,,2008,,,,,
climate_factors_province_2000_2023,18.8,1650.0,,,,80,,2.5,,,,,,,,,,,,,,,,,,,,,,,,,,,,,,,,,,,,,,,,,,,,,,,,,,,,,,,,,,,,,,,,,27,,,,,,2,,,,,,,,,273,,,,,,10,,,,,,,,,,,,,,,,,,,,,,,,,,,,,,,,,,,3,油菜、紫云英,,,,,,,,,,,,,,,,,,,,,,,,,,,,,,,,,,,,,,,,,,,,,,-2.0,,,,,,,,,,,,,,江西,,,,,,,,,,,,,,,,,,,,,,,,,,,,,,,,,,,,,,,,,,,,,,,,,15.3,,,,,,,,,,,,,,,,,,,,1690,0.9,,,,,,,,,,,,,,,,,,,,,2009,,,,,
climate_factors_province_2000_2023,18.5,1716.0,,,,81,,2.5,,,,,,,,,,,,,,,,,,,,,,,,,,,,,,,,,,,,,,,,,,,,,,,,,,,,,,,,,,,,,,,,,26,,,,,,2,,,,,,,,,272,,,,,,11,,,,,,,,,,,,,,,,,,,,,,,,,,,,,,,,,,,3,油菜、紫云英,,,,,,,,,,,,,,,,,,,,,,,,,,,,,,,,,,,,,,,,,,,,,,4.0,,,,,,,,,,,,,,江西,,,,,,,,,,,,,,,,,,,,,,,,,,,,,,,,,,,,,,,,,,,,,,,,,15.0,,,,,,,,,,,,,,,,,,,,1660,0.6,,,,,,,,,,,,,,,,,,,,,2010,,,,,
climate_factors_province_2000_2023,18.7,1666.5,,,,80,,2.5,,,,,,,,,,,,,,,,,,,,,,,,,,,,,,,,,,,,,,,,,,,,,,,,,,,,,,,,,,,,,,,,,27,,,,,,1,,,,,,,,,273,,,,,,11,,,,,,,,,,,,,,,,,,,,,,,,,,,,,,,,,,,3,油菜、紫云英,,,,,,,,,,,,,,,,,,,,,,,,,,,,,,,,,,,,,,,,,,,,,,-2.9,,,,,,,,,,,,,,江西,,,,,,,,,,,,,,,,,,,,,,,,,,,,,,,,,,,,,,,,,,,,,,,,,15.2,,,,,,,,,,,,,,,,,,,,1680,0.5,,,,,,,,,,,,,,,,,,,,,2011,,,,,
climate_factors_province_2000_2023,18.4,1650.0,,,,80,,2.5,,,,,,,,,,,,,,,,,,,,,,,,,,,,,,,,,,,,,,,,,,,,,,,,,,,,,,,,,,,,,,,,,26,,,,,,1,,,,,,,,,272,,,,,,10,,,,,,,,,,,,,,,,,,,,,,,,,,,,,,,,,,,3,油菜、紫云英,,,,,,,,,,,,,,,,,,,,,,,,,,,,,,,,,,,,,,,,,,,,,,-1.0,,,,,,,,,,,,,,江西,,,,,,,,,,,,,,,,,,,,,,,,,,,,,,,,,,,,,,,,,,,,,,,,,14.9,,,,,,,,,,,,,,,,,,,,1690,0.2,,,,,,,,,,,,,,,,,,,,,2012,,,,,
climate_factors_province_2000_2023,18.8,1485.0,,,,78,,2.5,,,,,,,,,,,,,,,,,,,,,,,,,,,,,,,,,,,,,,,,,,,,,,,,,,,,,,,,,,,,,,,,,27,,,,,,2,,,,,,,,,273,,,,,,9,,,,,,,,,,,,,,,,,,,,,,,,,,,,,,,,,,,3,油菜、紫云英,,,,,,,,,,,,,,,,,,,,,,,,,,,,,,,,,,,,,,,,,,,,,,-10.0,,,,,,,,,,,,,,江西,,,,,,,,,,,,,,,,,,,,,,,,,,,,,,,,,,,,,,,,,,,,,,,,,15.3,,,,,,,,,,,,,,,,,,,,1760,0.6,,,,,,,,,,,,,,,,,,,,,2013,,,,,
climate_factors_province_2000_2023,18.7,1617.0,,,,80,,2.5,,,,,,,,,,,,,,,,,,,,,,,,,,,,,,,,,,,,,,,,,,,,,,,,,,,,,,,,,,,,,,,,,27,,,,,,1,,,,,,,,,273,,,,,,10,,,,,,,,,,,,,,,,,,,,,,,,,,,,,,,,,,,3,油菜、紫云英,,,,,,,,,,,,,,,,,,,,,,,,,,,,,,,,,,,,,,,,,,,,,,8.9,,,,,,,,,,,,,,江西,,,,,,,,,,,,,,,,,,,,,,,,,,,,,,,,,,,,,,,,,,,,,,,,,15.2,,,,,,,,,,,,,,,,,,,,1710,0.5,,,,,,,,,,,,,,,,,,,,,2014,,,,,
climate_factors_province_2000_2023,19.1,1650.0,,,,80,,2.5,,,,,,,,,,,,,,,,,,,,,,,,,,,,,,,,,,,,,,,,,,,,,,,,,,,,,,,,,,,,,,,,,29,,,,,,2,,,,,,,,,274,,,,,,10,,,,,,,,,,,,,,,,,,,,,,,,,,,,,,,,,,,3,油菜、紫云英,,,,,,,,,,,,,,,,,,,,,,,,,,,,,,,,,,,,,,,,,,,,,,2.0,,,,,,,,,,,,,,江西,,,,,,,,,,,,,,,,,,,,,,,,,,,,,,,,,,,,,,,,,,,,,,,,,15.6,,,,,,,,,,,,,,,,,,,,1690,0.9,,,,,,,,,,,,,,,,,,,,,2015,,,,,
climate_factors_province_2000_2023,19.0,1815.0,,,,82,,2.5,,,,,,,,,,,,,,,,,,,,,,,,,,,,,,,,,,,,,,,,,,,,,,,,,,,,,,,,,,,,,,,,,28,,,,,,2,,,,,,,,,274,,,,,,12,,,,,,,,,,,,,,,,,,,,,,,,,,,,,,,,,,,3,油菜、紫云英,,,,,,,,,,,,,,,,,,,,,,,,,,,,,,,,,,,,,,,,,,,,,,10.0,,,,,,,,,,,,,,江西,,,,,,,,,,,,,,,,,,,,,,,,,,,,,,,,,,,,,,,,,,,,,,,,,15.5,,,,,,,,,,,,,,,,,,,,1640,0.8,,,,,,,,,,,,,,,,,,,,,2016,,,,,
climate_factors_province_2000_2023,19.0,1683.0,,,,80,,2.5,,,,,,,,,,,,,,,,,,,,,,,,,,,,,,,,,,,,,,,,,,,,,,,,,,,,,,,,,,,,,,,,,28,,,,,,2,,,,,,,,,274,,,,,,11,,,,,,,,,,,,,,,,,,,,,,,,,,,,,,,,,,,3,油菜、紫云英,,,,,,,,,,,,,,,,,,,,,,,,,,,,,,,,,,,,,,,,,,,,,,-7.3,,,,,,,,,,,,,,江西,,,,,,,,,,,,,,,,,,,,,,,,,,,,,,,,,,,,,,,,,,,,,,,,,15.5,,,,,,,,,,,,,,,,,,,,1680,0.8,,,,,,,,,,,,,,,,,,,,,2017,,,,,
climate_factors_province_2000_2023,18.7,1650.0,,,,80,,2.5,,,,,,,,,,,,,,,,,,,,,,,,,,,,,,,,,,,,,,,,,,,,,,,,,,,,,,,,,,,,,,,,,27,,,,,,1,,,,,,,,,273,,,,,,10,,,,,,,,,,,,,,,,,,,,,,,,,,,,,,,,,,,3,油菜、紫云英,,,,,,,,,,,,,,,,,,,,,,,,,,,,,,,,,,,,,,,,,,,,,,-2.0,,,,,,,,,,,,,,江西,,,,,,,,,,,,,,,,,,,,,,,,,,,,,,,,,,,,,,,,,,,,,,,,,15.2,,,,,,,,,,,,,,,,,,,,1690,0.5,,,,,,,,,,,,,,,,,,,,,2018,,,,,
climate_factors_province_2000_2023,19.0,1732.0,,,,81,,2.5,,,,,,,,,,,,,,,,,,,,,,,,,,,,,,,,,,,,,,,,,,,,,,,,,,,,,,,,,,,,,,,,,28,,,,,,2,,,,,,,,,274,,,,,,11,,,,,,,,,,,,,,,,,,,,,,,,,,,,,,,,,,,3,油菜、紫云英,,,,,,,,,,,,,,,,,,,,,,,,,,,,,,,,,,,,,,,,,,,,,,5.0,,,,,,,,,,,,,,江西,,,,,,,,,,,,,,,,,,,,,,,,,,,,,,,,,,,,,,,,,,,,,,,,,15.5,,,,,,,,,,,,,,,,,,,,1670,0.8,,,,,,,,,,,,,,,,,,,,,2019,,,,,
climate_factors_province_2000_2023,18.9,1836.6,,,,82,,2.5,,,,,,,,,,,,,,,,,,,,,,,,,,,,,,,,,,,,,,,,,,,,,,,,,,,,,,,,,,,,,,,,,28,,,,,,2,,,,,,,,,274,,,,,,12,,,,,,,,,,,,,,,,,,,,,,,,,,,,,,,,,,,3,油菜、紫云英,,,,,,,,,,,,,,,,,,,,,,,,,,,,,,,,,,,,,,,,,,,,,,6.0,,,,,,,,,,,,,,江西,,,,,,,,,,,,,,,,,,,,,,,,,,,,,,,,,,,,,,,,,,,,,,,,,15.4,,,,,,,,,,,,,,,,,,,,1630,0.7,,,,,,,,,,,,,,,,,,,,,2020,,,,,
climate_factors_province_2000_2023,19.2,1683.0,,,,80,,2.5,,,,,,,,,,,,,,,,,,,,,,,,,,,,,,,,,,,,,,,,,,,,,,,,,,,,,,,,,,,,,,,,,30,,,,,,2,,,,,,,,,274,,,,,,11,,,,,,,,,,,,,,,,,,,,,,,,,,,,,,,,,,,3,油菜、紫云英,,,,,,,,,,,,,,,,,,,,,,,,,,,,,,,,,,,,,,,,,,,,,,-8.4,,,,,,,,,,,,,,江西,,,,,,,,,,,,,,,,,,,,,,,,,,,,,,,,,,,,,,,,,,,,,,,,,15.7,,,,,,,,,,,,,,,,,,,,1680,1.0,,,,,,,,,,,,,,,,,,,,,2021,,,,,
climate_factors_province_2000_2023,18.8,1567.5,,,,79,,2.5,,,,,,,,,,,,,,,,,,,,,,,,,,,,,,,,,,,,,,,,,,,,,,,,,,,,,,,,,,,,,,,,,28,,,,,,1,,,,,,,,,273,,,,,,10,,,,,,,,,,,,,,,,,,,,,,,,,,,,,,,,,,,3,油菜、紫云英,,,,,,,,,,,,,,,,,,,,,,,,,,,,,,,,,,,,,,,,,,,,,,-6.9,,,,,,,,,,,,,,江西,,,,,,,,,,,,,,,,,,,,,,,,,,,,,,,,,,,,,,,,,,,,,,,,,15.3,,,,,,,,,,,,,,,,,,,,1740,0.6,,,,,,,,,,,,,,,,,,,,,2022,,,,,
climate_factors_province_2000_2023,19.0,1683.0,,,,80,,2.5,,,,,,,,,,,,,,,,,,,,,,,,,,,,,,,,,,,,,,,,,,,,,,,,,,,,,,,,,,,,,,,,,29,,,,,,2,,,,,,,,,274,,,,,,11,,,,,,,,,,,,,,,,,,,,,,,,,,,,,,,,,,,3,油菜、紫云英,,,,,,,,,,,,,,,,,,,,,,,,,,,,,,,,,,,,,,,,,,,,,,7.4,,,,,,,,,,,,,,江西,,,,,,,,,,,,,,,,,,,,,,,,,,,,,,,,,,,,,,,,,,,,,,,,,15.5,,,,,,,,,,,,,,,,,,,,1690,0.8,,,,,,,,,,,,,,,,,,,,,2023,,,,,
climate_factors_province_2000_2023,15.4,617.5,,,,68,,2.5,,,,,,,,,,,,,,,,,,,,,,,,,,,,,,,,,,,,,,,,,,,,,,,,,,,,,,,,,,,,,,,,,18,,,,,,1,,,,,,,,,222,,,,,,3,,,,,,,,,,,,,,,,,,,,,,,,,,,,,,,,,,,5,洋槐、枣花,,,,,,,,,,,,,,,,,,,,,,,,,,,,,,,,,,,,,,,,,,,,,,,,,,,,,,,,,,,,河南,,,,,,,,,,,,,,,,,,,,,,,,,,,,,,,,,,,,,,,,,,,,,,,,,11.4,,,,,,,,,,,,,,,,,,,,2120,0.4,,,,,,,,,,,,,,,,,,,,,2000,,,,,
climate_factors_province_2000_2023,15.0,630.5,,,,68,,2.5,,,,,,,,,,,,,,,,,,,,,,,,,,,,,,,,,,,,,,,,,,,,,,,,,,,,,,,,,,,,,,,,,17,,,,,,0,,,,,,,,,220,,,,,,3,,,,,,,,,,,,,,,,,,,,,,,,,,,,,,,,,,,5,洋槐、枣花,,,,,,,,,,,,,,,,,,,,,,,,,,,,,,,,,,,,,,,,,,,,,,2.1,,,,,,,,,,,,,,河南,,,,,,,,,,,,,,,,,,,,,,,,,,,,,,,,,,,,,,,,,,,,,,,,,11.0,,,,,,,,,,,,,,,,,,,,2110,0.0,,,,,,,,,,,,,,,,,,,,,2001,,,,,
climate_factors_province_2000_2023,15.1,643.5,,,,68,,2.5,,,,,,,,,,,,,,,,,,,,,,,,,,,,,,,,,,,,,,,,,,,,,,,,,,,,,,,,,,,,,,,,,17,,,,,,0,,,,,,,,,221,,,,,,3,,,,,,,,,,,,,,,,,,,,,,,,,,,,,,,,,,,5,洋槐、枣花,,,,,,,,,,,,,,,,,,,,,,,,,,,,,,,,,,,,,,,,,,,,,,2.1,,,,,,,,,,,,,,河南,,,,,,,,,,,,,,,,,,,,,,,,,,,,,,,,,,,,,,,,,,,,,,,,,11.1,,,,,,,,,,,,,,,,,,,,2100,0.1,,,,,,,,,,,,,,,,,,,,,2002,,,,,
climate_factors_province_2000_2023,15.4,585.0,,,,66,,2.5,,,,,,,,,,,,,,,,,,,,,,,,,,,,,,,,,,,,,,,,,,,,,,,,,,,,,,,,,,,,,,,,,18,,,,,,1,,,,,,,,,222,,,,,,3,,,,,,,,,,,,,,,,,,,,,,,,,,,,,,,,,,,5,洋槐、枣花,,,,,,,,,,,,,,,,,,,,,,,,,,,,,,,,,,,,,,,,,,,,,,-9.1,,,,,,,,,,,,,,河南,,,,,,,,,,,,,,,,,,,,,,,,,,,,,,,,,,,,,,,,,,,,,,,,,11.4,,,,,,,,,,,,,,,,,,,,2140,0.4,,,,,,,,,,,,,,,,,,,,,2003,,,,,
climate_factors_province_2000_2023,14.4,637.0,,,,68,,2.5,,,,,,,,,,,,,,,,,,,,,,,,,,,,,,,,,,,,,,,,,,,,,,,,,,,,,,,,,,,,,,,,,14,,,,,,-2,,,,,,,,,218,,,,,,3,,,,,,,,,,,,,,,,,,,,,,,,,,,,,,,,,,,5,洋槐、枣花,,,,,,,,,,,,,,,,,,,,,,,,,,,,,,,,,,,,,,,,,,,,,,8.9,,,,,,,,,,,,,,河南,,,,,,,,,,,,,,,,,,,,,,,,,,,,,,,,,,,,,,,,,,,,,,,,,10.4,,,,,,,,,,,,,,,,,,,,2110,-0.6,,,,,,,,,,,,,,,,,,,,,2004,,,,,
climate_factors_province_2000_2023,14.9,650.0,,,,68,,2.5,,,,,,,,,,,,,,,,,,,,,,,,,,,,,,,,,,,,,,,,,,,,,,,,,,,,,,,,,,,,,,,,,17,,,,,,0,,,,,,,,,220,,,,,,3,,,,,,,,,,,,,,,,,,,,,,,,,,,,,,,,,,,5,洋槐、枣花,,,,,,,,,,,,,,,,,,,,,,,,,,,,,,,,,,,,,,,,,,,,,,2.0,,,,,,,,,,,,,,河南,,,,,,,,,,,,,,,,,,,,,,,,,,,,,,,,,,,,,,,,,,,,,,,,,10.9,,,,,,,,,,,,,,,,,,,,2100,-0.1,,,,,,,,,,,,,,,,,,,,,2005,,,,,
climate_factors_province_2000_2023,15.8,624.0,,,,67,,2.5,,,,,,,,,,,,,,,,,,,,,,,,,,,,,,,,,,,,,,,,,,,,,,,,,,,,,,,,,,,,,,,,,20,,,,,,2,,,,,,,,,223,,,,,,3,,,,,,,,,,,,,,,,,,,,,,,,,,,,,,,,,,,5,洋槐、枣花,,,,,,,,,,,,,,,,,,,,,,,,,,,,,,,,,,,,,,,,,,,,,,-4.0,,,,,,,,,,,,,,河南,,,,,,,,,,,,,,,,,,,,,,,,,,,,,,,,,,,,,,,,,,,,,,,,,11.8,,,,,,,,,,,,,,,,,,,,2130,0.8,,,,,,,,,,,,,,,,,,,,,2006,,,,,
climate_factors_province_2000_2023,16.0,637.0,,,,68,,2.5,,,,,,,,,,,,,,,,,,,,,,,,,,,,,,,,,,,,,,,,,,,,,,,,,,,,,,,,,,,,,,,,,21,,,,,,2,,,,,,,,,224,,,,,,3,,,,,,,,,,,,,,,,,,,,,,,,,,,,,,,,,,,5,洋槐、枣花,,,,,,,,,,,,,,,,,,,,,,,,,,,,,,,,,,,,,,,,,,,,,,2.1,,,,,,,,,,,,,,河南,,,,,,,,,,,,,,,,,,,,,,,,,,,,,,,,,,,,,,,,,,,,,,,,,12.0,,,,,,,,,,,,,,,,,,,,2120,1.0,,,,,,,,,,,,,,,,,,,,,2007,,,,,
climate_factors_province_2000_2023,15.6,663.0,,,,69,,2.5,,,,,,,,,,,,,,,,,,,,,,,,,,,,,,,,,,,,,,,,,,,,,,,,,,,,,,,,,,,,,,,,,19,,,,,,1,,,,,,,,,223,,,,,,4,,,,,,,,,,,,,,,,,,,,,,,,,,,,,,,,,,,5,洋槐、枣花,,,,,,,,,,,,,,,,,,,,,,,,,,,,,,,,,,,,,,,,,,,,,,4.1,,,,,,,,,,,,,,河南,,,,,,,,,,,,,,,,,,,,,,,,,,,,,,,,,,,,,,,,,,,,,,,,,11.6,,,,,,,,,,,,,,,,,,,,2080,0.6,,,,,,,,,,,,,,,,,,,,,2008,,,,,
climate_factors_province_2000_2023,15.5,650.0,,,,68,,2.5,,,,,,,,,,,,,,,,,,,,,,,,,,,,,,,,,,,,,,,,,,,,,,,,,,,,,,,,,,,,,,,,,19,,,,,,1,,,,,,,,,222,,,,,,3,,,,,,,,,,,,,,,,,,,,,,,,,,,,,,,,,,,5,洋槐、枣花,,,,,,,,,,,,,,,,,,,,,,,,,,,,,,,,,,,,,,,,,,,,,,-2.0,,,,,,,,,,,,,,河南,,,,,,,,,,,,,,,,,,,,,,,,,,,,,,,,,,,,,,,,,,,,,,,,,11.5,,,,,,,,,,,,,,,,,,,,2100,0.5,,,,,,,,,,,,,,,,,,,,,2009,,,,,
climate_factors_province_2000_2023,15.6,676.0,,,,69,,2.5,,,,,,,,,,,,,,,,,,,,,,,,,,,,,,,,,,,,,,,,,,,,,,,,,,,,,,,,,,,,,,,,,19,,,,,,1,,,,,,,,,223,,,,,,4,,,,,,,,,,,,,,,,,,,,,,,,,,,,,,,,,,,5,洋槐、枣花,,,,,,,,,,,,,,,,,,,,,,,,,,,,,,,,,,,,,,,,,,,,,,4.0,,,,,,,,,,,,,,河南,,,,,,,,,,,,,,,,,,,,,,,,,,,,,,,,,,,,,,,,,,,,,,,,,11.6,,,,,,,,,,,,,,,,,,,,2070,0.6,,,,,,,,,,,,,,,,,,,,,2010,,,,,
climate_factors_province_2000_2023,15.5,656.5,,,,68,,2.5,,,,,,,,,,,,,,,,,,,,,,,,,,,,,,,,,,,,,,,,,,,,,,,,,,,,,,,,,,,,,,,,,19,,,,,,1,,,,,,,,,222,,,,,,3,,,,,,,,,,,,,,,,,,,,,,,,,,,,,,,,,,,5,洋槐、枣花,,,,,,,,,,,,,,,,,,,,,,,,,,,,,,,,,,,,,,,,,,,,,,-2.9,,,,,,,,,,,,,,河南,,,,,,,,,,,,,,,,,,,,,,,,,,,,,,,,,,,,,,,,,,,,,,,,,11.5,,,,,,,,,,,,,,,,,,,,2100,0.5,,,,,,,,,,,,,,,,,,,,,2011,,,,,
climate_factors_province_2000_2023,15.2,650.0,,,,68,,2.5,,,,,,,,,,,,,,,,,,,,,,,,,,,,,,,,,,,,,,,,,,,,,,,,,,,,,,,,,,,,,,,,,18,,,,,,0,,,,,,,,,221,,,,,,3,,,,,,,,,,,,,,,,,,,,,,,,,,,,,,,,,,,5,洋槐、枣花,,,,,,,,,,,,,,,,,,,,,,,,,,,,,,,,,,,,,,,,,,,,,,-1.0,,,,,,,,,,,,,,河南,,,,,,,,,,,,,,,,,,,,,,,,,,,,,,,,,,,,,,,,,,,,,,,,,11.2,,,,,,,,,,,,,,,,,,,,2100,0.2,,,,,,,,,,,,,,,,,,,,,2012,,,,,
climate_factors_province_2000_2023,15.6,585.0,,,,66,,2.5,,,,,,,,,,,,,,,,,,,,,,,,,,,,,,,,,,,,,,,,,,,,,,,,,,,,,,,,,,,,,,,,,19,,,,,,1,,,,,,,,,223,,,,,,3,,,,,,,,,,,,,,,,,,,,,,,,,,,,,,,,,,,5,洋槐、枣花,,,,,,,,,,,,,,,,,,,,,,,,,,,,,,,,,,,,,,,,,,,,,,-10.0,,,,,,,,,,,,,,河南,,,,,,,,,,,,,,,,,,,,,,,,,,,,,,,,,,,,,,,,,,,,,,,,,11.6,,,,,,,,,,,,,,,,,,,,2150,0.6,,,,,,,,,,,,,,,,,,,,,2013,,,,,
climate_factors_province_2000_2023,15.5,637.0,,,,68,,2.5,,,,,,,,,,,,,,,,,,,,,,,,,,,,,,,,,,,,,,,,,,,,,,,,,,,,,,,,,,,,,,,,,19,,,,,,1,,,,,,,,,222,,,,,,3,,,,,,,,,,,,,,,,,,,,,,,,,,,,,,,,,,,5,洋槐、枣花,,,,,,,,,,,,,,,,,,,,,,,,,,,,,,,,,,,,,,,,,,,,,,8.9,,,,,,,,,,,,,,河南,,,,,,,,,,,,,,,,,,,,,,,,,,,,,,,,,,,,,,,,,,,,,,,,,11.5,,,,,,,,,,,,,,,,,,,,2120,0.5,,,,,,,,,,,,,,,,,,,,,2014,,,,,
climate_factors_province_2000_2023,15.9,650.0,,,,68,,2.5,,,,,,,,,,,,,,,,,,,,,,,,,,,,,,,,,,,,,,,,,,,,,,,,,,,,,,,,,,,,,,,,,21,,,,,,2,,,,,,,,,224,,,,,,3,,,,,,,,,,,,,,,,,,,,,,,,,,,,,,,,,,,5,洋槐、枣花,,,,,,,,,,,,,,,,,,,,,,,,,,,,,,,,,,,,,,,,,,,,,,2.0,,,,,,,,,,,,,,河南,,,,,,,,,,,,,,,,,,,,,,,,,,,,,,,,,,,,,,,,,,,,,,,,,11.9,,,,,,,,,,,,,,,,,,,,2100,0.9,,,,,,,,,,,,,,,,,,,,,2015,,,,,
climate_factors_province_2000_2023,15.8,715.0,,,,70,,2.5,,,,,,,,,,,,,,,,,,,,,,,,,,,,,,,,,,,,,,,,,,,,,,,,,,,,,,,,,,,,,,,,,20,,,,,,2,,,,,,,,,223,,,,,,4,,,,,,,,,,,,,,,,,,,,,,,,,,,,,,,,,,,5,洋槐、枣花,,,,,,,,,,,,,,,,,,,,,,,,,,,,,,,,,,,,,,,,,,,,,,10.0,,,,,,,,,,,,,,河南,,,,,,,,,,,,,,,,,,,,,,,,,,,,,,,,,,,,,,,,,,,,,,,,,11.8,,,,,,,,,,,,,,,,,,,,2060,0.8,,,,,,,,,,,,,,,,,,,,,2016,,,,,
climate_factors_province_2000_2023,15.8,663.0,,,,69,,2.5,,,,,,,,,,,,,,,,,,,,,,,,,,,,,,,,,,,,,,,,,,,,,,,,,,,,,,,,,,,,,,,,,20,,,,,,2,,,,,,,,,223,,,,,,3,,,,,,,,,,,,,,,,,,,,,,,,,,,,,,,,,,,5,洋槐、枣花,,,,,,,,,,,,,,,,,,,,,,,,,,,,,,,,,,,,,,,,,,,,,,-7.3,,,,,,,,,,,,,,河南,,,,,,,,,,,,,,,,,,,,,,,,,,,,,,,,,,,,,,,,,,,,,,,,,11.8,,,,,,,,,,,,,,,,,,,,2090,0.8,,,,,,,,,,,,,,,,,,,,,2017,,,,,
climate_factors_province_2000_2023,15.5,650.0,,,,68,,2.5,,,,,,,,,,,,,,,,,,,,,,,,,,,,,,,,,,,,,,,,,,,,,,,,,,,,,,,,,,,,,,,,,19,,,,,,1,,,,,,,,,222,,,,,,3,,,,,,,,,,,,,,,,,,,,,,,,,,,,,,,,,,,5,洋槐、枣花,,,,,,,,,,,,,,,,,,,,,,,,,,,,,,,,,,,,,,,,,,,,,,-2.0,,,,,,,,,,,,,,河南,,,,,,,,,,,,,,,,,,,,,,,,,,,,,,,,,,,,,,,,,,,,,,,,,11.5,,,,,,,,,,,,,,,,,,,,2100,0.5,,,,,,,,,,,,,,,,,,,,,2018,,,,,
climate_factors_province_2000_2023,15.8,653.8,,,,68,,2.5,,,,,,,,,,,,,,,,,,,,,,,,,,,,,,,,,,,,,,,,,,,,,,,,,,,,,,,,,,,,,,,,,20,,,,,,2,,,,,,,,,223,,,,,,3,,,,,,,,,,,,,,,,,,,,,,,,,,,,,,,,,,,5,洋槐、枣花,,,,,,,,,,,,,,,,,,,,,,,,,,,,,,,,,,,,,,,,,,,,,,0.6,,,,,,,,,,,,,,河南,,,,,,,,,,,,,,,,,,,,,,,,,,,,,,,,,,,,,,,,,,,,,,,,,11.8,,,,,,,,,,,,,,,,,,,,2100,0.8,,,,,,,,,,,,,,,,,,,,,2019,,,,,
climate_factors_province_2000_2023,15.7,1018.7,,,,74,,2.5,,,,,,,,,,,,,,,,,,,,,,,,,,,,,,,,,,,,,,,,,,,,,,,,,,,,,,,,,,,,,,,,,19,,,,,,2,,,,,,,,,223,,,,,,7,,,,,,,,,,,,,,,,,,,,,,,,,,,,,,,,,,,5,洋槐、枣花,,,,,,,,,,,,,,,,,,,,,,,,,,,,,,,,,,,,,,,,,,,,,,55.8,,,,,,,,,,,,,,河南,,,,,,,,,,,,,,,,,,,,,,,,,,,,,,,,,,,,,,,,,,,,,,,,,11.7,,,,,,,,,,,,,,,,,,,,1950,0.7,,,,,,,,,,,,,,,,,,,,,2020,,,,,
climate_factors_province_2000_2023,16.0,676.0,,,,69,,2.5,,,,,,,,,,,,,,,,,,,,,,,,,,,,,,,,,,,,,,,,,,,,,,,,,,,,,,,,,,,,,,,,,21,,,,,,2,,,,,,,,,224,,,,,,4,,,,,,,,,,,,,,,,,,,,,,,,,,,,,,,,,,,5,洋槐、枣花,,,,,,,,,,,,,,,,,,,,,,,,,,,,,,,,,,,,,,,,,,,,,,-33.6,,,,,,,,,,,,,,河南,,,,,,,,,,,,,,,,,,,,,,,,,,,,,,,,,,,,,,,,,,,,,,,,,12.0,,,,,,,,,,,,,,,,,,,,2080,1.0,,,,,,,,,,,,,,,,,,,,,2021,,,,,
climate_factors_province_2000_2023,15.6,617.5,,,,67,,2.5,,,,,,,,,,,,,,,,,,,,,,,,,,,,,,,,,,,,,,,,,,,,,,,,,,,,,,,,,,,,,,,,,19,,,,,,1,,,,,,,,,223,,,,,,3,,,,,,,,,,,,,,,,,,,,,,,,,,,,,,,,,,,5,洋槐、枣花,,,,,,,,,,,,,,,,,,,,,,,,,,,,,,,,,,,,,,,,,,,,,,-8.7,,,,,,,,,,,,,,河南,,,,,,,,,,,,,,,,,,,,,,,,,,,,,,,,,,,,,,,,,,,,,,,,,11.6,,,,,,,,,,,,,,,,,,,,2140,0.6,,,,,,,,,,,,,,,,,,,,,2022,,,,,
climate_factors_province_2000_2023,15.8,663.0,,,,68,,2.5,,,,,,,,,,,,,,,,,,,,,,,,,,,,,,,,,,,,,,,,,,,,,,,,,,,,,,,,,,,,,,,,,20,,,,,,2,,,,,,,,,223,,,,,,4,,,,,,,,,,,,,,,,,,,,,,,,,,,,,,,,,,,5,洋槐、枣花,,,,,,,,,,,,,,,,,,,,,,,,,,,,,,,,,,,,,,,,,,,,,,7.4,,,,,,,,,,,,,,河南,,,,,,,,,,,,,,,,,,,,,,,,,,,,,,,,,,,,,,,,,,,,,,,,,11.8,,,,,,,,,,,,,,,,,,,,2100,0.8,,,,,,,,,,,,,,,,,,,,,2023,,,,,
climate_factors_province_2000_2023,16.7,1045.0,,,,75,,2.8,,,,,,,,,,,,,,,,,,,,,,,,,,,,,,,,,,,,,,,,,,,,,,,,,,,,,,,,,,,,,,,,,18,,,,,,1,,,,,,,,,237,,,,,,6,,,,,,,,,,,,,,,,,,,,,,,,,,,,,,,,,,,4,油菜、洋槐,,,,,,,,,,,,,,,,,,,,,,,,,,,,,,,,,,,,,,,,,,,,,,,,,,,,,,,,,,,,安徽,,,,,,,,,,,,,,,,,,,,,,,,,,,,,,,,,,,,,,,,,,,,,,,,,12.7,,,,,,,,,,,,,,,,,,,,1930,0.2,,,,,,,,,,,,,,,,,,,,,2000,,,,,
climate_factors_province_2000_2023,16.8,1067.0,,,,75,,2.8,,,,,,,,,,,,,,,,,,,,,,,,,,,,,,,,,,,,,,,,,,,,,,,,,,,,,,,,,,,,,,,,,18,,,,,,1,,,,,,,,,238,,,,,,6,,,,,,,,,,,,,,,,,,,,,,,,,,,,,,,,,,,4,油菜、洋槐,,,,,,,,,,,,,,,,,,,,,,,,,,,,,,,,,,,,,,,,,,,,,,2.1,,,,,,,,,,,,,,安徽,,,,,,,,,,,,,,,,,,,,,,,,,,,,,,,,,,,,,,,,,,,,,,,,,12.8,,,,,,,,,,,,,,,,,,,,1920,0.3,,,,,,,,,,,,,,,,,,,,,2001,,,,,
climate_factors_province_2000_2023,17.2,1089.0,,,,75,,2.8,,,,,,,,,,,,,,,,,,,,,,,,,,,,,,,,,,,,,,,,,,,,,,,,,,,,,,,,,,,,,,,,,19,,,,,,2,,,,,,,,,239,,,,,,7,,,,,,,,,,,,,,,,,,,,,,,,,,,,,,,,,,,4,油菜、洋槐,,,,,,,,,,,,,,,,,,,,,,,,,,,,,,,,,,,,,,,,,,,,,,2.1,,,,,,,,,,,,,,安徽,,,,,,,,,,,,,,,,,,,,,,,,,,,,,,,,,,,,,,,,,,,,,,,,,13.2,,,,,,,,,,,,,,,,,,,,1910,0.7,,,,,,,,,,,,,,,,,,,,,2002,,,,,
climate_factors_province_2000_2023,16.3,1045.0,,,,75,,2.8,,,,,,,,,,,,,,,,,,,,,,,,,,,,,,,,,,,,,,,,,,,,,,,,,,,,,,,,,,,,,,,,,16,,,,,,0,,,,,,,,,236,,,,,,6,,,,,,,,,,,,,,,,,,,,,,,,,,,,,,,,,,,4,油菜、洋槐,,,,,,,,,,,,,,,,,,,,,,,,,,,,,,,,,,,,,,,,,,,,,,-4.0,,,,,,,,,,,,,,安徽,,,,,,,,,,,,,,,,,,,,,,,,,,,,,,,,,,,,,,,,,,,,,,,,,12.3,,,,,,,,,,,,,,,,,,,,1930,-0.2,,,,,,,,,,,,,,,,,,,,,2003,,,,,
climate_factors_province_2000_2023,16.6,1078.0,,,,75,,2.8,,,,,,,,,,,,,,,,,,,,,,,,,,,,,,,,,,,,,,,,,,,,,,,,,,,,,,,,,,,,,,,,,17,,,,,,0,,,,,,,,,237,,,,,,6,,,,,,,,,,,,,,,,,,,,,,,,,,,,,,,,,,,4,油菜、洋槐,,,,,,,,,,,,,,,,,,,,,,,,,,,,,,,,,,,,,,,,,,,,,,3.2,,,,,,,,,,,,,,安徽,,,,,,,,,,,,,,,,,,,,,,,,,,,,,,,,,,,,,,,,,,,,,,,,,12.6,,,,,,,,,,,,,,,,,,,,1920,0.1,,,,,,,,,,,,,,,,,,,,,2004,,,,,
climate_factors_province_2000_2023,16.2,1111.0,,,,76,,2.8,,,,,,,,,,,,,,,,,,,,,,,,,,,,,,,,,,,,,,,,,,,,,,,,,,,,,,,,,,,,,,,,,16,,,,,,-1,,,,,,,,,235,,,,,,7,,,,,,,,,,,,,,,,,,,,,,,,,,,,,,,,,,,4,油菜、洋槐,,,,,,,,,,,,,,,,,,,,,,,,,,,,,,,,,,,,,,,,,,,,,,3.1,,,,,,,,,,,,,,安徽,,,,,,,,,,,,,,,,,,,,,,,,,,,,,,,,,,,,,,,,,,,,,,,,,12.2,,,,,,,,,,,,,,,,,,,,1900,-0.3,,,,,,,,,,,,,,,,,,,,,2005,,,,,
climate_factors_province_2000_2023,17.0,1045.0,,,,74,,2.8,,,,,,,,,,,,,,,,,,,,,,,,,,,,,,,,,,,,,,,,,,,,,,,,,,,,,,,,,,,,,,,,,18,,,,,,1,,,,,,,,,238,,,,,,6,,,,,,,,,,,,,,,,,,,,,,,,,,,,,,,,,,,4,油菜、洋槐,,,,,,,,,,,,,,,,,,,,,,,,,,,,,,,,,,,,,,,,,,,,,,-5.9,,,,,,,,,,,,,,安徽,,,,,,,,,,,,,,,,,,,,,,,,,,,,,,,,,,,,,,,,,,,,,,,,,13.0,,,,,,,,,,,,,,,,,,,,1930,0.5,,,,,,,,,,,,,,,,,,,,,2006,,,,,
climate_factors_province_2000_2023,17.4,1078.0,,,,75,,2.8,,,,,,,,,,,,,,,,,,,,,,,,,,,,,,,,,,,,,,,,,,,,,,,,,,,,,,,,,,,,,,,,,20,,,,,,2,,,,,,,,,240,,,,,,6,,,,,,,,,,,,,,,,,,,,,,,,,,,,,,,,,,,4,油菜、洋槐,,,,,,,,,,,,,,,,,,,,,,,,,,,,,,,,,,,,,,,,,,,,,,3.2,,,,,,,,,,,,,,安徽,,,,,,,,,,,,,,,,,,,,,,,,,,,,,,,,,,,,,,,,,,,,,,,,,13.4,,,,,,,,,,,,,,,,,,,,1920,0.9,,,,,,,,,,,,,,,,,,,,,2007,,,,,
climate_factors_province_2000_2023,16.4,1133.0,,,,76,,2.8,,,,,,,,,,,,,,,,,,,,,,,,,,,,,,,,,,,,,,,,,,,,,,,,,,,,,,,,,,,,,,,,,17,,,,,,0,,,,,,,,,236,,,,,,7,,,,,,,,,,,,,,,,,,,,,,,,,,,,,,,,,,,4,油菜、洋槐,,,,,,,,,,,,,,,,,,,,,,,,,,,,,,,,,,,,,,,,,,,,,,5.1,,,,,,,,,,,,,,安徽,,,,,,,,,,,,,,,,,,,,,,,,,,,,,,,,,,,,,,,,,,,,,,,,,12.4,,,,,,,,,,,,,,,,,,,,1890,-0.1,,,,,,,,,,,,,,,,,,,,,2008,,,,,
climate_factors_province_2000_2023,16.7,1100.0,,,,75,,2.8,,,,,,,,,,,,,,,,,,,,,,,,,,,,,,,,,,,,,,,,,,,,,,,,,,,,,,,,,,,,,,,,,18,,,,,,1,,,,,,,,,237,,,,,,7,,,,,,,,,,,,,,,,,,,,,,,,,,,,,,,,,,,4,油菜、洋槐,,,,,,,,,,,,,,,,,,,,,,,,,,,,,,,,,,,,,,,,,,,,,,-2.9,,,,,,,,,,,,,,安徽,,,,,,,,,,,,,,,,,,,,,,,,,,,,,,,,,,,,,,,,,,,,,,,,,12.7,,,,,,,,,,,,,,,,,,,,1910,0.2,,,,,,,,,,,,,,,,,,,,,2009,,,,,
climate_factors_province_2000_2023,16.4,1155.0,,,,77,,2.8,,,,,,,,,,,,,,,,,,,,,,,,,,,,,,,,,,,,,,,,,,,,,,,,,,,,,,,,,,,,,,,,,17,,,,,,0,,,,,,,,,236,,,,,,7,,,,,,,,,,,,,,,,,,,,,,,,,,,,,,,,,,,4,油菜、洋槐,,,,,,,,,,,,,,,,,,,,,,,,,,,,,,,,,,,,,,,,,,,,,,5.0,,,,,,,,,,,,,,安徽,,,,,,,,,,,,,,,,,,,,,,,,,,,,,,,,,,,,,,,,,,,,,,,,,12.4,,,,,,,,,,,,,,,,,,,,1880,-0.1,,,,,,,,,,,,,,,,,,,,,2010,,,,,
climate_factors_province_2000_2023,17.0,1111.0,,,,75,,2.8,,,,,,,,,,,,,,,,,,,,,,,,,,,,,,,,,,,,,,,,,,,,,,,,,,,,,,,,,,,,,,,,,18,,,,,,1,,,,,,,,,238,,,,,,7,,,,,,,,,,,,,,,,,,,,,,,,,,,,,,,,,,,4,油菜、洋槐,,,,,,,,,,,,,,,,,,,,,,,,,,,,,,,,,,,,,,,,,,,,,,-3.8,,,,,,,,,,,,,,安徽,,,,,,,,,,,,,,,,,,,,,,,,,,,,,,,,,,,,,,,,,,,,,,,,,13.0,,,,,,,,,,,,,,,,,,,,1900,0.5,,,,,,,,,,,,,,,,,,,,,2011,,,,,
climate_factors_province_2000_2023,16.7,1100.0,,,,75,,2.8,,,,,,,,,,,,,,,,,,,,,,,,,,,,,,,,,,,,,,,,,,,,,,,,,,,,,,,,,,,,,,,,,18,,,,,,1,,,,,,,,,237,,,,,,7,,,,,,,,,,,,,,,,,,,,,,,,,,,,,,,,,,,4,油菜、洋槐,,,,,,,,,,,,,,,,,,,,,,,,,,,,,,,,,,,,,,,,,,,,,,-1.0,,,,,,,,,,,,,,安徽,,,,,,,,,,,,,,,,,,,,,,,,,,,,,,,,,,,,,,,,,,,,,,,,,12.7,,,,,,,,,,,,,,,,,,,,1910,0.2,,,,,,,,,,,,,,,,,,,,,2012,,,,,
climate_factors_province_2000_2023,17.1,1045.0,,,,74,,2.8,,,,,,,,,,,,,,,,,,,,,,,,,,,,,,,,,,,,,,,,,,,,,,,,,,,,,,,,,,,,,,,,,19,,,,,,1,,,,,,,,,239,,,,,,6,,,,,,,,,,,,,,,,,,,,,,,,,,,,,,,,,,,4,油菜、洋槐,,,,,,,,,,,,,,,,,,,,,,,,,,,,,,,,,,,,,,,,,,,,,,-5.0,,,,,,,,,,,,,,安徽,,,,,,,,,,,,,,,,,,,,,,,,,,,,,,,,,,,,,,,,,,,,,,,,,13.1,,,,,,,,,,,,,,,,,,,,1940,0.6,,,,,,,,,,,,,,,,,,,,,2013,,,,,
climate_factors_province_2000_2023,17.0,1089.0,,,,75,,2.8,,,,,,,,,,,,,,,,,,,,,,,,,,,,,,,,,,,,,,,,,,,,,,,,,,,,,,,,,,,,,,,,,18,,,,,,1,,,,,,,,,238,,,,,,7,,,,,,,,,,,,,,,,,,,,,,,,,,,,,,,,,,,4,油菜、洋槐,,,,,,,,,,,,,,,,,,,,,,,,,,,,,,,,,,,,,,,,,,,,,,4.2,,,,,,,,,,,,,,安徽,,,,,,,,,,,,,,,,,,,,,,,,,,,,,,,,,,,,,,,,,,,,,,,,,13.0,,,,,,,,,,,,,,,,,,,,1920,0.5,,,,,,,,,,,,,,,,,,,,,2014,,,,,
climate_factors_province_2000_2023,17.4,1100.0,,,,75,,2.8,,,,,,,,,,,,,,,,,,,,,,,,,,,,,,,,,,,,,,,,,,,,,,,,,,,,,,,,,,,,,,,,,20,,,,,,2,,,,,,,,,240,,,,,,7,,,,,,,,,,,,,,,,,,,,,,,,,,,,,,,,,,,4,油菜、洋槐,,,,,,,,,,,,,,,,,,,,,,,,,,,,,,,,,,,,,,,,,,,,,,1.0,,,,,,,,,,,,,,安徽,,,,,,,,,,,,,,,,,,,,,,,,,,,,,,,,,,,,,,,,,,,,,,,,,13.4,,,,,,,,,,,,,,,,,,,,1910,0.9,,,,,,,,,,,,,,,,,,,,,2015,,,,,
climate_factors_province_2000_2023,17.3,1210.0,,,,78,,2.8,,,,,,,,,,,,,,,,,,,,,,,,,,,,,,,,,,,,,,,,,,,,,,,,,,,,,,,,,,,,,,,,,19,,,,,,2,,,,,,,,,240,,,,,,9,,,,,,,,,,,,,,,,,,,,,,,,,,,,,,,,,,,4,油菜、洋槐,,,,,,,,,,,,,,,,,,,,,,,,,,,,,,,,,,,,,,,,,,,,,,10.0,,,,,,,,,,,,,,安徽,,,,,,,,,,,,,,,,,,,,,,,,,,,,,,,,,,,,,,,,,,,,,,,,,13.3,,,,,,,,,,,,,,,,,,,,1860,0.8,,,,,,,,,,,,,,,,,,,,,2016,,,,,
climate_factors_province_2000_2023,17.3,1133.0,,,,76,,2.8,,,,,,,,,,,,,,,,,,,,,,,,,,,,,,,,,,,,,,,,,,,,,,,,,,,,,,,,,,,,,,,,,19,,,,,,2,,,,,,,,,240,,,,,,7,,,,,,,,,,,,,,,,,,,,,,,,,,,,,,,,,,,4,油菜、洋槐,,,,,,,,,,,,,,,,,,,,,,,,,,,,,,,,,,,,,,,,,,,,,,-6.4,,,,,,,,,,,,,,安徽,,,,,,,,,,,,,,,,,,,,,,,,,,,,,,,,,,,,,,,,,,,,,,,,,13.3,,,,,,,,,,,,,,,,,,,,1890,0.8,,,,,,,,,,,,,,,,,,,,,2017,,,,,
climate_factors_province_2000_2023,17.0,1111.0,,,,75,,2.8,,,,,,,,,,,,,,,,,,,,,,,,,,,,,,,,,,,,,,,,,,,,,,,,,,,,,,,,,,,,,,,,,18,,,,,,1,,,,,,,,,238,,,,,,7,,,,,,,,,,,,,,,,,,,,,,,,,,,,,,,,,,,4,油菜、洋槐,,,,,,,,,,,,,,,,,,,,,,,,,,,,,,,,,,,,,,,,,,,,,,-1.9,,,,,,,,,,,,,,安徽,,,,,,,,,,,,,,,,,,,,,,,,,,,,,,,,,,,,,,,,,,,,,,,,,13.0,,,,,,,,,,,,,,,,,,,,1900,0.5,,,,,,,,,,,,,,,,,,,,,2018,,,,,
climate_factors_province_2000_2023,17.3,1208.5,,,,77,,2.8,,,,,,,,,,,,,,,,,,,,,,,,,,,,,,,,,,,,,,,,,,,,,,,,,,,,,,,,,,,,,,,,,19,,,,,,2,,,,,,,,,240,,,,,,8,,,,,,,,,,,,,,,,,,,,,,,,,,,,,,,,,,,4,油菜、洋槐,,,,,,,,,,,,,,,,,,,,,,,,,,,,,,,,,,,,,,,,,,,,,,8.8,,,,,,,,,,,,,,安徽,,,,,,,,,,,,,,,,,,,,,,,,,,,,,,,,,,,,,,,,,,,,,,,,,13.3,,,,,,,,,,,,,,,,,,,,1870,0.8,,,,,,,,,,,,,,,,,,,,,2019,,,,,
climate_factors_province_2000_2023,17.2,1524.6,,,,81,,2.8,,,,,,,,,,,,,,,,,,,,,,,,,,,,,,,,,,,,,,,,,,,,,,,,,,,,,,,,,,,,,,,,,19,,,,,,2,,,,,,,,,239,,,,,,11,,,,,,,,,,,,,,,,,,,,,,,,,,,,,,,,,,,4,油菜、洋槐,,,,,,,,,,,,,,,,,,,,,,,,,,,,,,,,,,,,,,,,,,,,,,26.2,,,,,,,,,,,,,,安徽,,,,,,,,,,,,,,,,,,,,,,,,,,,,,,,,,,,,,,,,,,,,,,,,,13.2,,,,,,,,,,,,,,,,,,,,1780,0.7,,,,,,,,,,,,,,,,,,,,,2020,,,,,
climate_factors_province_2000_2023,17.5,1133.0,,,,76,,2.8,,,,,,,,,,,,,,,,,,,,,,,,,,,,,,,,,,,,,,,,,,,,,,,,,,,,,,,,,,,,,,,,,21,,,,,,2,,,,,,,,,240,,,,,,7,,,,,,,,,,,,,,,,,,,,,,,,,,,,,,,,,,,4,油菜、洋槐,,,,,,,,,,,,,,,,,,,,,,,,,,,,,,,,,,,,,,,,,,,,,,-25.7,,,,,,,,,,,,,,安徽,,,,,,,,,,,,,,,,,,,,,,,,,,,,,,,,,,,,,,,,,,,,,,,,,13.5,,,,,,,,,,,,,,,,,,,,1890,1.0,,,,,,,,,,,,,,,,,,,,,2021,,,,,
climate_factors_province_2000_2023,17.1,1045.0,,,,74,,2.8,,,,,,,,,,,,,,,,,,,,,,,,,,,,,,,,,,,,,,,,,,,,,,,,,,,,,,,,,,,,,,,,,19,,,,,,1,,,,,,,,,239,,,,,,6,,,,,,,,,,,,,,,,,,,,,,,,,,,,,,,,,,,4,油菜、洋槐,,,,,,,,,,,,,,,,,,,,,,,,,,,,,,,,,,,,,,,,,,,,,,-7.8,,,,,,,,,,,,,,安徽,,,,,,,,,,,,,,,,,,,,,,,,,,,,,,,,,,,,,,,,,,,,,,,,,13.1,,,,,,,,,,,,,,,,,,,,1940,0.6,,,,,,,,,,,,,,,,,,,,,2022,,,,,
climate_factors_province_2000_2023,17.3,1155.0,,,,76,,2.8,,,,,,,,,,,,,,,,,,,,,,,,,,,,,,,,,,,,,,,,,,,,,,,,,,,,,,,,,,,,,,,,,20,,,,,,2,,,,,,,,,240,,,,,,8,,,,,,,,,,,,,,,,,,,,,,,,,,,,,,,,,,,4,油菜、洋槐,,,,,,,,,,,,,,,,,,,,,,,,,,,,,,,,,,,,,,,,,,,,,,10.5,,,,,,,,,,,,,,安徽,,,,,,,,,,,,,,,,,,,,,,,,,,,,,,,,,,,,,,,,,,,,,,,,,13.3,,,,,,,,,,,,,,,,,,,,1900,0.8,,,,,,,,,,,,,,,,,,,,,2023,,,,,
climate_factors_province_2000_2023,20.5,1567.5,,,,80,,3.0,,,,,,,,,,,,,,,,,,,,,,,,,,,,,,,,,,,,,,,,,,,,,,,,,,,,,,,,,,,,,,,,,25,,,,,,0,,,,,,,,,310,,,,,,10,,,,,,,,,,,,,,,,,,,,,,,,,,,,,,,,,,,3,龙眼、荔枝,,,,,,,,,,,,,,,,,,,,,,,,,,,,,,,,,,,,,,,,,,,,,,,,,,,,,,,,,,,,福建,,,,,,,,,,,,,,,,,,,,,,,,,,,,,,,,,,,,,,,,,,,,,,,,,17.5,,,,,,,,,,,,,,,,,,,,1780,0.2,,,,,,,,,,,,,,,,,,,,,2000,,,,,
climate_factors_province_2000_2023,20.6,1600.5,,,,80,,3.0,,,,,,,,,,,,,,,,,,,,,,,,,,,,,,,,,,,,,,,,,,,,,,,,,,,,,,,,,,,,,,,,,25,,,,,,1,,,,,,,,,310,,,,,,10,,,,,,,,,,,,,,,,,,,,,,,,,,,,,,,,,,,3,龙眼、荔枝,,,,,,,,,,,,,,,,,,,,,,,,,,,,,,,,,,,,,,,,,,,,,,2.1,,,,,,,,,,,,,,福建,,,,,,,,,,,,,,,,,,,,,,,,,,,,,,,,,,,,,,,,,,,,,,,,,17.6,,,,,,,,,,,,,,,,,,,,1760,0.3,,,,,,,,,,,,,,,,,,,,,2001,,,,,
climate_factors_province_2000_2023,20.9,1633.5,,,,80,,3.0,,,,,,,,,,,,,,,,,,,,,,,,,,,,,,,,,,,,,,,,,,,,,,,,,,,,,,,,,,,,,,,,,26,,,,,,1,,,,,,,,,311,,,,,,10,,,,,,,,,,,,,,,,,,,,,,,,,,,,,,,,,,,3,龙眼、荔枝,,,,,,,,,,,,,,,,,,,,,,,,,,,,,,,,,,,,,,,,,,,,,,2.1,,,,,,,,,,,,,,福建,,,,,,,,,,,,,,,,,,,,,,,,,,,,,,,,,,,,,,,,,,,,,,,,,17.9,,,,,,,,,,,,,,,,,,,,1750,0.6,,,,,,,,,,,,,,,,,,,,,2002,,,,,
climate_factors_province_2000_2023,20.9,1485.0,,,,78,,3.0,,,,,,,,,,,,,,,,,,,,,,,,,,,,,,,,,,,,,,,,,,,,,,,,,,,,,,,,,,,,,,,,,26,,,,,,1,,,,,,,,,311,,,,,,9,,,,,,,,,,,,,,,,,,,,,,,,,,,,,,,,,,,3,龙眼、荔枝,,,,,,,,,,,,,,,,,,,,,,,,,,,,,,,,,,,,,,,,,,,,,,-9.1,,,,,,,,,,,,,,福建,,,,,,,,,,,,,,,,,,,,,,,,,,,,,,,,,,,,,,,,,,,,,,,,,17.9,,,,,,,,,,,,,,,,,,,,1820,0.6,,,,,,,,,,,,,,,,,,,,,2003,,,,,
climate_factors_province_2000_2023,20.8,1617.0,,,,80,,3.0,,,,,,,,,,,,,,,,,,,,,,,,,,,,,,,,,,,,,,,,,,,,,,,,,,,,,,,,,,,,,,,,,26,,,,,,1,,,,,,,,,311,,,,,,10,,,,,,,,,,,,,,,,,,,,,,,,,,,,,,,,,,,3,龙眼、荔枝,,,,,,,,,,,,,,,,,,,,,,,,,,,,,,,,,,,,,,,,,,,,,,8.9,,,,,,,,,,,,,,福建,,,,,,,,,,,,,,,,,,,,,,,,,,,,,,,,,,,,,,,,,,,,,,,,,17.8,,,,,,,,,,,,,,,,,,,,1770,0.5,,,,,,,,,,,,,,,,,,,,,2004,,,,,
climate_factors_province_2000_2023,20.7,1650.0,,,,80,,3.0,,,,,,,,,,,,,,,,,,,,,,,,,,,,,,,,,,,,,,,,,,,,,,,,,,,,,,,,,,,,,,,,,25,,,,,,1,,,,,,,,,310,,,,,,10,,,,,,,,,,,,,,,,,,,,,,,,,,,,,,,,,,,3,龙眼、荔枝,,,,,,,,,,,,,,,,,,,,,,,,,,,,,,,,,,,,,,,,,,,,,,2.0,,,,,,,,,,,,,,福建,,,,,,,,,,,,,,,,,,,,,,,,,,,,,,,,,,,,,,,,,,,,,,,,,17.7,,,,,,,,,,,,,,,,,,,,1750,0.4,,,,,,,,,,,,,,,,,,,,,2005,,,,,
climate_factors_province_2000_2023,20.8,1584.0,,,,79,,3.0,,,,,,,,,,,,,,,,,,,,,,,,,,,,,,,,,,,,,,,,,,,,,,,,,,,,,,,,,,,,,,,,,26,,,,,,1,,,,,,,,,311,,,,,,10,,,,,,,,,,,,,,,,,,,,,,,,,,,,,,,,,,,3,龙眼、荔枝,,,,,,,,,,,,,,,,,,,,,,,,,,,,,,,,,,,,,,,,,,,,,,-4.0,,,,,,,,,,,,,,福建,,,,,,,,,,,,,,,,,,,,,,,,,,,,,,,,,,,,,,,,,,,,,,,,,17.8,,,,,,,,,,,,,,,,,,,,1780,0.5,,,,,,,,,,,,,,,,,,,,,2006,,,,,
climate_factors_province_2000_2023,20.9,1617.0,,,,80,,3.0,,,,,,,,,,,,,,,,,,,,,,,,,,,,,,,,,,,,,,,,,,,,,,,,,,,,,,,,,,,,,,,,,26,,,,,,1,,,,,,,,,311,,,,,,10,,,,,,,,,,,,,,,,,,,,,,,,,,,,,,,,,,,3,龙眼、荔枝,,,,,,,,,,,,,,,,,,,,,,,,,,,,,,,,,,,,,,,,,,,,,,2.1,,,,,,,,,,,,,,福建,,,,,,,,,,,,,,,,,,,,,,,,,,,,,,,,,,,,,,,,,,,,,,,,,17.9,,,,,,,,,,,,,,,,,,,,1770,0.6,,,,,,,,,,,,,,,,,,,,,2007,,,,,
climate_factors_province_2000_2023,20.5,1683.0,,,,81,,3.0,,,,,,,,,,,,,,,,,,,,,,,,,,,,,,,,,,,,,,,,,,,,,,,,,,,,,,,,,,,,,,,,,25,,,,,,0,,,,,,,,,310,,,,,,11,,,,,,,,,,,,,,,,,,,,,,,,,,,,,,,,,,,3,龙眼、荔枝,,,,,,,,,,,,,,,,,,,,,,,,,,,,,,,,,,,,,,,,,,,,,,4.1,,,,,,,,,,,,,,福建,,,,,,,,,,,,,,,,,,,,,,,,,,,,,,,,,,,,,,,,,,,,,,,,,17.5,,,,,,,,,,,,,,,,,,,,1730,0.2,,,,,,,,,,,,,,,,,,,,,2008,,,,,
climate_factors_province_2000_2023,20.5,1650.0,,,,80,,3.0,,,,,,,,,,,,,,,,,,,,,,,,,,,,,,,,,,,,,,,,,,,,,,,,,,,,,,,,,,,,,,,,,25,,,,,,0,,,,,,,,,310,,,,,,10,,,,,,,,,,,,,,,,,,,,,,,,,,,,,,,,,,,3,龙眼、荔枝,,,,,,,,,,,,,,,,,,,,,,,,,,,,,,,,,,,,,,,,,,,,,,-2.0,,,,,,,,,,,,,,福建,,,,,,,,,,,,,,,,,,,,,,,,,,,,,,,,,,,,,,,,,,,,,,,,,17.5,,,,,,,,,,,,,,,,,,,,1750,0.2,,,,,,,,,,,,,,,,,,,,,2009,,,,,
climate_factors_province_2000_2023,20.2,1716.0,,,,81,,3.0,,,,,,,,,,,,,,,,,,,,,,,,,,,,,,,,,,,,,,,,,,,,,,,,,,,,,,,,,,,,,,,,,24,,,,,,0,,,,,,,,,309,,,,,,11,,,,,,,,,,,,,,,,,,,,,,,,,,,,,,,,,,,3,龙眼、荔枝,,,,,,,,,,,,,,,,,,,,,,,,,,,,,,,,,,,,,,,,,,,,,,4.0,,,,,,,,,,,,,,福建,,,,,,,,,,,,,,,,,,,,,,,,,,,,,,,,,,,,,,,,,,,,,,,,,17.2,,,,,,,,,,,,,,,,,,,,1720,-0.1,,,,,,,,,,,,,,,,,,,,,2010,,,,,
climate_factors_province_2000_2023,20.8,1666.5,,,,80,,3.0,,,,,,,,,,,,,,,,,,,,,,,,,,,,,,,,,,,,,,,,,,,,,,,,,,,,,,,,,,,,,,,,,26,,,,,,1,,,,,,,,,311,,,,,,11,,,,,,,,,,,,,,,,,,,,,,,,,,,,,,,,,,,3,龙眼、荔枝,,,,,,,,,,,,,,,,,,,,,,,,,,,,,,,,,,,,,,,,,,,,,,-2.9,,,,,,,,,,,,,,福建,,,,,,,,,,,,,,,,,,,,,,,,,,,,,,,,,,,,,,,,,,,,,,,,,17.8,,,,,,,,,,,,,,,,,,,,1740,0.5,,,,,,,,,,,,,,,,,,,,,2011,,,,,
climate_factors_province_2000_2023,20.5,1650.0,,,,80,,3.0,,,,,,,,,,,,,,,,,,,,,,,,,,,,,,,,,,,,,,,,,,,,,,,,,,,,,,,,,,,,,,,,,25,,,,,,0,,,,,,,,,310,,,,,,10,,,,,,,,,,,,,,,,,,,,,,,,,,,,,,,,,,,3,龙眼、荔枝,,,,,,,,,,,,,,,,,,,,,,,,,,,,,,,,,,,,,,,,,,,,,,-1.0,,,,,,,,,,,,,,福建,,,,,,,,,,,,,,,,,,,,,,,,,,,,,,,,,,,,,,,,,,,,,,,,,17.5,,,,,,,,,,,,,,,,,,,,1750,0.2,,,,,,,,,,,,,,,,,,,,,2012,,,,,
climate_factors_province_2000_2023,20.9,1485.0,,,,78,,3.0,,,,,,,,,,,,,,,,,,,,,,,,,,,,,,,,,,,,,,,,,,,,,,,,,,,,,,,,,,,,,,,,,26,,,,,,1,,,,,,,,,311,,,,,,9,,,,,,,,,,,,,,,,,,,,,,,,,,,,,,,,,,,3,龙眼、荔枝,,,,,,,,,,,,,,,,,,,,,,,,,,,,,,,,,,,,,,,,,,,,,,-10.0,,,,,,,,,,,,,,福建,,,,,,,,,,,,,,,,,,,,,,,,,,,,,,,,,,,,,,,,,,,,,,,,,17.9,,,,,,,,,,,,,,,,,,,,1820,0.6,,,,,,,,,,,,,,,,,,,,,2013,,,,,
climate_factors_province_2000_2023,20.8,1617.0,,,,80,,3.0,,,,,,,,,,,,,,,,,,,,,,,,,,,,,,,,,,,,,,,,,,,,,,,,,,,,,,,,,,,,,,,,,26,,,,,,1,,,,,,,,,311,,,,,,10,,,,,,,,,,,,,,,,,,,,,,,,,,,,,,,,,,,3,龙眼、荔枝,,,,,,,,,,,,,,,,,,,,,,,,,,,,,,,,,,,,,,,,,,,,,,8.9,,,,,,,,,,,,,,福建,,,,,,,,,,,,,,,,,,,,,,,,,,,,,,,,,,,,,,,,,,,,,,,,,17.8,,,,,,,,,,,,,,,,,,,,1770,0.5,,,,,,,,,,,,,,,,,,,,,2014,,,,,
climate_factors_province_2000_2023,21.2,1650.0,,,,80,,3.0,,,,,,,,,,,,,,,,,,,,,,,,,,,,,,,,,,,,,,,,,,,,,,,,,,,,,,,,,,,,,,,,,28,,,,,,2,,,,,,,,,312,,,,,,10,,,,,,,,,,,,,,,,,,,,,,,,,,,,,,,,,,,3,龙眼、荔枝,,,,,,,,,,,,,,,,,,,,,,,,,,,,,,,,,,,,,,,,,,,,,,2.0,,,,,,,,,,,,,,福建,,,,,,,,,,,,,,,,,,,,,,,,,,,,,,,,,,,,,,,,,,,,,,,,,18.2,,,,,,,,,,,,,,,,,,,,1750,0.9,,,,,,,,,,,,,,,,,,,,,2015,,,,,
climate_factors_province_2000_2023,21.1,1815.0,,,,82,,3.0,,,,,,,,,,,,,,,,,,,,,,,,,,,,,,,,,,,,,,,,,,,,,,,,,,,,,,,,,,,,,,,,,27,,,,,,2,,,,,,,,,312,,,,,,12,,,,,,,,,,,,,,,,,,,,,,,,,,,,,,,,,,,3,龙眼、荔枝,,,,,,,,,,,,,,,,,,,,,,,,,,,,,,,,,,,,,,,,,,,,,,10.0,,,,,,,,,,,,,,福建,,,,,,,,,,,,,,,,,,,,,,,,,,,,,,,,,,,,,,,,,,,,,,,,,18.1,,,,,,,,,,,,,,,,,,,,1700,0.8,,,,,,,,,,,,,,,,,,,,,2016,,,,,
climate_factors_province_2000_2023,21.1,1683.0,,,,80,,3.0,,,,,,,,,,,,,,,,,,,,,,,,,,,,,,,,,,,,,,,,,,,,,,,,,,,,,,,,,,,,,,,,,27,,,,,,2,,,,,,,,,312,,,,,,11,,,,,,,,,,,,,,,,,,,,,,,,,,,,,,,,,,,3,龙眼、荔枝,,,,,,,,,,,,,,,,,,,,,,,,,,,,,,,,,,,,,,,,,,,,,,-7.3,,,,,,,,,,,,,,福建,,,,,,,,,,,,,,,,,,,,,,,,,,,,,,,,,,,,,,,,,,,,,,,,,18.1,,,,,,,,,,,,,,,,,,,,1740,0.8,,,,,,,,,,,,,,,,,,,,,2017,,,,,
climate_factors_province_2000_2023,20.8,1650.0,,,,80,,3.0,,,,,,,,,,,,,,,,,,,,,,,,,,,,,,,,,,,,,,,,,,,,,,,,,,,,,,,,,,,,,,,,,26,,,,,,1,,,,,,,,,311,,,,,,10,,,,,,,,,,,,,,,,,,,,,,,,,,,,,,,,,,,3,龙眼、荔枝,,,,,,,,,,,,,,,,,,,,,,,,,,,,,,,,,,,,,,,,,,,,,,-2.0,,,,,,,,,,,,,,福建,,,,,,,,,,,,,,,,,,,,,,,,,,,,,,,,,,,,,,,,,,,,,,,,,17.8,,,,,,,,,,,,,,,,,,,,1750,0.5,,,,,,,,,,,,,,,,,,,,,2018,,,,,
climate_factors_province_2000_2023,21.1,1798.4,,,,81,,3.0,,,,,,,,,,,,,,,,,,,,,,,,,,,,,,,,,,,,,,,,,,,,,,,,,,,,,,,,,,,,,,,,,27,,,,,,2,,,,,,,,,312,,,,,,12,,,,,,,,,,,,,,,,,,,,,,,,,,,,,,,,,,,3,龙眼、荔枝,,,,,,,,,,,,,,,,,,,,,,,,,,,,,,,,,,,,,,,,,,,,,,9.0,,,,,,,,,,,,,,福建,,,,,,,,,,,,,,,,,,,,,,,,,,,,,,,,,,,,,,,,,,,,,,,,,18.1,,,,,,,,,,,,,,,,,,,,1710,0.8,,,,,,,,,,,,,,,,,,,,,2019,,,,,
climate_factors_province_2000_2023,21.0,1744.3,,,,81,,3.0,,,,,,,,,,,,,,,,,,,,,,,,,,,,,,,,,,,,,,,,,,,,,,,,,,,,,,,,,,,,,,,,,27,,,,,,2,,,,,,,,,312,,,,,,11,,,,,,,,,,,,,,,,,,,,,,,,,,,,,,,,,,,3,龙眼、荔枝,,,,,,,,,,,,,,,,,,,,,,,,,,,,,,,,,,,,,,,,,,,,,,-3.0,,,,,,,,,,,,,,福建,,,,,,,,,,,,,,,,,,,,,,,,,,,,,,,,,,,,,,,,,,,,,,,,,18.0,,,,,,,,,,,,,,,,,,,,1720,0.7,,,,,,,,,,,,,,,,,,,,,2020,,,,,
climate_factors_province_2000_2023,21.3,1683.0,,,,80,,3.0,,,,,,,,,,,,,,,,,,,,,,,,,,,,,,,,,,,,,,,,,,,,,,,,,,,,,,,,,,,,,,,,,29,,,,,,2,,,,,,,,,312,,,,,,11,,,,,,,,,,,,,,,,,,,,,,,,,,,,,,,,,,,3,龙眼、荔枝,,,,,,,,,,,,,,,,,,,,,,,,,,,,,,,,,,,,,,,,,,,,,,-3.5,,,,,,,,,,,,,,福建,,,,,,,,,,,,,,,,,,,,,,,,,,,,,,,,,,,,,,,,,,,,,,,,,18.3,,,,,,,,,,,,,,,,,,,,1740,1.0,,,,,,,,,,,,,,,,,,,,,2021,,,,,
climate_factors_province_2000_2023,20.9,1567.5,,,,79,,3.0,,,,,,,,,,,,,,,,,,,,,,,,,,,,,,,,,,,,,,,,,,,,,,,,,,,,,,,,,,,,,,,,,27,,,,,,1,,,,,,,,,311,,,,,,10,,,,,,,,,,,,,,,,,,,,,,,,,,,,,,,,,,,3,龙眼、荔枝,,,,,,,,,,,,,,,,,,,,,,,,,,,,,,,,,,,,,,,,,,,,,,-6.9,,,,,,,,,,,,,,福建,,,,,,,,,,,,,,,,,,,,,,,,,,,,,,,,,,,,,,,,,,,,,,,,,17.9,,,,,,,,,,,,,,,,,,,,1800,0.6,,,,,,,,,,,,,,,,,,,,,2022,,,,,
climate_factors_province_2000_2023,21.1,1716.0,,,,80,,3.0,,,,,,,,,,,,,,,,,,,,,,,,,,,,,,,,,,,,,,,,,,,,,,,,,,,,,,,,,,,,,,,,,28,,,,,,2,,,,,,,,,312,,,,,,11,,,,,,,,,,,,,,,,,,,,,,,,,,,,,,,,,,,3,龙眼、荔枝,,,,,,,,,,,,,,,,,,,,,,,,,,,,,,,,,,,,,,,,,,,,,,9.5,,,,,,,,,,,,,,福建,,,,,,,,,,,,,,,,,,,,,,,,,,,,,,,,,,,,,,,,,,,,,,,,,18.1,,,,,,,,,,,,,,,,,,,,1750,0.8,,,,,,,,,,,,,,,,,,,,,2023,,,,,
colonies_1961_2025,,,,,,,,,3356000,,,,,总计,,,,,,,,,,,,,,,,,,,,,,,,,,,,,,,,,,,,,,,,,,,,,,,,,,,,,,,,,,,,,,,,,,,,,,,,,,,,,,,,,,,,,,,,,,,,,,,,,,,,,,,,,,,,,,,,,,,,,,,,,,,,,,,,,,,,,,,,,,,,,,,,,,,,,,,,,,,,,,,,,,,,,,,,,,,,,,,,全国,,,,,,,,,,,全国,,,,,,,,,,,,,,,,,,,,,,,,,,,,,,,,,,,,,FAO统计数据,,,,,,,,,,,,,,,,,,,,,,,,,,,,,,,,,,,,,,,,,,,1961,,,,,
colonies_1961_2025,,,,,,,,,3460000,,,,,总计,,,,,,,,,,,,,,,,,,,,,,,,,,,,,,,,,,,,,,,,,,,,,,,,,,,,,,,,,,,,,,,,,,,,,,,,,,,,,,,,,,,,,,,,,,,,,,,,,,,,,,,,,,,,,,,,,,,,,,,,,,,,,,,,,,,,,,,,,,,,,,,,,,,,,,,,,,,,,,,,,,,,,,,,,,,,,,,,全国,,,,,,,,,,,全国,,,,,,,,,,,,,,,,,,,,,,,,,,,,,,,,,,,,,FAO统计数据,,,,,,,,,,,,,,,,,,,,,,,,,,,,,,,,,,,,,,,,,,,1962,,,,,
colonies_1961_2025,,,,,,,,,3519000,,,,,总计,,,,,,,,,,,,,,,,,,,,,,,,,,,,,,,,,,,,,,,,,,,,,,,,,,,,,,,,,,,,,,,,,,,,,,,,,,,,,,,,,,,,,,,,,,,,,,,,,,,,,,,,,,,,,,,,,,,,,,,,,,,,,,,,,,,,,,,,,,,,,,,,,,,,,,,,,,,,,,,,,,,,,,,,,,,,,,,,全国,,,,,,,,,,,全国,,,,,,,,,,,,,,,,,,,,,,,,,,,,,,,,,,,,,FAO统计数据,,,,,,,,,,,,,,,,,,,,,,,,,,,,,,,,,,,,,,,,,,,1963,,,,,
colonies_1961_2025,,,,,,,,,3658000,,,,,总计,,,,,,,,,,,,,,,,,,,,,,,,,,,,,,,,,,,,,,,,,,,,,,,,,,,,,,,,,,,,,,,,,,,,,,,,,,,,,,,,,,,,,,,,,,,,,,,,,,,,,,,,,,,,,,,,,,,,,,,,,,,,,,,,,,,,,,,,,,,,,,,,,,,,,,,,,,,,,,,,,,,,,,,,,,,,,,,,全国,,,,,,,,,,,全国,,,,,,,,,,,,,,,,,,,,,,,,,,,,,,,,,,,,,FAO统计数据,,,,,,,,,,,,,,,,,,,,,,,,,,,,,,,,,,,,,,,,,,,1964,,,,,
colonies_1961_2025,,,,,,,,,3757000,,,,,总计,,,,,,,,,,,,,,,,,,,,,,,,,,,,,,,,,,,,,,,,,,,,,,,,,,,,,,,,,,,,,,,,,,,,,,,,,,,,,,,,,,,,,,,,,,,,,,,,,,,,,,,,,,,,,,,,,,,,,,,,,,,,,,,,,,,,,,,,,,,,,,,,,,,,,,,,,,,,,,,,,,,,,,,,,,,,,,,,全国,,,,,,,,,,,全国,,,,,,,,,,,,,,,,,,,,,,,,,,,,,,,,,,,,,FAO统计数据,,,,,,,,,,,,,,,,,,,,,,,,,,,,,,,,,,,,,,,,,,,1965,,,,,
colonies_1961_2025,,,,,,,,,3849000,,,,,总计,,,,,,,,,,,,,,,,,,,,,,,,,,,,,,,,,,,,,,,,,,,,,,,,,,,,,,,,,,,,,,,,,,,,,,,,,,,,,,,,,,,,,,,,,,,,,,,,,,,,,,,,,,,,,,,,,,,,,,,,,,,,,,,,,,,,,,,,,,,,,,,,,,,,,,,,,,,,,,,,,,,,,,,,,,,,,,,,全国,,,,,,,,,,,全国,,,,,,,,,,,,,,,,,,,,,,,,,,,,,,,,,,,,,FAO统计数据,,,,,,,,,,,,,,,,,,,,,,,,,,,,,,,,,,,,,,,,,,,1966,,,,,
colonies_1961_2025,,,,,,,,,3850000,,,,,总计,,,,,,,,,,,,,,,,,,,,,,,,,,,,,,,,,,,,,,,,,,,,,,,,,,,,,,,,,,,,,,,,,,,,,,,,,,,,,,,,,,,,,,,,,,,,,,,,,,,,,,,,,,,,,,,,,,,,,,,,,,,,,,,,,,,,,,,,,,,,,,,,,,,,,,,,,,,,,,,,,,,,,,,,,,,,,,,,全国,,,,,,,,,,,全国,,,,,,,,,,,,,,,,,,,,,,,,,,,,,,,,,,,,,FAO统计数据,,,,,,,,,,,,,,,,,,,,,,,,,,,,,,,,,,,,,,,,,,,1967,,,,,
colonies_1961_2025,,,,,,,,,3957000,,,,,总计,,,,,,,,,,,,,,,,,,,,,,,,,,,,,,,,,,,,,,,,,,,,,,,,,,,,,,,,,,,,,,,,,,,,,,,,,,,,,,,,,,,,,,,,,,,,,,,,,,,,,,,,,,,,,,,,,,,,,,,,,,,,,,,,,,,,,,,,,,,,,,,,,,,,,,,,,,,,,,,,,,,,,,,,,,,,,,,,全国,,,,,,,,,,,全国,,,,,,,,,,,,,,,,,,,,,,,,,,,,,,,,,,,,,FAO统计数据,,,,,,,,,,,,,,,,,,,,,,,,,,,,,,,,,,,,,,,,,,,1968,,,,,
colonies_1961_2025,,,,,,,,,4160000,,,,,总计,,,,,,,,,,,,,,,,,,,,,,,,,,,,,,,,,,,,,,,,,,,,,,,,,,,,,,,,,,,,,,,,,,,,,,,,,,,,,,,,,,,,,,,,,,,,,,,,,,,,,,,,,,,,,,,,,,,,,,,,,,,,,,,,,,,,,,,,,,,,,,,,,,,,,,,,,,,,,,,,,,,,,,,,,,,,,,,,全国,,,,,,,,,,,全国,,,,,,,,,,,,,,,,,,,,,,,,,,,,,,,,,,,,,FAO统计数据,,,,,,,,,,,,,,,,,,,,,,,,,,,,,,,,,,,,,,,,,,,1969,,,,,
colonies_1961_2025,,,,,,,,,4165000,,,,,总计,,,,,,,,,,,,,,,,,,,,,,,,,,,,,,,,,,,,,,,,,,,,,,,,,,,,,,,,,,,,,,,,,,,,,,,,,,,,,,,,,,,,,,,,,,,,,,,,,,,,,,,,,,,,,,,,,,,,,,,,,,,,,,,,,,,,,,,,,,,,,,,,,,,,,,,,,,,,,,,,,,,,,,,,,,,,,,,,全国,,,,,,,,,,,全国,,,,,,,,,,,,,,,,,,,,,,,,,,,,,,,,,,,,,FAO统计数据,,,,,,,,,,,,,,,,,,,,,,,,,,,,,,,,,,,,,,,,,,,1970,,,,,
colonies_1961_2025,,,,,,,,,4370000,,,,,总计,,,,,,,,,,,,,,,,,,,,,,,,,,,,,,,,,,,,,,,,,,,,,,,,,,,,,,,,,,,,,,,,,,,,,,,,,,,,,,,,,,,,,,,,,,,,,,,,,,,,,,,,,,,,,,,,,,,,,,,,,,,,,,,,,,,,,,,,,,,,,,,,,,,,,,,,,,,,,,,,,,,,,,,,,,,,,,,,全国,,,,,,,,,,,全国,,,,,,,,,,,,,,,,,,,,,,,,,,,,,,,,,,,,,FAO统计数据,,,,,,,,,,,,,,,,,,,,,,,,,,,,,,,,,,,,,,,,,,,1971,,,,,
colonies_1961_2025,,,,,,,,,4375000,,,,,总计,,,,,,,,,,,,,,,,,,,,,,,,,,,,,,,,,,,,,,,,,,,,,,,,,,,,,,,,,,,,,,,,,,,,,,,,,,,,,,,,,,,,,,,,,,,,,,,,,,,,,,,,,,,,,,,,,,,,,,,,,,,,,,,,,,,,,,,,,,,,,,,,,,,,,,,,,,,,,,,,,,,,,,,,,,,,,,,,全国,,,,,,,,,,,全国,,,,,,,,,,,,,,,,,,,,,,,,,,,,,,,,,,,,,FAO统计数据,,,,,,,,,,,,,,,,,,,,,,,,,,,,,,,,,,,,,,,,,,,1972,,,,,
colonies_1961_2025,,,,,,,,,4180000,,,,,总计,,,,,,,,,,,,,,,,,,,,,,,,,,,,,,,,,,,,,,,,,,,,,,,,,,,,,,,,,,,,,,,,,,,,,,,,,,,,,,,,,,,,,,,,,,,,,,,,,,,,,,,,,,,,,,,,,,,,,,,,,,,,,,,,,,,,,,,,,,,,,,,,,,,,,,,,,,,,,,,,,,,,,,,,,,,,,,,,全国,,,,,,,,,,,全国,,,,,,,,,,,,,,,,,,,,,,,,,,,,,,,,,,,,,FAO统计数据,,,,,,,,,,,,,,,,,,,,,,,,,,,,,,,,,,,,,,,,,,,1973,,,,,
colonies_1961_2025,,,,,,,,,4185000,,,,,总计,,,,,,,,,,,,,,,,,,,,,,,,,,,,,,,,,,,,,,,,,,,,,,,,,,,,,,,,,,,,,,,,,,,,,,,,,,,,,,,,,,,,,,,,,,,,,,,,,,,,,,,,,,,,,,,,,,,,,,,,,,,,,,,,,,,,,,,,,,,,,,,,,,,,,,,,,,,,,,,,,,,,,,,,,,,,,,,,全国,,,,,,,,,,,全国,,,,,,,,,,,,,,,,,,,,,,,,,,,,,,,,,,,,,FAO统计数据,,,,,,,,,,,,,,,,,,,,,,,,,,,,,,,,,,,,,,,,,,,1974,,,,,
colonies_1961_2025,,,,,,,,,4190000,,,,,总计,,,,,,,,,,,,,,,,,,,,,,,,,,,,,,,,,,,,,,,,,,,,,,,,,,,,,,,,,,,,,,,,,,,,,,,,,,,,,,,,,,,,,,,,,,,,,,,,,,,,,,,,,,,,,,,,,,,,,,,,,,,,,,,,,,,,,,,,,,,,,,,,,,,,,,,,,,,,,,,,,,,,,,,,,,,,,,,,全国,,,,,,,,,,,全国,,,,,,,,,,,,,,,,,,,,,,,,,,,,,,,,,,,,,FAO统计数据,,,,,,,,,,,,,,,,,,,,,,,,,,,,,,,,,,,,,,,,,,,1975,,,,,
colonies_1961_2025,,,,,,,,,4195000,,,,,总计,,,,,,,,,,,,,,,,,,,,,,,,,,,,,,,,,,,,,,,,,,,,,,,,,,,,,,,,,,,,,,,,,,,,,,,,,,,,,,,,,,,,,,,,,,,,,,,,,,,,,,,,,,,,,,,,,,,,,,,,,,,,,,,,,,,,,,,,,,,,,,,,,,,,,,,,,,,,,,,,,,,,,,,,,,,,,,,,全国,,,,,,,,,,,全国,,,,,,,,,,,,,,,,,,,,,,,,,,,,,,,,,,,,,FAO统计数据,,,,,,,,,,,,,,,,,,,,,,,,,,,,,,,,,,,,,,,,,,,1976,,,,,
colonies_1961_2025,,,,,,,,,4300000,,,,,总计,,,,,,,,,,,,,,,,,,,,,,,,,,,,,,,,,,,,,,,,,,,,,,,,,,,,,,,,,,,,,,,,,,,,,,,,,,,,,,,,,,,,,,,,,,,,,,,,,,,,,,,,,,,,,,,,,,,,,,,,,,,,,,,,,,,,,,,,,,,,,,,,,,,,,,,,,,,,,,,,,,,,,,,,,,,,,,,,全国,,,,,,,,,,,全国,,,,,,,,,,,,,,,,,,,,,,,,,,,,,,,,,,,,,FAO统计数据,,,,,,,,,,,,,,,,,,,,,,,,,,,,,,,,,,,,,,,,,,,1977,,,,,
colonies_1961_2025,,,,,,,,,4356919,,,,,总计,,,,,,,,,,,,,,,,,,,,,,,,,,,,,,,,,,,,,,,,,,,,,,,,,,,,,,,,,,,,,,,,,,,,,,,,,,,,,,,,,,,,,,,,,,,,,,,,,,,,,,,,,,,,,,,,,,,,,,,,,,,,,,,,,,,,,,,,,,,,,,,,,,,,,,,,,,,,,,,,,,,,,,,,,,,,,,,,全国,,,,,,,,,,,全国,,,,,,,,,,,,,,,,,,,,,,,,,,,,,,,,,,,,,FAO统计数据,,,,,,,,,,,,,,,,,,,,,,,,,,,,,,,,,,,,,,,,,,,1978,,,,,
colonies_1961_2025,,,,,,,,,4429315,,,,,总计,,,,,,,,,,,,,,,,,,,,,,,,,,,,,,,,,,,,,,,,,,,,,,,,,,,,,,,,,,,,,,,,,,,,,,,,,,,,,,,,,,,,,,,,,,,,,,,,,,,,,,,,,,,,,,,,,,,,,,,,,,,,,,,,,,,,,,,,,,,,,,,,,,,,,,,,,,,,,,,,,,,,,,,,,,,,,,,,全国,,,,,,,,,,,全国,,,,,,,,,,,,,,,,,,,,,,,,,,,,,,,,,,,,,FAO统计数据,,,,,,,,,,,,,,,,,,,,,,,,,,,,,,,,,,,,,,,,,,,1979,,,,,
colonies_1961_2025,,,,,,,,,5552809,,,,,总计,,,,,,,,,,,,,,,,,,,,,,,,,,,,,,,,,,,,,,,,,,,,,,,,,,,,,,,,,,,,,,,,,,,,,,,,,,,,,,,,,,,,,,,,,,,,,,,,,,,,,,,,,,,,,,,,,,,,,,,,,,,,,,,,,,,,,,,,,,,,,,,,,,,,,,,,,,,,,,,,,,,,,,,,,,,,,,,,全国,,,,,,,,,,,全国,,,,,,,,,,,,,,,,,,,,,,,,,,,,,,,,,,,,,FAO统计数据,,,,,,,,,,,,,,,,,,,,,,,,,,,,,,,,,,,,,,,,,,,1980,,,,,
colonies_1961_2025,,,,,,,,,6155564,,,,,总计,,,,,,,,,,,,,,,,,,,,,,,,,,,,,,,,,,,,,,,,,,,,,,,,,,,,,,,,,,,,,,,,,,,,,,,,,,,,,,,,,,,,,,,,,,,,,,,,,,,,,,,,,,,,,,,,,,,,,,,,,,,,,,,,,,,,,,,,,,,,,,,,,,,,,,,,,,,,,,,,,,,,,,,,,,,,,,,,全国,,,,,,,,,,,全国,,,,,,,,,,,,,,,,,,,,,,,,,,,,,,,,,,,,,FAO统计数据,,,,,,,,,,,,,,,,,,,,,,,,,,,,,,,,,,,,,,,,,,,1981,,,,,
colonies_1961_2025,,,,,,,,,6347365,,,,,总计,,,,,,,,,,,,,,,,,,,,,,,,,,,,,,,,,,,,,,,,,,,,,,,,,,,,,,,,,,,,,,,,,,,,,,,,,,,,,,,,,,,,,,,,,,,,,,,,,,,,,,,,,,,,,,,,,,,,,,,,,,,,,,,,,,,,,,,,,,,,,,,,,,,,,,,,,,,,,,,,,,,,,,,,,,,,,,,,全国,,,,,,,,,,,全国,,,,,,,,,,,,,,,,,,,,,,,,,,,,,,,,,,,,,FAO统计数据,,,,,,,,,,,,,,,,,,,,,,,,,,,,,,,,,,,,,,,,,,,1982,,,,,
colonies_1961_2025,,,,,,,,,6560359,,,,,总计,,,,,,,,,,,,,,,,,,,,,,,,,,,,,,,,,,,,,,,,,,,,,,,,,,,,,,,,,,,,,,,,,,,,,,,,,,,,,,,,,,,,,,,,,,,,,,,,,,,,,,,,,,,,,,,,,,,,,,,,,,,,,,,,,,,,,,,,,,,,,,,,,,,,,,,,,,,,,,,,,,,,,,,,,,,,,,,,全国,,,,,,,,,,,全国,,,,,,,,,,,,,,,,,,,,,,,,,,,,,,,,,,,,,FAO统计数据,,,,,,,,,,,,,,,,,,,,,,,,,,,,,,,,,,,,,,,,,,,1983,,,,,
colonies_1961_2025,,,,,,,,,6734471,,,,,总计,,,,,,,,,,,,,,,,,,,,,,,,,,,,,,,,,,,,,,,,,,,,,,,,,,,,,,,,,,,,,,,,,,,,,,,,,,,,,,,,,,,,,,,,,,,,,,,,,,,,,,,,,,,,,,,,,,,,,,,,,,,,,,,,,,,,,,,,,,,,,,,,,,,,,,,,,,,,,,,,,,,,,,,,,,,,,,,,全国,,,,,,,,,,,全国,,,,,,,,,,,,,,,,,,,,,,,,,,,,,,,,,,,,,FAO统计数据,,,,,,,,,,,,,,,,,,,,,,,,,,,,,,,,,,,,,,,,,,,1984,,,,,
colonies_1961_2025,,,,,,,,,7016049,,,,,总计,,,,,,,,,,,,,,,,,,,,,,,,,,,,,,,,,,,,,,,,,,,,,,,,,,,,,,,,,,,,,,,,,,,,,,,,,,,,,,,,,,,,,,,,,,,,,,,,,,,,,,,,,,,,,,,,,,,,,,,,,,,,,,,,,,,,,,,,,,,,,,,,,,,,,,,,,,,,,,,,,,,,,,,,,,,,,,,,全国,,,,,,,,,,,全国,,,,,,,,,,,,,,,,,,,,,,,,,,,,,,,,,,,,,FAO统计数据,,,,,,,,,,,,,,,,,,,,,,,,,,,,,,,,,,,,,,,,,,,1985,,,,,
colonies_1961_2025,,,,,,,,,6909040,,,,,总计,,,,,,,,,,,,,,,,,,,,,,,,,,,,,,,,,,,,,,,,,,,,,,,,,,,,,,,,,,,,,,,,,,,,,,,,,,,,,,,,,,,,,,,,,,,,,,,,,,,,,,,,,,,,,,,,,,,,,,,,,,,,,,,,,,,,,,,,,,,,,,,,,,,,,,,,,,,,,,,,,,,,,,,,,,,,,,,,全国,,,,,,,,,,,全国,,,,,,,,,,,,,,,,,,,,,,,,,,,,,,,,,,,,,FAO统计数据,,,,,,,,,,,,,,,,,,,,,,,,,,,,,,,,,,,,,,,,,,,1986,,,,,
colonies_1961_2025,,,,,,,,,6881040,,,,,总计,,,,,,,,,,,,,,,,,,,,,,,,,,,,,,,,,,,,,,,,,,,,,,,,,,,,,,,,,,,,,,,,,,,,,,,,,,,,,,,,,,,,,,,,,,,,,,,,,,,,,,,,,,,,,,,,,,,,,,,,,,,,,,,,,,,,,,,,,,,,,,,,,,,,,,,,,,,,,,,,,,,,,,,,,,,,,,,,全国,,,,,,,,,,,全国,,,,,,,,,,,,,,,,,,,,,,,,,,,,,,,,,,,,,FAO统计数据,,,,,,,,,,,,,,,,,,,,,,,,,,,,,,,,,,,,,,,,,,,1987,,,,,
colonies_1961_2025,,,,,,,,,7815910,,,,,总计,,,,,,,,,,,,,,,,,,,,,,,,,,,,,,,,,,,,,,,,,,,,,,,,,,,,,,,,,,,,,,,,,,,,,,,,,,,,,,,,,,,,,,,,,,,,,,,,,,,,,,,,,,,,,,,,,,,,,,,,,,,,,,,,,,,,,,,,,,,,,,,,,,,,,,,,,,,,,,,,,,,,,,,,,,,,,,,,全国,,,,,,,,,,,全国,,,,,,,,,,,,,,,,,,,,,,,,,,,,,,,,,,,,,FAO统计数据,,,,,,,,,,,,,,,,,,,,,,,,,,,,,,,,,,,,,,,,,,,1988,,,,,
colonies_1961_2025,,,,,,,,,7808208,,,,,总计,,,,,,,,,,,,,,,,,,,,,,,,,,,,,,,,,,,,,,,,,,,,,,,,,,,,,,,,,,,,,,,,,,,,,,,,,,,,,,,,,,,,,,,,,,,,,,,,,,,,,,,,,,,,,,,,,,,,,,,,,,,,,,,,,,,,,,,,,,,,,,,,,,,,,,,,,,,,,,,,,,,,,,,,,,,,,,,,全国,,,,,,,,,,,全国,,,,,,,,,,,,,,,,,,,,,,,,,,,,,,,,,,,,,FAO统计数据,,,,,,,,,,,,,,,,,,,,,,,,,,,,,,,,,,,,,,,,,,,1989,,,,,
colonies_1961_2025,,,,,,,,,7483472,,,,,总计,,,,,,,,,,,,,,,,,,,,,,,,,,,,,,,,,,,,,,,,,,,,,,,,,,,,,,,,,,,,,,,,,,,,,,,,,,,,,,,,,,,,,,,,,,,,,,,,,,,,,,,,,,,,,,,,,,,,,,,,,,,,,,,,,,,,,,,,,,,,,,,,,,,,,,,,,,,,,,,,,,,,,,,,,,,,,,,,全国,,,,,,,,,,,全国,,,,,,,,,,,,,,,,,,,,,,,,,,,,,,,,,,,,,FAO统计数据,,,,,,,,,,,,,,,,,,,,,,,,,,,,,,,,,,,,,,,,,,,1990,,,,,
colonies_1961_2025,,,,,,,,,7786087,,,,,总计,,,,,,,,,,,,,,,,,,,,,,,,,,,,,,,,,,,,,,,,,,,,,,,,,,,,,,,,,,,,,,,,,,,,,,,,,,,,,,,,,,,,,,,,,,,,,,,,,,,,,,,,,,,,,,,,,,,,,,,,,,,,,,,,,,,,,,,,,,,,,,,,,,,,,,,,,,,,,,,,,,,,,,,,,,,,,,,,全国,,,,,,,,,,,全国,,,,,,,,,,,,,,,,,,,,,,,,,,,,,,,,,,,,,FAO统计数据,,,,,,,,,,,,,,,,,,,,,,,,,,,,,,,,,,,,,,,,,,,1991,,,,,
colonies_1961_2025,,,,,,,,,7700420,,,,,总计,,,,,,,,,,,,,,,,,,,,,,,,,,,,,,,,,,,,,,,,,,,,,,,,,,,,,,,,,,,,,,,,,,,,,,,,,,,,,,,,,,,,,,,,,,,,,,,,,,,,,,,,,,,,,,,,,,,,,,,,,,,,,,,,,,,,,,,,,,,,,,,,,,,,,,,,,,,,,,,,,,,,,,,,,,,,,,,,全国,,,,,,,,,,,全国,,,,,,,,,,,,,,,,,,,,,,,,,,,,,,,,,,,,,FAO统计数据,,,,,,,,,,,,,,,,,,,,,,,,,,,,,,,,,,,,,,,,,,,1992,,,,,
colonies_1961_2025,,,,,,,,,7176170,,,,,总计,,,,,,,,,,,,,,,,,,,,,,,,,,,,,,,,,,,,,,,,,,,,,,,,,,,,,,,,,,,,,,,,,,,,,,,,,,,,,,,,,,,,,,,,,,,,,,,,,,,,,,,,,,,,,,,,,,,,,,,,,,,,,,,,,,,,,,,,,,,,,,,,,,,,,,,,,,,,,,,,,,,,,,,,,,,,,,,,全国,,,,,,,,,,,全国,,,,,,,,,,,,,,,,,,,,,,,,,,,,,,,,,,,,,FAO统计数据,,,,,,,,,,,,,,,,,,,,,,,,,,,,,,,,,,,,,,,,,,,1993,,,,,
colonies_1961_2025,,,,,,,,,6583250,,,,,总计,,,,,,,,,,,,,,,,,,,,,,,,,,,,,,,,,,,,,,,,,,,,,,,,,,,,,,,,,,,,,,,,,,,,,,,,,,,,,,,,,,,,,,,,,,,,,,,,,,,,,,,,,,,,,,,,,,,,,,,,,,,,,,,,,,,,,,,,,,,,,,,,,,,,,,,,,,,,,,,,,,,,,,,,,,,,,,,,全国,,,,,,,,,,,全国,,,,,,,,,,,,,,,,,,,,,,,,,,,,,,,,,,,,,FAO统计数据,,,,,,,,,,,,,,,,,,,,,,,,,,,,,,,,,,,,,,,,,,,1994,,,,,
colonies_1961_2025,,,,,,,,,6431375,,,,,总计,,,,,,,,,,,,,,,,,,,,,,,,,,,,,,,,,,,,,,,,,,,,,,,,,,,,,,,,,,,,,,,,,,,,,,,,,,,,,,,,,,,,,,,,,,,,,,,,,,,,,,,,,,,,,,,,,,,,,,,,,,,,,,,,,,,,,,,,,,,,,,,,,,,,,,,,,,,,,,,,,,,,,,,,,,,,,,,,全国,,,,,,,,,,,全国,,,,,,,,,,,,,,,,,,,,,,,,,,,,,,,,,,,,,FAO统计数据,,,,,,,,,,,,,,,,,,,,,,,,,,,,,,,,,,,,,,,,,,,1995,,,,,
colonies_1961_2025,,,,,,,,,6390434,,,,,总计,,,,,,,,,,,,,,,,,,,,,,,,,,,,,,,,,,,,,,,,,,,,,,,,,,,,,,,,,,,,,,,,,,,,,,,,,,,,,,,,,,,,,,,,,,,,,,,,,,,,,,,,,,,,,,,,,,,,,,,,,,,,,,,,,,,,,,,,,,,,,,,,,,,,,,,,,,,,,,,,,,,,,,,,,,,,,,,,全国,,,,,,,,,,,全国,,,,,,,,,,,,,,,,,,,,,,,,,,,,,,,,,,,,,FAO统计数据,,,,,,,,,,,,,,,,,,,,,,,,,,,,,,,,,,,,,,,,,,,1996,,,,,
colonies_1961_2025,,,,,,,,,6924345,,,,,总计,,,,,,,,,,,,,,,,,,,,,,,,,,,,,,,,,,,,,,,,,,,,,,,,,,,,,,,,,,,,,,,,,,,,,,,,,,,,,,,,,,,,,,,,,,,,,,,,,,,,,,,,,,,,,,,,,,,,,,,,,,,,,,,,,,,,,,,,,,,,,,,,,,,,,,,,,,,,,,,,,,,,,,,,,,,,,,,,全国,,,,,,,,,,,全国,,,,,,,,,,,,,,,,,,,,,,,,,,,,,,,,,,,,,FAO统计数据,,,,,,,,,,,,,,,,,,,,,,,,,,,,,,,,,,,,,,,,,,,1997,,,,,
colonies_1961_2025,,,,,,,,,7108550,,,,,总计,,,,,,,,,,,,,,,,,,,,,,,,,,,,,,,,,,,,,,,,,,,,,,,,,,,,,,,,,,,,,,,,,,,,,,,,,,,,,,,,,,,,,,,,,,,,,,,,,,,,,,,,,,,,,,,,,,,,,,,,,,,,,,,,,,,,,,,,,,,,,,,,,,,,,,,,,,,,,,,,,,,,,,,,,,,,,,,,全国,,,,,,,,,,,全国,,,,,,,,,,,,,,,,,,,,,,,,,,,,,,,,,,,,,FAO统计数据,,,,,,,,,,,,,,,,,,,,,,,,,,,,,,,,,,,,,,,,,,,1998,,,,,
colonies_1961_2025,,,,,,,,,7202550,,,,,总计,,,,,,,,,,,,,,,,,,,,,,,,,,,,,,,,,,,,,,,,,,,,,,,,,,,,,,,,,,,,,,,,,,,,,,,,,,,,,,,,,,,,,,,,,,,,,,,,,,,,,,,,,,,,,,,,,,,,,,,,,,,,,,,,,,,,,,,,,,,,,,,,,,,,,,,,,,,,,,,,,,,,,,,,,,,,,,,,全国,,,,,,,,,,,全国,,,,,,,,,,,,,,,,,,,,,,,,,,,,,,,,,,,,,FAO统计数据,,,,,,,,,,,,,,,,,,,,,,,,,,,,,,,,,,,,,,,,,,,1999,,,,,
colonies_1961_2025,,,,,,,,,7494970,,,,,总计,,,,,,,,,,,,,,,,,,,,,,,,,,,,,,,,,,,,,,,,,,,,,,,,,,,,,,,,,,,,,,,,,,,,,,,,,,,,,,,,,,,,,,,,,,,,,,,,,,,,,,,,,,,,,,,,,,,,,,,,,,,,,,,,,,,,,,,,,,,,,,,,,,,,,,,,,,,,,,,,,,,,,,,,,,,,,,,,全国,,,,,,,,,,,全国,,,,,,,,,,,,,,,,,,,,,,,,,,,,,,,,,,,,,FAO统计数据,,,,,,,,,,,,,,,,,,,,,,,,,,,,,,,,,,,,,,,,,,,2000,,,,,
colonies_1961_2025,,,,,,,,,7598410,,,,,总计,,,,,,,,,,,,,,,,,,,,,,,,,,,,,,,,,,,,,,,,,,,,,,,,,,,,,,,,,,,,,,,,,,,,,,,,,,,,,,,,,,,,,,,,,,,,,,,,,,,,,,,,,,,,,,,,,,,,,,,,,,,,,,,,,,,,,,,,,,,,,,,,,,,,,,,,,,,,,,,,,,,,,,,,,,,,,,,,全国,,,,,,,,,,,全国,,,,,,,,,,,,,,,,,,,,,,,,,,,,,,,,,,,,,FAO统计数据,,,,,,,,,,,,,,,,,,,,,,,,,,,,,,,,,,,,,,,,,,,2001,,,,,
colonies_1961_2025,,,,,,,,,7699630,,,,,总计,,,,,,,,,,,,,,,,,,,,,,,,,,,,,,,,,,,,,,,,,,,,,,,,,,,,,,,,,,,,,,,,,,,,,,,,,,,,,,,,,,,,,,,,,,,,,,,,,,,,,,,,,,,,,,,,,,,,,,,,,,,,,,,,,,,,,,,,,,,,,,,,,,,,,,,,,,,,,,,,,,,,,,,,,,,,,,,,全国,,,,,,,,,,,全国,,,,,,,,,,,,,,,,,,,,,,,,,,,,,,,,,,,,,FAO统计数据,,,,,,,,,,,,,,,,,,,,,,,,,,,,,,,,,,,,,,,,,,,2002,,,,,
colonies_1961_2025,,,,,,,,,7900720,,,,,总计,,,,,,,,,,,,,,,,,,,,,,,,,,,,,,,,,,,,,,,,,,,,,,,,,,,,,,,,,,,,,,,,,,,,,,,,,,,,,,,,,,,,,,,,,,,,,,,,,,,,,,,,,,,,,,,,,,,,,,,,,,,,,,,,,,,,,,,,,,,,,,,,,,,,,,,,,,,,,,,,,,,,,,,,,,,,,,,,全国,,,,,,,,,,,全国,,,,,,,,,,,,,,,,,,,,,,,,,,,,,,,,,,,,,FAO统计数据,,,,,,,,,,,,,,,,,,,,,,,,,,,,,,,,,,,,,,,,,,,2003,,,,,
colonies_1961_2025,,,,,,,,,8101530,,,,,总计,,,,,,,,,,,,,,,,,,,,,,,,,,,,,,,,,,,,,,,,,,,,,,,,,,,,,,,,,,,,,,,,,,,,,,,,,,,,,,,,,,,,,,,,,,,,,,,,,,,,,,,,,,,,,,,,,,,,,,,,,,,,,,,,,,,,,,,,,,,,,,,,,,,,,,,,,,,,,,,,,,,,,,,,,,,,,,,,全国,,,,,,,,,,,全国,,,,,,,,,,,,,,,,,,,,,,,,,,,,,,,,,,,,,FAO统计数据,,,,,,,,,,,,,,,,,,,,,,,,,,,,,,,,,,,,,,,,,,,2004,,,,,
colonies_1961_2025,,,,,,,,,8338930,,,,,总计,,,,,,,,,,,,,,,,,,,,,,,,,,,,,,,,,,,,,,,,,,,,,,,,,,,,,,,,,,,,,,,,,,,,,,,,,,,,,,,,,,,,,,,,,,,,,,,,,,,,,,,,,,,,,,,,,,,,,,,,,,,,,,,,,,,,,,,,,,,,,,,,,,,,,,,,,,,,,,,,,,,,,,,,,,,,,,,,全国,,,,,,,,,,,全国,,,,,,,,,,,,,,,,,,,,,,,,,,,,,,,,,,,,,FAO统计数据,,,,,,,,,,,,,,,,,,,,,,,,,,,,,,,,,,,,,,,,,,,2005,,,,,
colonies_1961_2025,,,,,,,,,8480750,,,,,总计,,,,,,,,,,,,,,,,,,,,,,,,,,,,,,,,,,,,,,,,,,,,,,,,,,,,,,,,,,,,,,,,,,,,,,,,,,,,,,,,,,,,,,,,,,,,,,,,,,,,,,,,,,,,,,,,,,,,,,,,,,,,,,,,,,,,,,,,,,,,,,,,,,,,,,,,,,,,,,,,,,,,,,,,,,,,,,,,全国,,,,,,,,,,,全国,,,,,,,,,,,,,,,,,,,,,,,,,,,,,,,,,,,,,FAO统计数据,,,,,,,,,,,,,,,,,,,,,,,,,,,,,,,,,,,,,,,,,,,2006,,,,,
colonies_1961_2025,,,,,,,,,8573050,,,,,总计,,,,,,,,,,,,,,,,,,,,,,,,,,,,,,,,,,,,,,,,,,,,,,,,,,,,,,,,,,,,,,,,,,,,,,,,,,,,,,,,,,,,,,,,,,,,,,,,,,,,,,,,,,,,,,,,,,,,,,,,,,,,,,,,,,,,,,,,,,,,,,,,,,,,,,,,,,,,,,,,,,,,,,,,,,,,,,,,全国,,,,,,,,,,,全国,,,,,,,,,,,,,,,,,,,,,,,,,,,,,,,,,,,,,FAO统计数据,,,,,,,,,,,,,,,,,,,,,,,,,,,,,,,,,,,,,,,,,,,2007,,,,,
colonies_1961_2025,,,,,,,,,8771200,,,,,总计,,,,,,,,,,,,,,,,,,,,,,,,,,,,,,,,,,,,,,,,,,,,,,,,,,,,,,,,,,,,,,,,,,,,,,,,,,,,,,,,,,,,,,,,,,,,,,,,,,,,,,,,,,,,,,,,,,,,,,,,,,,,,,,,,,,,,,,,,,,,,,,,,,,,,,,,,,,,,,,,,,,,,,,,,,,,,,,,全国,,,,,,,,,,,全国,,,,,,,,,,,,,,,,,,,,,,,,,,,,,,,,,,,,,FAO统计数据,,,,,,,,,,,,,,,,,,,,,,,,,,,,,,,,,,,,,,,,,,,2008,,,,,
colonies_1961_2025,,,,,,,,,8827150,,,,,总计,,,,,,,,,,,,,,,,,,,,,,,,,,,,,,,,,,,,,,,,,,,,,,,,,,,,,,,,,,,,,,,,,,,,,,,,,,,,,,,,,,,,,,,,,,,,,,,,,,,,,,,,,,,,,,,,,,,,,,,,,,,,,,,,,,,,,,,,,,,,,,,,,,,,,,,,,,,,,,,,,,,,,,,,,,,,,,,,全国,,,,,,,,,,,全国,,,,,,,,,,,,,,,,,,,,,,,,,,,,,,,,,,,,,FAO统计数据,,,,,,,,,,,,,,,,,,,,,,,,,,,,,,,,,,,,,,,,,,,2009,,,,,
colonies_1961_2025,,,,,,,,,8897730,,,,,总计,,,,,,,,,,,,,,,,,,,,,,,,,,,,,,,,,,,,,,,,,,,,,,,,,,,,,,,,,,,,,,,,,,,,,,,,,,,,,,,,,,,,,,,,,,,,,,,,,,,,,,,,,,,,,,,,,,,,,,,,,,,,,,,,,,,,,,,,,,,,,,,,,,,,,,,,,,,,,,,,,,,,,,,,,,,,,,,,全国,,,,,,,,,,,全国,,,,,,,,,,,,,,,,,,,,,,,,,,,,,,,,,,,,,FAO统计数据,,,,,,,,,,,,,,,,,,,,,,,,,,,,,,,,,,,,,,,,,,,2010,,,,,
colonies_1961_2025,,,,,,,,,8953870,,,,,总计,,,,,,,,,,,,,,,,,,,,,,,,,,,,,,,,,,,,,,,,,,,,,,,,,,,,,,,,,,,,,,,,,,,,,,,,,,,,,,,,,,,,,,,,,,,,,,,,,,,,,,,,,,,,,,,,,,,,,,,,,,,,,,,,,,,,,,,,,,,,,,,,,,,,,,,,,,,,,,,,,,,,,,,,,,,,,,,,全国,,,,,,,,,,,全国,,,,,,,,,,,,,,,,,,,,,,,,,,,,,,,,,,,,,FAO统计数据,,,,,,,,,,,,,,,,,,,,,,,,,,,,,,,,,,,,,,,,,,,2011,,,,,
colonies_1961_2025,,,,,,,,,8987204,,,,,总计,,,,,,,,,,,,,,,,,,,,,,,,,,,,,,,,,,,,,,,,,,,,,,,,,,,,,,,,,,,,,,,,,,,,,,,,,,,,,,,,,,,,,,,,,,,,,,,,,,,,,,,,,,,,,,,,,,,,,,,,,,,,,,,,,,,,,,,,,,,,,,,,,,,,,,,,,,,,,,,,,,,,,,,,,,,,,,,,全国,,,,,,,,,,,全国,,,,,,,,,,,,,,,,,,,,,,,,,,,,,,,,,,,,,FAO统计数据,,,,,,,,,,,,,,,,,,,,,,,,,,,,,,,,,,,,,,,,,,,2012,,,,,
colonies_1961_2025,,,,,,,,,9020000,,,,,总计,,,,,,,,,,,,,,,,,,,,,,,,,,,,,,,,,,,,,,,,,,,,,,,,,,,,,,,,,,,,,,,,,,,,,,,,,,,,,,,,,,,,,,,,,,,,,,,,,,,,,,,,,,,,,,,,,,,,,,,,,,,,,,,,,,,,,,,,,,,,,,,,,,,,,,,,,,,,,,,,,,,,,,,,,,,,,,,,全国,,,,,,,,,,,全国,,,,,,,,,,,,,,,,,,,,,,,,,,,,,,,,,,,,,FAO统计数据,,,,,,,,,,,,,,,,,,,,,,,,,,,,,,,,,,,,,,,,,,,2013,,,,,
colonies_1961_2025,,,,,,,,,9075000,,,,,总计,,,,,,,,,,,,,,,,,,,,,,,,,,,,,,,,,,,,,,,,,,,,,,,,,,,,,,,,,,,,,,,,,,,,,,,,,,,,,,,,,,,,,,,,,,,,,,,,,,,,,,,,,,,,,,,,,,,,,,,,,,,,,,,,,,,,,,,,,,,,,,,,,,,,,,,,,,,,,,,,,,,,,,,,,,,,,,,,全国,,,,,,,,,,,全国,,,,,,,,,,,,,,,,,,,,,,,,,,,,,,,,,,,,,FAO统计数据,,,,,,,,,,,,,,,,,,,,,,,,,,,,,,,,,,,,,,,,,,,2014,,,,,
colonies_1961_2025,,,,,,,,,9129857,,,,,总计,,,,,,,,,,,,,,,,,,,,,,,,,,,,,,,,,,,,,,,,,,,,,,,,,,,,,,,,,,,,,,,,,,,,,,,,,,,,,,,,,,,,,,,,,,,,,,,,,,,,,,,,,,,,,,,,,,,,,,,,,,,,,,,,,,,,,,,,,,,,,,,,,,,,,,,,,,,,,,,,,,,,,,,,,,,,,,,,全国,,,,,,,,,,,全国,,,,,,,,,,,,,,,,,,,,,,,,,,,,,,,,,,,,,FAO统计数据,,,,,,,,,,,,,,,,,,,,,,,,,,,,,,,,,,,,,,,,,,,2015,,,,,
colonies_1961_2025,,,,,,,,,9184254,,,,,总计,,,,,,,,,,,,,,,,,,,,,,,,,,,,,,,,,,,,,,,,,,,,,,,,,,,,,,,,,,,,,,,,,,,,,,,,,,,,,,,,,,,,,,,,,,,,,,,,,,,,,,,,,,,,,,,,,,,,,,,,,,,,,,,,,,,,,,,,,,,,,,,,,,,,,,,,,,,,,,,,,,,,,,,,,,,,,,,,全国,,,,,,,,,,,全国,,,,,,,,,,,,,,,,,,,,,,,,,,,,,,,,,,,,,FAO统计数据,,,,,,,,,,,,,,,,,,,,,,,,,,,,,,,,,,,,,,,,,,,2016,,,,,
colonies_1961_2025,,,,,,,,,9238330,,,,,总计,,,,,,,,,,,,,,,,,,,,,,,,,,,,,,,,,,,,,,,,,,,,,,,,,,,,,,,,,,,,,,,,,,,,,,,,,,,,,,,,,,,,,,,,,,,,,,,,,,,,,,,,,,,,,,,,,,,,,,,,,,,,,,,,,,,,,,,,,,,,,,,,,,,,,,,,,,,,,,,,,,,,,,,,,,,,,,,,全国,,,,,,,,,,,全国,,,,,,,,,,,,,,,,,,,,,,,,,,,,,,,,,,,,,FAO统计数据,,,,,,,,,,,,,,,,,,,,,,,,,,,,,,,,,,,,,,,,,,,2017,,,,,
colonies_1961_2025,,,,,,,,,9291246,,,,,总计,,,,,,,,,,,,,,,,,,,,,,,,,,,,,,,,,,,,,,,,,,,,,,,,,,,,,,,,,,,,,,,,,,,,,,,,,,,,,,,,,,,,,,,,,,,,,,,,,,,,,,,,,,,,,,,,,,,,,,,,,,,,,,,,,,,,,,,,,,,,,,,,,,,,,,,,,,,,,,,,,,,,,,,,,,,,,,,,全国,,,,,,,,,,,全国,,,,,,,,,,,,,,,,,,,,,,,,,,,,,,,,,,,,,FAO统计数据,,,,,,,,,,,,,,,,,,,,,,,,,,,,,,,,,,,,,,,,,,,2018,,,,,
colonies_1961_2025,,,,,,,,,9348707,,,,,总计,,,,,,,,,,,,,,,,,,,,,,,,,,,,,,,,,,,,,,,,,,,,,,,,,,,,,,,,,,,,,,,,,,,,,,,,,,,,,,,,,,,,,,,,,,,,,,,,,,,,,,,,,,,,,,,,,,,,,,,,,,,,,,,,,,,,,,,,,,,,,,,,,,,,,,,,,,,,,,,,,,,,,,,,,,,,,,,,全国,,,,,,,,,,,全国,,,,,,,,,,,,,,,,,,,,,,,,,,,,,,,,,,,,,FAO统计数据,,,,,,,,,,,,,,,,,,,,,,,,,,,,,,,,,,,,,,,,,,,2019,,,,,
colonies_1961_2025,,,,,,,,,9360311,,,,,总计,,,,,,,,,,,,,,,,,,,,,,,,,,,,,,,,,,,,,,,,,,,,,,,,,,,,,,,,,,,,,,,,,,,,,,,,,,,,,,,,,,,,,,,,,,,,,,,,,,,,,,,,,,,,,,,,,,,,,,,,,,,,,,,,,,,,,,,,,,,,,,,,,,,,,,,,,,,,,,,,,,,,,,,,,,,,,,,,全国,,,,,,,,,,,全国,,,,,,,,,,,,,,,,,,,,,,,,,,,,,,,,,,,,,FAO统计数据,,,,,,,,,,,,,,,,,,,,,,,,,,,,,,,,,,,,,,,,,,,2020,,,,,
colonies_1961_2025,,,,,,,,,9391575,,,,,总计,,,,,,,,,,,,,,,,,,,,,,,,,,,,,,,,,,,,,,,,,,,,,,,,,,,,,,,,,,,,,,,,,,,,,,,,,,,,,,,,,,,,,,,,,,,,,,,,,,,,,,,,,,,,,,,,,,,,,,,,,,,,,,,,,,,,,,,,,,,,,,,,,,,,,,,,,,,,,,,,,,,,,,,,,,,,,,,,全国,,,,,,,,,,,全国,,,,,,,,,,,,,,,,,,,,,,,,,,,,,,,,,,,,,FAO统计数据,,,,,,,,,,,,,,,,,,,,,,,,,,,,,,,,,,,,,,,,,,,2021,,,,,
colonies_1961_2025,,,,,,,,,9416856,,,,,总计,,,,,,,,,,,,,,,,,,,,,,,,,,,,,,,,,,,,,,,,,,,,,,,,,,,,,,,,,,,,,,,,,,,,,,,,,,,,,,,,,,,,,,,,,,,,,,,,,,,,,,,,,,,,,,,,,,,,,,,,,,,,,,,,,,,,,,,,,,,,,,,,,,,,,,,,,,,,,,,,,,,,,,,,,,,,,,,,全国,,,,,,,,,,,全国,,,,,,,,,,,,,,,,,,,,,,,,,,,,,,,,,,,,,FAO统计数据,,,,,,,,,,,,,,,,,,,,,,,,,,,,,,,,,,,,,,,,,,,2022,,,,,
colonies_1961_2025,,,,,,,,,9490000,,,,,总计,,,,,,,,,,,,,,,,,,,,,,,,,,,,,,,,,,,,,,,,,,,,,,,,,,,,,,,,,,,,,,,,,,,,,,,,,,,,,,,,,,,,,,,,,,,,,,,,,,,,,,,,,,,,,,,,,,,,,,,,,,,,,,,,,,,,,,,,,,,,,,,,,,,,,,,,,,,,,,,,,,,,,,,,,,,,,,,,全国,,,,,,,,,,,全国,,,,,,,,,,,,,,,,,,,,,,,,,,,,,,,,,,,,,中国蜂产品协会行业估算,,,,,,,,,,,,,,,,,,,,,,,,,,,,,,,,,,,,,,,,,,,2023,,,,,
colonies_1961_2025,,,,,,,,,9550000,,,,,总计,,,,,,,,,,,,,,,,,,,,,,,,,,,,,,,,,,,,,,,,,,,,,,,,,,,,,,,,,,,,,,,,,,,,,,,,,,,,,,,,,,,,,,,,,,,,,,,,,,,,,,,,,,,,,,,,,,,,,,,,,,,,,,,,,,,,,,,,,,,,,,,,,,,,,,,,,,,,,,,,,,,,,,,,,,,,,,,,全国,,,,,,,,,,,全国,,,,,,,,,,,,,,,,,,,,,,,,,,,,,,,,,,,,,中国蜂产品协会行业估算,,,,,,,,,,,,,,,,,,,,,,,,,,,,,,,,,,,,,,,,,,,2024,,,,,
colonies_1961_2025,,,,,,,,,9600000,,,,,总计,,,,,,,,,,,,,,,,,,,,,,,,,,,,,,,,,,,,,,,,,,,,,,,,,,,,,,,,,,,,,,,,,,,,,,,,,,,,,,,,,,,,,,,,,,,,,,,,,,,,,,,,,,,,,,,,,,,,,,,,,,,,,,,,,,,,,,,,,,,,,,,,,,,,,,,,,,,,,,,,,,,,,,,,,,,,,,,,全国,,,,,,,,,,,全国,,,,,,,,,,,,,,,,,,,,,,,,,,,,,,,,,,,,,中国蜂产品协会行业估算,,,,,,,,,,,,,,,,,,,,,,,,,,,,,,,,,,,,,,,,,,,2025,,,,,
colonies_1961_2025,,,,,,,,,1546000,,,,,总计,,,,,,,,,,,,,,,,,,,,,,,,,,,,,,,,,,,,,,,,,,,,,,,,,,,,,,,,,,,,,,,,,,,,,,,,,,,,,,,,,,,,,,,,,,,,,,,,,,,,,,,,,,,,,,,,,,,,,,,,,,,,,,,,,,,,,,,,,,,,,,,,,,,,,,,,,,,,,,,,,,,,,,,,,,,,,,,,浙江,,,,,,,,,,,华东,,,,,,,,,,,,,,,,,,,,,,,,,,,,,,,,,,,,,浙江省畜牧总站,,,,,,,,,,,,,,,,,,,,,,,,,,,,,,,,,,,,,,,,,,,2023,,,,,
colonies_1961_2025,,,,,,,,,660000,,,,,中蜂,,,,,,,,,,,,,,,,,,,,,,,,,,,,,,,,,,,,,,,,,,,,,,,,,,,,,,,,,,,,,,,,,,,,,,,,,,,,,,,,,,,,,,,,,,,,,,,,,,,,,,,,,,,,,,,,,,,,,,,,,,,,,,,,,,,,,,,,,,,,,,,,,,,,,,,,,,,,,,,,,,,,,,,,,,,,,,,,浙江,,,,,,,,,,,华东,,,,,,,,,,,,,,,,,,,,,,,,,,,,,,,,,,,,,浙江省畜牧总站(中蜂66万群+意蜂88.6万群),,,,,,,,,,,,,,,,,,,,,,,,,,,,,,,,,,,,,,,,,,,2023,,,,,
colonies_1961_2025,,,,,,,,,886000,,,,,西蜂(意蜂),,,,,,,,,,,,,,,,,,,,,,,,,,,,,,,,,,,,,,,,,,,,,,,,,,,,,,,,,,,,,,,,,,,,,,,,,,,,,,,,,,,,,,,,,,,,,,,,,,,,,,,,,,,,,,,,,,,,,,,,,,,,,,,,,,,,,,,,,,,,,,,,,,,,,,,,,,,,,,,,,,,,,,,,,,,,,,,,浙江,,,,,,,,,,,华东,,,,,,,,,,,,,,,,,,,,,,,,,,,,,,,,,,,,,浙江省畜牧总站,,,,,,,,,,,,,,,,,,,,,,,,,,,,,,,,,,,,,,,,,,,2023,,,,,
colonies_1961_2025,,,,,,,,,1100000,,,,,总计,,,,,,,,,,,,,,,,,,,,,,,,,,,,,,,,,,,,,,,,,,,,,,,,,,,,,,,,,,provincial_estimate,,,,,,,,,,,,,,,,,,,,,,,,,,,,,,,,,,,,,,,,,,,,,,,,,,,,,,,,,,,,,,,,,,,,,,,,,,,,,,,,,,,,,,,,,,,,,,,,,,,,,,,,,,,,,,,,,,,,,,浙江,,,,,,,,,,,华东,,,,,,,,,,,,,,,,,,,,,,,,,,,,,,,,,,,,,协会评估(从约154万群降至约110万群,,,,,,,,,,,,,,,,,,,,,,,,,,,,,,,,,,,,,,,,,,,2024,,,,,
colonies_1961_2025,,,,,,,,,1100000,,,,,总计,,,,,,,,,,,,,,,,,,,,,,,,,,,,,,,,,,,,,,,,,,,,,,,,,,,,,,,,,,,,,,,,,,,,,,,,,,,,,,,,,,,,,,,,,,,,,,,,,,,,,,,,,,,,,,,,,,,,,,,,,,,,,,,,,,,,,,,,,,,,,,,,,,,,,,,,,,,,,,,,,,,,,,,,,,,,,,,,浙江,,,,,,,,,,,华东,,,,,,,,,,,,,,,,,,,,,,,,,,,,,,,,,,,,,浙江省蜂产业分析报告,,,,,,,,,,,,,,,,,,,,,,,,,,,,,,,,,,,,,,,,,,,2018,,,,,
colonies_1961_2025,,,,,,,,,580000,,,,,总计,,,,,,,,,,,,,,,,,,,,,,,,,,,,,,,,,,,,,,,,,,,,,,,,,,,,,,,,,,,,,,,,,,,,,,,,,,,,,,,,,,,,,,,,,,,,,,,,,,,,,,,,,,,,,,,,,,,,,,,,,,,,,,,,,,,,,,,,,,,,,,,,,,,,,,,,,,,,,,,,,,,,,,,,,,,,,,,,山东,,,,,,,,,,,华东,,,,,,,,,,,,,,,,,,,,,,,,,,,,,,,,,,,,,山东省畜牧兽医局(西蜂49万+中蜂6万+熊蜂2.5万),,,,,,,,,,,,,,,,,,,,,,,,,,,,,,,,,,,,,,,,,,,2025,,,,,
colonies_1961_2025,,,,,,,,,490000,,,,,西蜂,,,,,,,,,,,,,,,,,,,,,,,,,,,,,,,,,,,,,,,,,,,,,,,,,,,,,,,,,,,,,,,,,,,,,,,,,,,,,,,,,,,,,,,,,,,,,,,,,,,,,,,,,,,,,,,,,,,,,,,,,,,,,,,,,,,,,,,,,,,,,,,,,,,,,,,,,,,,,,,,,,,,,,,,,,,,,,,,山东,,,,,,,,,,,华东,,,,,,,,,,,,,,,,,,,,,,,,,,,,,,,,,,,,,山东省畜牧兽医局,,,,,,,,,,,,,,,,,,,,,,,,,,,,,,,,,,,,,,,,,,,2025,,,,,
colonies_1961_2025,,,,,,,,,60000,,,,,中蜂,,,,,,,,,,,,,,,,,,,,,,,,,,,,,,,,,,,,,,,,,,,,,,,,,,,,,,,,,,,,,,,,,,,,,,,,,,,,,,,,,,,,,,,,,,,,,,,,,,,,,,,,,,,,,,,,,,,,,,,,,,,,,,,,,,,,,,,,,,,,,,,,,,,,,,,,,,,,,,,,,,,,,,,,,,,,,,,,山东,,,,,,,,,,,华东,,,,,,,,,,,,,,,,,,,,,,,,,,,,,,,,,,,,,山东省畜牧兽医局,,,,,,,,,,,,,,,,,,,,,,,,,,,,,,,,,,,,,,,,,,,2025,,,,,
colonies_1961_2025,,,,,,,,,25000,,,,,熊蜂,,,,,,,,,,,,,,,,,,,,,,,,,,,,,,,,,,,,,,,,,,,,,,,,,,,,,,,,,,,,,,,,,,,,,,,,,,,,,,,,,,,,,,,,,,,,,,,,,,,,,,,,,,,,,,,,,,,,,,,,,,,,,,,,,,,,,,,,,,,,,,,,,,,,,,,,,,,,,,,,,,,,,,,,,,,,,,,,山东,,,,,,,,,,,华东,,,,,,,,,,,,,,,,,,,,,,,,,,,,,,,,,,,,,山东省畜牧兽医局,,,,,,,,,,,,,,,,,,,,,,,,,,,,,,,,,,,,,,,,,,,2025,,,,,
colonies_1961_2025,,,,,,,,,380000,,,,,总计,,,,,,,,,,,,,,,,,,,,,,,,,,,,,,,,,,,,,,,,,,,,,,,,,,,,,,,,,,,,,,,,,,,,,,,,,,,,,,,,,,,,,,,,,,,,,,,,,,,,,,,,,,,,,,,,,,,,,,,,,,,,,,,,,,,,,,,,,,,,,,,,,,,,,,,,,,,,,,,,,,,,,,,,,,,,,,,,福建,,,,,,,,,,,华东,,,,,,,,,,,,,,,,,,,,,,,,,,,,,,,,,,,,,中国蜂产品协会产情报告估算,,,,,,,,,,,,,,,,,,,,,,,,,,,,,,,,,,,,,,,,,,,2023,,,,,
colonies_1961_2025,,,,,,,,,1650000,,,,,总计,,,,,,,,,,,,,,,,,,,,,,,,,,,,,,,,,,,,,,,,,,,,,,,,,,,,,,,,,,,,,,,,,,,,,,,,,,,,,,,,,,,,,,,,,,,,,,,,,,,,,,,,,,,,,,,,,,,,,,,,,,,,,,,,,,,,,,,,,,,,,,,,,,,,,,,,,,,,,,,,,,,,,,,,,,,,,,,,四川,,,,,,,,,,,西南,,,,,,,,,,,,,,,,,,,,,,,,,,,,,,,,,,,,,四川省人民政府(中蜂94万+西蜂71万),,,,,,,,,,,,,,,,,,,,,,,,,,,,,,,,,,,,,,,,,,,2021,,,,,
colonies_1961_2025,,,,,,,,,940000,,,,,中蜂,,,,,,,,,,,,,,,,,,,,,,,,,,,,,,,,,,,,,,,,,,,,,,,,,,,,,,,,,,,,,,,,,,,,,,,,,,,,,,,,,,,,,,,,,,,,,,,,,,,,,,,,,,,,,,,,,,,,,,,,,,,,,,,,,,,,,,,,,,,,,,,,,,,,,,,,,,,,,,,,,,,,,,,,,,,,,,,,四川,,,,,,,,,,,西南,,,,,,,,,,,,,,,,,,,,,,,,,,,,,,,,,,,,,四川省人民政府,,,,,,,,,,,,,,,,,,,,,,,,,,,,,,,,,,,,,,,,,,,2021,,,,,
colonies_1961_2025,,,,,,,,,710000,,,,,西蜂,,,,,,,,,,,,,,,,,,,,,,,,,,,,,,,,,,,,,,,,,,,,,,,,,,,,,,,,,,,,,,,,,,,,,,,,,,,,,,,,,,,,,,,,,,,,,,,,,,,,,,,,,,,,,,,,,,,,,,,,,,,,,,,,,,,,,,,,,,,,,,,,,,,,,,,,,,,,,,,,,,,,,,,,,,,,,,,,四川,,,,,,,,,,,西南,,,,,,,,,,,,,,,,,,,,,,,,,,,,,,,,,,,,,四川省人民政府,,,,,,,,,,,,,,,,,,,,,,,,,,,,,,,,,,,,,,,,,,,2021,,,,,
colonies_1961_2025,,,,,,,,,1700000,,,,,总计,,,,,,,,,,,,,,,,,,,,,,,,,,,,,,,,,,,,,,,,,,,,,,,,,,,,,,,,,,,,,,,,,,,,,,,,,,,,,,,,,,,,,,,,,,,,,,,,,,,,,,,,,,,,,,,,,,,,,,,,,,,,,,,,,,,,,,,,,,,,,,,,,,,,,,,,,,,,,,,,,,,,,,,,,,,,,,,,四川,,,,,,,,,,,西南,,,,,,,,,,,,,,,,,,,,,,,,,,,,,,,,,,,,,中国蜂产品协会产情估算,,,,,,,,,,,,,,,,,,,,,,,,,,,,,,,,,,,,,,,,,,,2023,,,,,
colonies_1961_2025,,,,,,,,,900000,,,,,总计,,,,,,,,,,,,,,,,,,,,,,,,,,,,,,,,,,,,,,,,,,,,,,,,,,,,,,,,,,,,,,,,,,,,,,,,,,,,,,,,,,,,,,,,,,,,,,,,,,,,,,,,,,,,,,,,,,,,,,,,,,,,,,,,,,,,,,,,,,,,,,,,,,,,,,,,,,,,,,,,,,,,,,,,,,,,,,,,云南,,,,,,,,,,,西南,,,,,,,,,,,,,,,,,,,,,,,,,,,,,,,,,,,,,中国蜂产品协会产情报告估算,,,,,,,,,,,,,,,,,,,,,,,,,,,,,,,,,,,,,,,,,,,2023,,,,,
colonies_1961_2025,,,,,,,,,400000,,,,,总计,,,,,,,,,,,,,,,,,,,,,,,,,,,,,,,,,,,,,,,,,,,,,,,,,,,,,,,,,,,,,,,,,,,,,,,,,,,,,,,,,,,,,,,,,,,,,,,,,,,,,,,,,,,,,,,,,,,,,,,,,,,,,,,,,,,,,,,,,,,,,,,,,,,,,,,,,,,,,,,,,,,,,,,,,,,,,,,,贵州,,,,,,,,,,,西南,,,,,,,,,,,,,,,,,,,,,,,,,,,,,,,,,,,,,中国蜂产品协会产情报告估算,,,,,,,,,,,,,,,,,,,,,,,,,,,,,,,,,,,,,,,,,,,2023,,,,,
colonies_1961_2025,,,,,,,,,220000,,,,,总计,,,,,,,,,,,,,,,,,,,,,,,,,,,,,,,,,,,,,,,,,,,,,,,,,,,,,,,,,,,,,,,,,,,,,,,,,,,,,,,,,,,,,,,,,,,,,,,,,,,,,,,,,,,,,,,,,,,,,,,,,,,,,,,,,,,,,,,,,,,,,,,,,,,,,,,,,,,,,,,,,,,,,,,,,,,,,,,,重庆,,,,,,,,,,,西南,,,,,,,,,,,,,,,,,,,,,,,,,,,,,,,,,,,,,中国蜂产品协会产情报告估算,,,,,,,,,,,,,,,,,,,,,,,,,,,,,,,,,,,,,,,,,,,2023,,,,,
colonies_1961_2025,,,,,,,,,1300000,,,,,总计,,,,,,,,,,,,,,,,,,,,,,,,,,,,,,,,,,,,,,,,,,,,,,,,,,,,,,,,,,,,,,,,,,,,,,,,,,,,,,,,,,,,,,,,,,,,,,,,,,,,,,,,,,,,,,,,,,,,,,,,,,,,,,,,,,,,,,,,,,,,,,,,,,,,,,,,,,,,,,,,,,,,,,,,,,,,,,,,河南,,,,,,,,,,,华中,,,,,,,,,,,,,,,,,,,,,,,,,,,,,,,,,,,,,大河网报道(全省蜜蜂养殖量),,,,,,,,,,,,,,,,,,,,,,,,,,,,,,,,,,,,,,,,,,,2023,,,,,
colonies_1961_2025,,,,,,,,,1150000,,,,,总计,,,,,,,,,,,,,,,,,,,,,,,,,,,,,,,,,,,,,,,,,,,,,,,,,,,,,,,,,,,,,,,,,,,,,,,,,,,,,,,,,,,,,,,,,,,,,,,,,,,,,,,,,,,,,,,,,,,,,,,,,,,,,,,,,,,,,,,,,,,,,,,,,,,,,,,,,,,,,,,,,,,,,,,,,,,,,,,,河南,,,,,,,,,,,华中,,,,,,,,,,,,,,,,,,,,,,,,,,,,,,,,,,,,,中国蜂产品协会产情报告估算,,,,,,,,,,,,,,,,,,,,,,,,,,,,,,,,,,,,,,,,,,,2020,,,,,
colonies_1961_2025,,,,,,,,,600000,,,,,总计,,,,,,,,,,,,,,,,,,,,,,,,,,,,,,,,,,,,,,,,,,,,,,,,,,,,,,,,,,,,,,,,,,,,,,,,,,,,,,,,,,,,,,,,,,,,,,,,,,,,,,,,,,,,,,,,,,,,,,,,,,,,,,,,,,,,,,,,,,,,,,,,,,,,,,,,,,,,,,,,,,,,,,,,,,,,,,,,湖北,,,,,,,,,,,华中,,,,,,,,,,,,,,,,,,,,,,,,,,,,,,,,,,,,,中国蜂产品协会产情估算,,,,,,,,,,,,,,,,,,,,,,,,,,,,,,,,,,,,,,,,,,,2023,,,,,
colonies_1961_2025,,,,,,,,,550000,,,,,总计,,,,,,,,,,,,,,,,,,,,,,,,,,,,,,,,,,,,,,,,,,,,,,,,,,,,,,,,,,,,,,,,,,,,,,,,,,,,,,,,,,,,,,,,,,,,,,,,,,,,,,,,,,,,,,,,,,,,,,,,,,,,,,,,,,,,,,,,,,,,,,,,,,,,,,,,,,,,,,,,,,,,,,,,,,,,,,,,湖南,,,,,,,,,,,华中,,,,,,,,,,,,,,,,,,,,,,,,,,,,,,,,,,,,,中国蜂产品协会产情估算,,,,,,,,,,,,,,,,,,,,,,,,,,,,,,,,,,,,,,,,,,,2023,,,,,
colonies_1961_2025,,,,,,,,,500000,,,,,总计,,,,,,,,,,,,,,,,,,,,,,,,,,,,,,,,,,,,,,,,,,,,,,,,,,,,,,,,,,,,,,,,,,,,,,,,,,,,,,,,,,,,,,,,,,,,,,,,,,,,,,,,,,,,,,,,,,,,,,,,,,,,,,,,,,,,,,,,,,,,,,,,,,,,,,,,,,,,,,,,,,,,,,,,,,,,,,,,江西,,,,,,,,,,,华中,,,,,,,,,,,,,,,,,,,,,,,,,,,,,,,,,,,,,中国蜂产品协会产情估算,,,,,,,,,,,,,,,,,,,,,,,,,,,,,,,,,,,,,,,,,,,2023,,,,,
colonies_1961_2025,,,,,,,,,450000,,,,,总计,,,,,,,,,,,,,,,,,,,,,,,,,,,,,,,,,,,,,,,,,,,,,,,,,,,,,,,,,,,,,,,,,,,,,,,,,,,,,,,,,,,,,,,,,,,,,,,,,,,,,,,,,,,,,,,,,,,,,,,,,,,,,,,,,,,,,,,,,,,,,,,,,,,,,,,,,,,,,,,,,,,,,,,,,,,,,,,,安徽,,,,,,,,,,,华中,,,,,,,,,,,,,,,,,,,,,,,,,,,,,,,,,,,,,中国蜂产品协会产情估算,,,,,,,,,,,,,,,,,,,,,,,,,,,,,,,,,,,,,,,,,,,2023,,,,,
colonies_1961_2025,,,,,,,,,580000,,,,,总计,,,,,,,,,,,,,,,,,,,,,,,,,,,,,,,,,,,,,,,,,,,,,,,,,,,,,,,,,,,,,,,,,,,,,,,,,,,,,,,,,,,,,,,,,,,,,,,,,,,,,,,,,,,,,,,,,,,,,,,,,,,,,,,,,,,,,,,,,,,,,,,,,,,,,,,,,,,,,,,,,,,,,,,,,,,,,,,,广东,,,,,,,,,,,华南,,,,,,,,,,,,,,,,,,,,,,,,,,,,,,,,,,,,,中国蜂产品协会产情估算,,,,,,,,,,,,,,,,,,,,,,,,,,,,,,,,,,,,,,,,,,,2023,,,,,
colonies_1961_2025,,,,,,,,,550000,,,,,总计,,,,,,,,,,,,,,,,,,,,,,,,,,,,,,,,,,,,,,,,,,,,,,,,,,,,,,,,,,,,,,,,,,,,,,,,,,,,,,,,,,,,,,,,,,,,,,,,,,,,,,,,,,,,,,,,,,,,,,,,,,,,,,,,,,,,,,,,,,,,,,,,,,,,,,,,,,,,,,,,,,,,,,,,,,,,,,,,广西,,,,,,,,,,,华南,,,,,,,,,,,,,,,,,,,,,,,,,,,,,,,,,,,,,中国蜂产品协会产情估算(蒙山县18.8万群为广西第一),,,,,,,,,,,,,,,,,,,,,,,,,,,,,,,,,,,,,,,,,,,2023,,,,,
colonies_1961_2025,,,,,,,,,938000,,,,,总计,,,,,,,,,,,,,,,,,,,,,,,,,,,,,,,,,,,,,,,,,,,,,,,,,,,,,,,,,,,,,,,,,,,,,,,,,,,,,,,,,,,,,,,,,,,,,,,,,,,,,,,,,,,,,,,,,,,,,,,,,,,,,,,,,,,,,,,,,,,,,,,,,,,,,,,,,,,,,,,,,,,,,,,,,,,,,,,,新疆,,,,,,,,,,,西北,,,,,,,,,,,,,,,,,,,,,,,,,,,,,,,,,,,,,中国蜂产品协会赴新疆调研报道,,,,,,,,,,,,,,,,,,,,,,,,,,,,,,,,,,,,,,,,,,,2020,,,,,
colonies_1961_2025,,,,,,,,,350000,,,,,总计,,,,,,,,,,,,,,,,,,,,,,,,,,,,,,,,,,,,,,,,,,,,,,,,,,,,,,,,,,,,,,,,,,,,,,,,,,,,,,,,,,,,,,,,,,,,,,,,,,,,,,,,,,,,,,,,,,,,,,,,,,,,,,,,,,,,,,,,,,,,,,,,,,,,,,,,,,,,,,,,,,,,,,,,,,,,,,,,陕西,,,,,,,,,,,西北,,,,,,,,,,,,,,,,,,,,,,,,,,,,,,,,,,,,,中国蜂产品协会产情估算,,,,,,,,,,,,,,,,,,,,,,,,,,,,,,,,,,,,,,,,,,,2023,,,,,
colonies_1961_2025,,,,,,,,,400000,,,,,总计,,,,,,,,,,,,,,,,,,,,,,,,,,,,,,,,,,,,,,,,,,,,,,,,,,,,,,,,,,,,,,,,,,,,,,,,,,,,,,,,,,,,,,,,,,,,,,,,,,,,,,,,,,,,,,,,,,,,,,,,,,,,,,,,,,,,,,,,,,,,,,,,,,,,,,,,,,,,,,,,,,,,,,,,,,,,,,,,甘肃,,,,,,,,,,,西北,,,,,,,,,,,,,,,,,,,,,,,,,,,,,,,,,,,,,中国蜂产品协会产情估算,,,,,,,,,,,,,,,,,,,,,,,,,,,,,,,,,,,,,,,,,,,2023,,,,,
colonies_1961_2025,,,,,,,,,250000,,,,,总计,,,,,,,,,,,,,,,,,,,,,,,,,,,,,,,,,,,,,,,,,,,,,,,,,,,,,,,,,,,,,,,,,,,,,,,,,,,,,,,,,,,,,,,,,,,,,,,,,,,,,,,,,,,,,,,,,,,,,,,,,,,,,,,,,,,,,,,,,,,,,,,,,,,,,,,,,,,,,,,,,,,,,,,,,,,,,,,,辽宁,,,,,,,,,,,东北,,,,,,,,,,,,,,,,,,,,,,,,,,,,,,,,,,,,,中国蜂产品协会产情估算,,,,,,,,,,,,,,,,,,,,,,,,,,,,,,,,,,,,,,,,,,,2023,,,,,
colonies_1961_2025,,,,,,,,,200000,,,,,总计,,,,,,,,,,,,,,,,,,,,,,,,,,,,,,,,,,,,,,,,,,,,,,,,,,,,,,,,,,,,,,,,,,,,,,,,,,,,,,,,,,,,,,,,,,,,,,,,,,,,,,,,,,,,,,,,,,,,,,,,,,,,,,,,,,,,,,,,,,,,,,,,,,,,,,,,,,,,,,,,,,,,,,,,,,,,,,,,吉林,,,,,,,,,,,东北,,,,,,,,,,,,,,,,,,,,,,,,,,,,,,,,,,,,,中国蜂产品协会产情估算,,,,,,,,,,,,,,,,,,,,,,,,,,,,,,,,,,,,,,,,,,,2023,,,,,
colonies_1961_2025,,,,,,,,,280000,,,,,总计,,,,,,,,,,,,,,,,,,,,,,,,,,,,,,,,,,,,,,,,,,,,,,,,,,,,,,,,,,,,,,,,,,,,,,,,,,,,,,,,,,,,,,,,,,,,,,,,,,,,,,,,,,,,,,,,,,,,,,,,,,,,,,,,,,,,,,,,,,,,,,,,,,,,,,,,,,,,,,,,,,,,,,,,,,,,,,,,黑龙江,,,,,,,,,,,东北,,,,,,,,,,,,,,,,,,,,,,,,,,,,,,,,,,,,,中国蜂产品协会产情估算,,,,,,,,,,,,,,,,,,,,,,,,,,,,,,,,,,,,,,,,,,,2023,,,,,
colonies_1961_2025,,,,,,,,,300000,,,,,总计,,,,,,,,,,,,,,,,,,,,,,,,,,,,,,,,,,,,,,,,,,,,,,,,,,,,,,,,,,,,,,,,,,,,,,,,,,,,,,,,,,,,,,,,,,,,,,,,,,,,,,,,,,,,,,,,,,,,,,,,,,,,,,,,,,,,,,,,,,,,,,,,,,,,,,,,,,,,,,,,,,,,,,,,,,,,,,,,河北,,,,,,,,,,,华北,,,,,,,,,,,,,,,,,,,,,,,,,,,,,,,,,,,,,中国蜂产品协会产情估算,,,,,,,,,,,,,,,,,,,,,,,,,,,,,,,,,,,,,,,,,,,2023,,,,,
colonies_1961_2025,,,,,,,,,150000,,,,,总计,,,,,,,,,,,,,,,,,,,,,,,,,,,,,,,,,,,,,,,,,,,,,,,,,,,,,,,,,,,,,,,,,,,,,,,,,,,,,,,,,,,,,,,,,,,,,,,,,,,,,,,,,,,,,,,,,,,,,,,,,,,,,,,,,,,,,,,,,,,,,,,,,,,,,,,,,,,,,,,,,,,,,,,,,,,,,,,,山西,,,,,,,,,,,华北,,,,,,,,,,,,,,,,,,,,,,,,,,,,,,,,,,,,,中国蜂产品协会产情估算,,,,,,,,,,,,,,,,,,,,,,,,,,,,,,,,,,,,,,,,,,,2023,,,,,
colonies_1961_2025,,,,,,,,,180000,,,,,总计,,,,,,,,,,,,,,,,,,,,,,,,,,,,,,,,,,,,,,,,,,,,,,,,,,,,,,,,,,,,,,,,,,,,,,,,,,,,,,,,,,,,,,,,,,,,,,,,,,,,,,,,,,,,,,,,,,,,,,,,,,,,,,,,,,,,,,,,,,,,,,,,,,,,,,,,,,,,,,,,,,,,,,,,,,,,,,,,内蒙古,,,,,,,,,,,华北,,,,,,,,,,,,,,,,,,,,,,,,,,,,,,,,,,,,,中国蜂产品协会产情估算,,,,,,,,,,,,,,,,,,,,,,,,,,,,,,,,,,,,,,,,,,,2023,,,,,
data_migration_routes_detailed,,,,,,,,,,,,,,,,,,,,,,,,,,,,,,,,,,,,,,,,,,,,,,,,,,,,,,,,450,,,,,,,2025-12-22,22,12,,1980s,,,,,,,,,,,,,,,,,,26.0745,119.2965,福建,,,,,,,,,,,,,,,,,,,,,,,,,,,,,,,,,,,,,,,,,,,,,,,,,,,,,,越冬繁殖/荔枝,,,,,,,,,,,,,,,,,,,,,,,,,,,,,,,,,,,,,,,,,,,,,,,,,,,,,,,,,,,,,,,,,,,,,,,,,东线（沿海线）,,,57,classic,,,,,,,450,1,,,,,,,,,,,,,,2025-12-12,12,12,,,,,,,,,,,,,,,10,,,,,23.1291,113.2644,广东,,,,,,,,铁路,,,,,,,,,,,,,,
data_migration_routes_detailed,,,,,,,,,,,,,,,,,,,,,,,,,,,,,,,,,,,,,,,,,,,,,,,,,,,,,,,,800,,,,,,,2025-03-17,17,3,,1980s,,,,,,,,,,,,,,,,,,30.2741,120.1551,浙江,,,,,,,,,,,,,,,,,,,,,,,,,,,,,,,,,,,,,,,,,,,,,,,,,,,,,,油菜,,,,,,,,,,,,,,,,,,,,,,,,,,,,,,,,,,,,,,,,,,,,,,,,,,,,,,,,,,,,,,,,,,,,,,,,,东线（沿海线）,,,57,classic,,,,,,,350,2,,,,,,,,,,,,,,2025-02-27,27,2,,,,,,,,,,,,,,,18,,,,,31.8206,117.2272,安徽,,,,,,,,铁路,,,,,,,,,,,,,,
data_migration_routes_detailed,,,,,,,,,,,,,,,,,,,,,,,,,,,,,,,,,,,,,,,,,,,,,,,,,,,,,,,,1000,,,,,,,2025-05-02,2,5,,1980s,,,,,,,,,,,,,,,,,,32.0603,118.7969,江苏,,,,,,,,,,,,,,,,,,,,,,,,,,,,,,,,,,,,,,,,,,,,,,,,,,,,,,甘蓝型油菜/紫云英,,,,,,,,,,,,,,,,,,,,,,,,,,,,,,,,,,,,,,,,,,,,,,,,,,,,,,,,,,,,,,,,,,,,,,,,,东线（沿海线）,,,57,classic,,,,,,,200,3,,,,,,,,,,,,,,2025-04-12,12,4,,,,,,,,,,,,,,,20,,,,,32.0603,118.7969,江苏,,,,,,,,铁路,,,,,,,,,,,,,,
data_migration_routes_detailed,,,,,,,,,,,,,,,,,,,,,,,,,,,,,,,,,,,,,,,,,,,,,,,,,,,,,,,,1400,,,,,,,2025-06-02,2,6,,1980s,,,,,,,,,,,,,,,,,,36.6516,117.1201,山东,,,,,,,,,,,,,,,,,,,,,,,,,,,,,,,,,,,,,,,,,,,,,,,,,,,,,,刺槐,,,,,,,,,,,,,,,,,,,,,,,,,,,,,,,,,,,,,,,,,,,,,,,,,,,,,,,,,,,,,,,,,,,,,,,,,东线（沿海线）,,,57,classic,,,,,,,400,4,,,,,,,,,,,,,,2025-05-12,12,5,,,,,,,,,,,,,,,20,,,,,36.6516,117.1201,山东,,,,,,,,铁路,,,,,,,,,,,,,,
data_migration_routes_detailed,,,,,,,,,,,,,,,,,,,,,,,,,,,,,,,,,,,,,,,,,,,,,,,,,,,,,,,,1700,,,,,,,2025-06-17,17,6,,1980s,,,,,,,,,,,,,,,,,,41.8057,123.4315,辽宁,,,,,,,,,,,,,,,,,,,,,,,,,,,,,,,,,,,,,,,,,,,,,,,,,,,,,,刺槐（二趟）,,,,,,,,,,,,,,,,,,,,,,,,,,,,,,,,,,,,,,,,,,,,,,,,,,,,,,,,,,,,,,,,,,,,,,,,,东线（沿海线）,,,57,classic,,,,,,,300,5,,,,,,,,,,,,,,2025-06-05,5,6,,,,,,,,,,,,,,,13,,,,,41.8057,123.4315,辽宁,,,,,,,,海运/公路,,,,,,,,,,,,,,
data_migration_routes_detailed,,,,,,,,,,,,,,,,,,,,,,,,,,,,,,,,,,,,,,,,,,,,,,,,,,,,,,,,2300,,,,,,,2025-07-22,22,7,,1980s,,,,,,,,,,,,,,,,,,43.8961,125.3265,吉林,,,,,,,,,,,,,,,,,,,,,,,,,,,,,,,,,,,,,,,,,,,,,,,,,,,,,,椴树,,,,,,,,,,,,,,,,,,,,,,,,,,,,,,,,,,,,,,,,,,,,,,,,,,,,,,,,,,,,,,,,,,,,,,,,,东线（沿海线）,,,57,classic,,,,,,,600,6,,,,,,,,,,,,,,2025-06-22,22,6,,,,,,,,,,,,,,,30,,,,,45.8038,126.535,黑龙江,,,,,,,,铁路,,,,,,,,,,,,,,
data_migration_routes_detailed,,,,,,,,,,,,,,,,,,,,,,,,,,,,,,,,,,,,,,,,,,,,,,,,,,,,,,,,2700,,,,,,,2025-08-27,27,8,,1980s,,,,,,,,,,,,,,,,,,40.8422,111.7498,内蒙古,,,,,,,,,,,,,,,,,,,,,,,,,,,,,,,,,,,,,,,,,,,,,,,,,,,,,,胡枝子/向日葵,,,,,,,,,,,,,,,,,,,,,,,,,,,,,,,,,,,,,,,,,,,,,,,,,,,,,,,,,,,,,,,,,,,,,,,,,东线（沿海线）,,,57,classic,,,,,,,400,7,,,,,,,,,,,,,,2025-07-27,27,7,,,,,,,,,,,,,,,31,,,,,40.8422,111.7498,内蒙古,,,,,,,,铁路,,,,,,,,,,,,,,
data_migration_routes_detailed,,,,,,,,,,,,,,,,,,,,,,,,,,,,,,,,,,,,,,,,,,,,,,,,,,,,,,,,3500,,,,,,,2025-12-08,8,12,,1980s,,,,,,,,,,,,,,,,,,23.1291,113.2644,广东,,,,,,,,,,,,,,,,,,,,,,,,,,,,,,,,,,,,,,,,,,,,,,,,,,,,,,越冬南返,,,,,,,,,,,,,,,,,,,,,,,,,,,,,,,,,,,,,,,,,,,,,,,,,,,,,,,,,,,,,,,,,,,,,,,,,东线（沿海线）,,,57,classic,,,,,,,800,8,,,,,,,,,,,,,,2025-11-22,22,11,,,,,,,,,,,,,,,16,,,,,26.0745,119.2965,福建,,,,,,,,铁路/公路,,,,,,,,,,,,,,
data_migration_routes_detailed,,,,,,,,,,,,,,,,,,,,,,,,,,,,,,,,,,,,,,,,,,,,,,,,,,,,,,,,300,,,,,,,2026-01-22,22,1,,1980s,,,,,,,,,,,,,,,,,,23.1291,113.2644,广东,,,,,,,,,,,,,,,,,,,,,,,,,,,,,,,,,,,,,,,,,,,,,,,,,,,,,,越冬/油菜繁殖,,,,,,,,,,,,,,,,,,,,,,,,,,,,,,,,,,,,,,,,,,,,,,,,,,,,,,,,,,,,,,,,,,,,,,,,,中线（京广线）,,,34,classic,,,,,,,300,1,,,,,,,,,,,,,,2025-12-08,8,12,,,,,,,,,,,,,,,45,,,,,22.817,108.3665,广西,,,,,,,,铁路,,,,,,,,,,,,,,
data_migration_routes_detailed,,,,,,,,,,,,,,,,,,,,,,,,,,,,,,,,,,,,,,,,,,,,,,,,,,,,,,,,800,,,,,,,2025-03-27,27,3,,1980s,,,,,,,,,,,,,,,,,,28.6829,115.858,江西,,,,,,,,,,,,,,,,,,,,,,,,,,,,,,,,,,,,,,,,,,,,,,,,,,,,,,油菜,,,,,,,,,,,,,,,,,,,,,,,,,,,,,,,,,,,,,,,,,,,,,,,,,,,,,,,,,,,,,,,,,,,,,,,,,中线（京广线）,,,34,classic,,,,,,,500,2,,,,,,,,,,,,,,2025-03-02,2,3,,,,,,,,,,,,,,,23,,,,,28.2282,112.9388,湖南,,,,,,,,铁路,,,,,,,,,,,,,,
data_migration_routes_detailed,,,,,,,,,,,,,,,,,,,,,,,,,,,,,,,,,,,,,,,,,,,,,,,,,,,,,,,,1200,,,,,,,2025-04-22,22,4,,1980s,,,,,,,,,,,,,,,,,,30.5928,114.3055,湖北,,,,,,,,,,,,,,,,,,,,,,,,,,,,,,,,,,,,,,,,,,,,,,,,,,,,,,紫云英,,,,,,,,,,,,,,,,,,,,,,,,,,,,,,,,,,,,,,,,,,,,,,,,,,,,,,,,,,,,,,,,,,,,,,,,,中线（京广线）,,,34,classic,,,,,,,400,3,,,,,,,,,,,,,,2025-04-02,2,4,,,,,,,,,,,,,,,21,,,,,30.5928,114.3055,湖北,,,,,,,,铁路,,,,,,,,,,,,,,
data_migration_routes_detailed,,,,,,,,,,,,,,,,,,,,,,,,,,,,,,,,,,,,,,,,,,,,,,,,,,,,,,,,1700,,,,,,,2025-05-22,22,5,,1980s,,,,,,,,,,,,,,,,,,34.7466,113.6254,河南,,,,,,,,,,,,,,,,,,,,,,,,,,,,,,,,,,,,,,,,,,,,,,,,,,,,,,刺槐,,,,,,,,,,,,,,,,,,,,,,,,,,,,,,,,,,,,,,,,,,,,,,,,,,,,,,,,,,,,,,,,,,,,,,,,,中线（京广线）,,,34,classic,,,,,,,500,4,,,,,,,,,,,,,,2025-04-27,27,4,,,,,,,,,,,,,,,25,,,,,34.7466,113.6254,河南,,,,,,,,铁路,,,,,,,,,,,,,,
data_migration_routes_detailed,,,,,,,,,,,,,,,,,,,,,,,,,,,,,,,,,,,,,,,,,,,,,,,,,,,,,,,,1800,,,,,,,2025-06-17,17,6,,1980s,,,,,,,,,,,,,,,,,,34.7466,113.6254,河南,,,,,,,,,,,,,,,,,,,,,,,,,,,,,,,,,,,,,,,,,,,,,,,,,,,,,,枣花（就近）,,,,,,,,,,,,,,,,,,,,,,,,,,,,,,,,,,,,,,,,,,,,,,,,,,,,,,,,,,,,,,,,,,,,,,,,,中线（京广线）,,,34,classic,,,,,,,100,5,,,,,,,,,,,,,,2025-05-27,27,5,,,,,,,,,,,,,,,21,,,,,34.7466,113.6254,河南,,,,,,,,铁路,,,,,,,,,,,,,,
data_migration_routes_detailed,,,,,,,,,,,,,,,,,,,,,,,,,,,,,,,,,,,,,,,,,,,,,,,,,,,,,,,,2300,,,,,,,2025-07-27,27,7,,1980s,,,,,,,,,,,,,,,,,,38.0455,114.502,河北,,,,,,,,,,,,,,,,,,,,,,,,,,,,,,,,,,,,,,,,,,,,,,,,,,,,,,荆条,,,,,,,,,,,,,,,,,,,,,,,,,,,,,,,,,,,,,,,,,,,,,,,,,,,,,,,,,,,,,,,,,,,,,,,,,中线（京广线）,,,34,classic,,,,,,,500,6,,,,,,,,,,,,,,2025-06-27,27,6,,,,,,,,,,,,,,,30,,,,,39.9042,116.4074,北京,,,,,,,,铁路,,,,,,,,,,,,,,
data_migration_routes_detailed,,,,,,,,,,,,,,,,,,,,,,,,,,,,,,,,,,,,,,,,,,,,,,,,,,,,,,,,2800,,,,,,,2025-09-02,2,9,,1980s,,,,,,,,,,,,,,,,,,40.8422,111.7498,内蒙古,,,,,,,,,,,,,,,,,,,,,,,,,,,,,,,,,,,,,,,,,,,,,,,,,,,,,,向日葵/荞麦,,,,,,,,,,,,,,,,,,,,,,,,,,,,,,,,,,,,,,,,,,,,,,,,,,,,,,,,,,,,,,,,,,,,,,,,,中线（京广线）,,,34,classic,,,,,,,500,7,,,,,,,,,,,,,,2025-08-02,2,8,,,,,,,,,,,,,,,31,,,,,40.8422,111.7498,内蒙古,,,,,,,,铁路,,,,,,,,,,,,,,
data_migration_routes_detailed,,,,,,,,,,,,,,,,,,,,,,,,,,,,,,,,,,,,,,,,,,,,,,,,,,,,,,,,400,,,,,,,2026-01-22,22,1,,1980s,,,,,,,,,,,,,,,,,,25.0389,102.7183,云南,,,,,,,,,,,,,,,,,,,,,,,,,,,,,,,,,,,,,,,,,,,,,,,,,,,,,,早油菜（繁蜂）,,,,,,,,,,,,,,,,,,,,,,,,,,,,,,,,,,,,,,,,,,,,,,,,,,,,,,,,,,,,,,,,,,,,,,,,,西线（西北线）,,,38,classic,,,,,,,400,1,,,,,,,,,,,,,,2025-12-02,2,12,,,,,,,,,,,,,,,51,,,,,25.0389,102.7183,云南,,,,,,,,铁路,,,,,,,,,,,,,,
data_migration_routes_detailed,,,,,,,,,,,,,,,,,,,,,,,,,,,,,,,,,,,,,,,,,,,,,,,,,,,,,,,,900,,,,,,,2025-03-17,17,3,,1980s,,,,,,,,,,,,,,,,,,30.5728,104.0668,四川,,,,,,,,,,,,,,,,,,,,,,,,,,,,,,,,,,,,,,,,,,,,,,,,,,,,,,油菜,,,,,,,,,,,,,,,,,,,,,,,,,,,,,,,,,,,,,,,,,,,,,,,,,,,,,,,,,,,,,,,,,,,,,,,,,西线（西北线）,,,38,classic,,,,,,,500,2,,,,,,,,,,,,,,2025-01-27,27,1,,,,,,,,,,,,,,,49,,,,,30.5728,104.0668,四川,,,,,,,,铁路,,,,,,,,,,,,,,
data_migration_routes_detailed,,,,,,,,,,,,,,,,,,,,,,,,,,,,,,,,,,,,,,,,,,,,,,,,,,,,,,,,1400,,,,,,,2025-04-27,27,4,,1980s,,,,,,,,,,,,,,,,,,34.3416,108.9398,陕西,,,,,,,,,,,,,,,,,,,,,,,,,,,,,,,,,,,,,,,,,,,,,,,,,,,,,,油菜/刺槐,,,,,,,,,,,,,,,,,,,,,,,,,,,,,,,,,,,,,,,,,,,,,,,,,,,,,,,,,,,,,,,,,,,,,,,,,西线（西北线）,,,38,classic,,,,,,,500,3,,,,,,,,,,,,,,2025-03-27,27,3,,,,,,,,,,,,,,,31,,,,,34.3416,108.9398,陕西,,,,,,,,铁路,,,,,,,,,,,,,,
data_migration_routes_detailed,,,,,,,,,,,,,,,,,,,,,,,,,,,,,,,,,,,,,,,,,,,,,,,,,,,,,,,,1800,,,,,,,2025-07-07,7,7,,1980s,,,,,,,,,,,,,,,,,,36.6173,101.7782,青海,,,,,,,,,,,,,,,,,,,,,,,,,,,,,,,,,,,,,,,,,,,,,,,,,,,,,,油菜/山花,,,,,,,,,,,,,,,,,,,,,,,,,,,,,,,,,,,,,,,,,,,,,,,,,,,,,,,,,,,,,,,,,,,,,,,,,西线（西北线）,,,38,classic,,,,,,,400,4,,,,,,,,,,,,,,2025-06-08,8,6,,,,,,,,,,,,,,,29,,,,,36.6173,101.7782,青海,,,,,,,,铁路,,,,,,,,,,,,,,
data_migration_routes_detailed,,,,,,,,,,,,,,,,,,,,,,,,,,,,,,,,,,,,,,,,,,,,,,,,,,,,,,,,2400,,,,,,,2025-08-07,7,8,,1980s,,,,,,,,,,,,,,,,,,38.472,106.2589,宁夏,,,,,,,,,,,,,,,,,,,,,,,,,,,,,,,,,,,,,,,,,,,,,,,,,,,,,,老瓜头,,,,,,,,,,,,,,,,,,,,,,,,,,,,,,,,,,,,,,,,,,,,,,,,,,,,,,,,,,,,,,,,,,,,,,,,,西线（西北线）,,,38,classic,,,,,,,600,5,,,,,,,,,,,,,,2025-07-08,8,7,,,,,,,,,,,,,,,29,,,,,36.0613,103.834,甘肃,,,,,,,,铁路,,,,,,,,,,,,,,
data_migration_routes_detailed,,,,,,,,,,,,,,,,,,,,,,,,,,,,,,,,,,,,,,,,,,,,,,,,,,,,,,,,2700,,,,,,,2025-08-22,22,8,,1980s,,,,,,,,,,,,,,,,,,40.8422,111.7498,内蒙古,,,,,,,,,,,,,,,,,,,,,,,,,,,,,,,,,,,,,,,,,,,,,,,,,,,,,,向日葵,,,,,,,,,,,,,,,,,,,,,,,,,,,,,,,,,,,,,,,,,,,,,,,,,,,,,,,,,,,,,,,,,,,,,,,,,西线（西北线）,,,38,classic,,,,,,,300,6,,,,,,,,,,,,,,2025-08-02,2,8,,,,,,,,,,,,,,,21,,,,,40.8422,111.7498,内蒙古,,,,,,,,铁路,,,,,,,,,,,,,,
data_migration_routes_detailed,,,,,,,,,,,,,,,,,,,,,,,,,,,,,,,,,,,,,,,,,,,,,,,,,,,,,,,,3500,,,,,,,2025-09-22,22,9,,1980s,,,,,,,,,,,,,,,,,,43.7928,87.617,新疆,,,,,,,,,,,,,,,,,,,,,,,,,,,,,,,,,,,,,,,,,,,,,,,,,,,,,,棉花,,,,,,,,,,,,,,,,,,,,,,,,,,,,,,,,,,,,,,,,,,,,,,,,,,,,,,,,,,,,,,,,,,,,,,,,,西线（西北线）,,,38,classic,,,,,,,800,7,,,,,,,,,,,,,,2025-08-08,8,8,,,,,,,,,,,,,,,45,,,,,43.7928,87.617,新疆,,,,,,,,铁路,,,,,,,,,,,,,,
data_migration_routes_detailed,,,,,,,,,,,,,,,,,,,,,,,,,,,,,,,,,,,,,,,,,,,,,,,,,,,,,,,,300,,,,,,,2025-03-12,12,3,,1980s,,,,,,,,,,,,,,,,,,26.0745,119.2965,福建,,,,,,,,,,,,,,,,,,,,,,,,,,,,,,,,,,,,,,,,,,,,,,,,,,,,,,油菜,,,,,,,,,,,,,,,,,,,,,,,,,,,,,,,,,,,,,,,,,,,,,,,,,,,,,,,,,,,,,,,,,,,,,,,,,南线,,,30,classic,,,,,,,300,1,,,,,,,,,,,,,,2025-02-27,27,2,,,,,,,,,,,,,,,13,,,,,31.8206,117.2272,安徽,,,,,,,,铁路,,,,,,,,,,,,,,
data_migration_routes_detailed,,,,,,,,,,,,,,,,,,,,,,,,,,,,,,,,,,,,,,,,,,,,,,,,,,,,,,,,700,,,,,,,2025-04-02,2,4,,1980s,,,,,,,,,,,,,,,,,,28.6829,115.858,江西,,,,,,,,,,,,,,,,,,,,,,,,,,,,,,,,,,,,,,,,,,,,,,,,,,,,,,油菜/紫云英,,,,,,,,,,,,,,,,,,,,,,,,,,,,,,,,,,,,,,,,,,,,,,,,,,,,,,,,,,,,,,,,,,,,,,,,,南线,,,30,classic,,,,,,,400,2,,,,,,,,,,,,,,2025-03-12,12,3,,,,,,,,,,,,,,,20,,,,,28.6829,115.858,江西,,,,,,,,铁路,,,,,,,,,,,,,,
data_migration_routes_detailed,,,,,,,,,,,,,,,,,,,,,,,,,,,,,,,,,,,,,,,,,,,,,,,,,,,,,,,,1100,,,,,,,2025-04-22,22,4,,1980s,,,,,,,,,,,,,,,,,,28.2282,112.9388,湖南,,,,,,,,,,,,,,,,,,,,,,,,,,,,,,,,,,,,,,,,,,,,,,,,,,,,,,紫云英,,,,,,,,,,,,,,,,,,,,,,,,,,,,,,,,,,,,,,,,,,,,,,,,,,,,,,,,,,,,,,,,,,,,,,,,,南线,,,30,classic,,,,,,,400,3,,,,,,,,,,,,,,2025-04-02,2,4,,,,,,,,,,,,,,,21,,,,,28.2282,112.9388,湖南,,,,,,,,铁路,,,,,,,,,,,,,,
data_migration_routes_detailed,,,,,,,,,,,,,,,,,,,,,,,,,,,,,,,,,,,,,,,,,,,,,,,,,,,,,,,,1600,,,,,,,2025-05-27,27,5,,1980s,,,,,,,,,,,,,,,,,,30.5928,114.3055,湖北,,,,,,,,,,,,,,,,,,,,,,,,,,,,,,,,,,,,,,,,,,,,,,,,,,,,,,荆条/刺槐,,,,,,,,,,,,,,,,,,,,,,,,,,,,,,,,,,,,,,,,,,,,,,,,,,,,,,,,,,,,,,,,,,,,,,,,,南线,,,30,classic,,,,,,,500,4,,,,,,,,,,,,,,2025-04-27,27,4,,,,,,,,,,,,,,,30,,,,,30.5928,114.3055,湖北,,,,,,,,铁路,,,,,,,,,,,,,,
data_migration_routes_detailed,,,,,,,,,,,,,,,,,,,,,,,,,,,,,,,,,,,,,,,,,,,,,,,,,,,,,,,,2100,,,,,,,2025-07-08,8,7,,1980s,,,,,,,,,,,,,,,,,,34.7466,113.6254,河南,,,,,,,,,,,,,,,,,,,,,,,,,,,,,,,,,,,,,,,,,,,,,,,,,,,,,,枣花/荆条/芝麻,,,,,,,,,,,,,,,,,,,,,,,,,,,,,,,,,,,,,,,,,,,,,,,,,,,,,,,,,,,,,,,,,,,,,,,,,南线,,,30,classic,,,,,,,500,5,,,,,,,,,,,,,,2025-05-27,27,5,,,,,,,,,,,,,,,42,,,,,34.7466,113.6254,河南,,,,,,,,铁路,,,,,,,,,,,,,,
data_migration_routes_detailed,,,,,,,,,,,,,,,,,,,,,,,,,,,,,,,,,,,,,,,,,,,,,,,,,,,,,,,,2400,,,,,,,2025-08-22,22,8,,1980s,,,,,,,,,,,,,,,,,,30.5928,114.3055,湖北,,,,,,,,,,,,,,,,,,,,,,,,,,,,,,,,,,,,,,,,,,,,,,,,,,,,,,棉花,,,,,,,,,,,,,,,,,,,,,,,,,,,,,,,,,,,,,,,,,,,,,,,,,,,,,,,,,,,,,,,,,,,,,,,,,南线,,,30,classic,,,,,,,300,6,,,,,,,,,,,,,,2025-07-12,12,7,,,,,,,,,,,,,,,41,,,,,28.2282,112.9388,湖南,,,,,,,,铁路,,,,,,,,,,,,,,
data_migration_routes_detailed,,,,,,,,,,,,,,,,,,,,,,,,,,,,,,,,,,,,,,,,,,,,,,,,,,,,,,,,450,,,,,,,2025-12-17,17,12,,2000s,,,,,,,,,,,,,,,,,,26.0745,119.2965,福建,,,,,,,,,,,,,,,,,,,,,,,,,,,,,,,,,,,,,,,,,,,,,,,,,,,,,,越冬繁殖/荔枝,,,,,,,,,,,,,,,,,,,,,,,,,,,,,,,,,,,,,,,,,,,,,,,,,,,,,,,,,,,,,,,,,,,,,,,,,东线（沿海线）,,,57,classic,,,,,,,450,1,,,,,,,,,,,,,,2025-12-07,7,12,,,,,,,,,,,,,,,10,,,,,23.1291,113.2644,广东,,,,,,,,铁路/公路,,,,,,,,,,,,,,
data_migration_routes_detailed,,,,,,,,,,,,,,,,,,,,,,,,,,,,,,,,,,,,,,,,,,,,,,,,,,,,,,,,800,,,,,,,2025-03-12,12,3,,2000s,,,,,,,,,,,,,,,,,,30.2741,120.1551,浙江,,,,,,,,,,,,,,,,,,,,,,,,,,,,,,,,,,,,,,,,,,,,,,,,,,,,,,油菜,,,,,,,,,,,,,,,,,,,,,,,,,,,,,,,,,,,,,,,,,,,,,,,,,,,,,,,,,,,,,,,,,,,,,,,,,东线（沿海线）,,,57,classic,,,,,,,350,2,,,,,,,,,,,,,,2025-02-22,22,2,,,,,,,,,,,,,,,18,,,,,31.8206,117.2272,安徽,,,,,,,,铁路/公路,,,,,,,,,,,,,,
data_migration_routes_detailed,,,,,,,,,,,,,,,,,,,,,,,,,,,,,,,,,,,,,,,,,,,,,,,,,,,,,,,,1000,,,,,,,2025-04-27,27,4,,2000s,,,,,,,,,,,,,,,,,,32.0603,118.7969,江苏,,,,,,,,,,,,,,,,,,,,,,,,,,,,,,,,,,,,,,,,,,,,,,,,,,,,,,甘蓝型油菜/紫云英,,,,,,,,,,,,,,,,,,,,,,,,,,,,,,,,,,,,,,,,,,,,,,,,,,,,,,,,,,,,,,,,,,,,,,,,,东线（沿海线）,,,57,classic,,,,,,,200,3,,,,,,,,,,,,,,2025-04-07,7,4,,,,,,,,,,,,,,,20,,,,,32.0603,118.7969,江苏,,,,,,,,铁路/公路,,,,,,,,,,,,,,
data_migration_routes_detailed,,,,,,,,,,,,,,,,,,,,,,,,,,,,,,,,,,,,,,,,,,,,,,,,,,,,,,,,1400,,,,,,,2025-05-27,27,5,,2000s,,,,,,,,,,,,,,,,,,36.6516,117.1201,山东,,,,,,,,,,,,,,,,,,,,,,,,,,,,,,,,,,,,,,,,,,,,,,,,,,,,,,刺槐,,,,,,,,,,,,,,,,,,,,,,,,,,,,,,,,,,,,,,,,,,,,,,,,,,,,,,,,,,,,,,,,,,,,,,,,,东线（沿海线）,,,57,classic,,,,,,,400,4,,,,,,,,,,,,,,2025-05-07,7,5,,,,,,,,,,,,,,,20,,,,,36.6516,117.1201,山东,,,,,,,,铁路/公路,,,,,,,,,,,,,,
data_migration_routes_detailed,,,,,,,,,,,,,,,,,,,,,,,,,,,,,,,,,,,,,,,,,,,,,,,,,,,,,,,,1700,,,,,,,2025-06-12,12,6,,2000s,,,,,,,,,,,,,,,,,,41.8057,123.4315,辽宁,,,,,,,,,,,,,,,,,,,,,,,,,,,,,,,,,,,,,,,,,,,,,,,,,,,,,,刺槐（二趟）,,,,,,,,,,,,,,,,,,,,,,,,,,,,,,,,,,,,,,,,,,,,,,,,,,,,,,,,,,,,,,,,,,,,,,,,,东线（沿海线）,,,57,classic,,,,,,,300,5,,,,,,,,,,,,,,2025-05-30,30,5,,,,,,,,,,,,,,,13,,,,,41.8057,123.4315,辽宁,,,,,,,,海运/公路,,,,,,,,,,,,,,
data_migration_routes_detailed,,,,,,,,,,,,,,,,,,,,,,,,,,,,,,,,,,,,,,,,,,,,,,,,,,,,,,,,2300,,,,,,,2025-07-17,17,7,,2000s,,,,,,,,,,,,,,,,,,43.8961,125.3265,吉林,,,,,,,,,,,,,,,,,,,,,,,,,,,,,,,,,,,,,,,,,,,,,,,,,,,,,,椴树,,,,,,,,,,,,,,,,,,,,,,,,,,,,,,,,,,,,,,,,,,,,,,,,,,,,,,,,,,,,,,,,,,,,,,,,,东线（沿海线）,,,57,classic,,,,,,,600,6,,,,,,,,,,,,,,2025-06-17,17,6,,,,,,,,,,,,,,,30,,,,,45.8038,126.535,黑龙江,,,,,,,,铁路/公路,,,,,,,,,,,,,,
data_migration_routes_detailed,,,,,,,,,,,,,,,,,,,,,,,,,,,,,,,,,,,,,,,,,,,,,,,,,,,,,,,,2700,,,,,,,2025-08-22,22,8,,2000s,,,,,,,,,,,,,,,,,,40.8422,111.7498,内蒙古,,,,,,,,,,,,,,,,,,,,,,,,,,,,,,,,,,,,,,,,,,,,,,,,,,,,,,胡枝子/向日葵,,,,,,,,,,,,,,,,,,,,,,,,,,,,,,,,,,,,,,,,,,,,,,,,,,,,,,,,,,,,,,,,,,,,,,,,,东线（沿海线）,,,57,classic,,,,,,,400,7,,,,,,,,,,,,,,2025-07-22,22,7,,,,,,,,,,,,,,,31,,,,,40.8422,111.7498,内蒙古,,,,,,,,铁路/公路,,,,,,,,,,,,,,
data_migration_routes_detailed,,,,,,,,,,,,,,,,,,,,,,,,,,,,,,,,,,,,,,,,,,,,,,,,,,,,,,,,3500,,,,,,,2025-12-03,3,12,,2000s,,,,,,,,,,,,,,,,,,23.1291,113.2644,广东,,,,,,,,,,,,,,,,,,,,,,,,,,,,,,,,,,,,,,,,,,,,,,,,,,,,,,越冬南返,,,,,,,,,,,,,,,,,,,,,,,,,,,,,,,,,,,,,,,,,,,,,,,,,,,,,,,,,,,,,,,,,,,,,,,,,东线（沿海线）,,,57,classic,,,,,,,800,8,,,,,,,,,,,,,,2025-11-17,17,11,,,,,,,,,,,,,,,16,,,,,26.0745,119.2965,福建,,,,,,,,铁路/公路,,,,,,,,,,,,,,
data_migration_routes_detailed,,,,,,,,,,,,,,,,,,,,,,,,,,,,,,,,,,,,,,,,,,,,,,,,,,,,,,,,300,,,,,,,2026-01-17,17,1,,2000s,,,,,,,,,,,,,,,,,,23.1291,113.2644,广东,,,,,,,,,,,,,,,,,,,,,,,,,,,,,,,,,,,,,,,,,,,,,,,,,,,,,,越冬/油菜繁殖,,,,,,,,,,,,,,,,,,,,,,,,,,,,,,,,,,,,,,,,,,,,,,,,,,,,,,,,,,,,,,,,,,,,,,,,,中线（京广线）,,,34,classic,,,,,,,300,1,,,,,,,,,,,,,,2025-12-03,3,12,,,,,,,,,,,,,,,45,,,,,22.817,108.3665,广西,,,,,,,,铁路/公路,,,,,,,,,,,,,,
data_migration_routes_detailed,,,,,,,,,,,,,,,,,,,,,,,,,,,,,,,,,,,,,,,,,,,,,,,,,,,,,,,,800,,,,,,,2025-03-22,22,3,,2000s,,,,,,,,,,,,,,,,,,28.6829,115.858,江西,,,,,,,,,,,,,,,,,,,,,,,,,,,,,,,,,,,,,,,,,,,,,,,,,,,,,,油菜,,,,,,,,,,,,,,,,,,,,,,,,,,,,,,,,,,,,,,,,,,,,,,,,,,,,,,,,,,,,,,,,,,,,,,,,,中线（京广线）,,,34,classic,,,,,,,500,2,,,,,,,,,,,,,,2025-02-27,27,2,,,,,,,,,,,,,,,23,,,,,28.2282,112.9388,湖南,,,,,,,,铁路/公路,,,,,,,,,,,,,,
data_migration_routes_detailed,,,,,,,,,,,,,,,,,,,,,,,,,,,,,,,,,,,,,,,,,,,,,,,,,,,,,,,,1200,,,,,,,2025-04-17,17,4,,2000s,,,,,,,,,,,,,,,,,,30.5928,114.3055,湖北,,,,,,,,,,,,,,,,,,,,,,,,,,,,,,,,,,,,,,,,,,,,,,,,,,,,,,紫云英,,,,,,,,,,,,,,,,,,,,,,,,,,,,,,,,,,,,,,,,,,,,,,,,,,,,,,,,,,,,,,,,,,,,,,,,,中线（京广线）,,,34,classic,,,,,,,400,3,,,,,,,,,,,,,,2025-03-27,27,3,,,,,,,,,,,,,,,21,,,,,30.5928,114.3055,湖北,,,,,,,,铁路/公路,,,,,,,,,,,,,,
data_migration_routes_detailed,,,,,,,,,,,,,,,,,,,,,,,,,,,,,,,,,,,,,,,,,,,,,,,,,,,,,,,,1700,,,,,,,2025-05-17,17,5,,2000s,,,,,,,,,,,,,,,,,,34.7466,113.6254,河南,,,,,,,,,,,,,,,,,,,,,,,,,,,,,,,,,,,,,,,,,,,,,,,,,,,,,,刺槐,,,,,,,,,,,,,,,,,,,,,,,,,,,,,,,,,,,,,,,,,,,,,,,,,,,,,,,,,,,,,,,,,,,,,,,,,中线（京广线）,,,34,classic,,,,,,,500,4,,,,,,,,,,,,,,2025-04-22,22,4,,,,,,,,,,,,,,,25,,,,,34.7466,113.6254,河南,,,,,,,,铁路/公路,,,,,,,,,,,,,,
data_migration_routes_detailed,,,,,,,,,,,,,,,,,,,,,,,,,,,,,,,,,,,,,,,,,,,,,,,,,,,,,,,,1800,,,,,,,2025-06-12,12,6,,2000s,,,,,,,,,,,,,,,,,,34.7466,113.6254,河南,,,,,,,,,,,,,,,,,,,,,,,,,,,,,,,,,,,,,,,,,,,,,,,,,,,,,,枣花（就近）,,,,,,,,,,,,,,,,,,,,,,,,,,,,,,,,,,,,,,,,,,,,,,,,,,,,,,,,,,,,,,,,,,,,,,,,,中线（京广线）,,,34,classic,,,,,,,100,5,,,,,,,,,,,,,,2025-05-22,22,5,,,,,,,,,,,,,,,21,,,,,34.7466,113.6254,河南,,,,,,,,铁路/公路,,,,,,,,,,,,,,
data_migration_routes_detailed,,,,,,,,,,,,,,,,,,,,,,,,,,,,,,,,,,,,,,,,,,,,,,,,,,,,,,,,2300,,,,,,,2025-07-22,22,7,,2000s,,,,,,,,,,,,,,,,,,38.0455,114.502,河北,,,,,,,,,,,,,,,,,,,,,,,,,,,,,,,,,,,,,,,,,,,,,,,,,,,,,,荆条,,,,,,,,,,,,,,,,,,,,,,,,,,,,,,,,,,,,,,,,,,,,,,,,,,,,,,,,,,,,,,,,,,,,,,,,,中线（京广线）,,,34,classic,,,,,,,500,6,,,,,,,,,,,,,,2025-06-22,22,6,,,,,,,,,,,,,,,30,,,,,39.9042,116.4074,北京,,,,,,,,铁路/公路,,,,,,,,,,,,,,
data_migration_routes_detailed,,,,,,,,,,,,,,,,,,,,,,,,,,,,,,,,,,,,,,,,,,,,,,,,,,,,,,,,2800,,,,,,,2025-08-27,27,8,,2000s,,,,,,,,,,,,,,,,,,40.8422,111.7498,内蒙古,,,,,,,,,,,,,,,,,,,,,,,,,,,,,,,,,,,,,,,,,,,,,,,,,,,,,,向日葵/荞麦,,,,,,,,,,,,,,,,,,,,,,,,,,,,,,,,,,,,,,,,,,,,,,,,,,,,,,,,,,,,,,,,,,,,,,,,,中线（京广线）,,,34,classic,,,,,,,500,7,,,,,,,,,,,,,,2025-07-27,27,7,,,,,,,,,,,,,,,31,,,,,40.8422,111.7498,内蒙古,,,,,,,,铁路/公路,,,,,,,,,,,,,,
data_migration_routes_detailed,,,,,,,,,,,,,,,,,,,,,,,,,,,,,,,,,,,,,,,,,,,,,,,,,,,,,,,,400,,,,,,,2026-01-17,17,1,,2000s,,,,,,,,,,,,,,,,,,25.0389,102.7183,云南,,,,,,,,,,,,,,,,,,,,,,,,,,,,,,,,,,,,,,,,,,,,,,,,,,,,,,早油菜（繁蜂）,,,,,,,,,,,,,,,,,,,,,,,,,,,,,,,,,,,,,,,,,,,,,,,,,,,,,,,,,,,,,,,,,,,,,,,,,西线（西北线）,,,38,classic,,,,,,,400,1,,,,,,,,,,,,,,2025-11-27,27,11,,,,,,,,,,,,,,,51,,,,,25.0389,102.7183,云南,,,,,,,,铁路/公路,,,,,,,,,,,,,,
data_migration_routes_detailed,,,,,,,,,,,,,,,,,,,,,,,,,,,,,,,,,,,,,,,,,,,,,,,,,,,,,,,,900,,,,,,,2025-03-12,12,3,,2000s,,,,,,,,,,,,,,,,,,30.5728,104.0668,四川,,,,,,,,,,,,,,,,,,,,,,,,,,,,,,,,,,,,,,,,,,,,,,,,,,,,,,油菜,,,,,,,,,,,,,,,,,,,,,,,,,,,,,,,,,,,,,,,,,,,,,,,,,,,,,,,,,,,,,,,,,,,,,,,,,西线（西北线）,,,38,classic,,,,,,,500,2,,,,,,,,,,,,,,2025-01-22,22,1,,,,,,,,,,,,,,,49,,,,,30.5728,104.0668,四川,,,,,,,,铁路/公路,,,,,,,,,,,,,,
data_migration_routes_detailed,,,,,,,,,,,,,,,,,,,,,,,,,,,,,,,,,,,,,,,,,,,,,,,,,,,,,,,,1400,,,,,,,2025-04-22,22,4,,2000s,,,,,,,,,,,,,,,,,,34.3416,108.9398,陕西,,,,,,,,,,,,,,,,,,,,,,,,,,,,,,,,,,,,,,,,,,,,,,,,,,,,,,油菜/刺槐,,,,,,,,,,,,,,,,,,,,,,,,,,,,,,,,,,,,,,,,,,,,,,,,,,,,,,,,,,,,,,,,,,,,,,,,,西线（西北线）,,,38,classic,,,,,,,500,3,,,,,,,,,,,,,,2025-03-22,22,3,,,,,,,,,,,,,,,31,,,,,34.3416,108.9398,陕西,,,,,,,,铁路/公路,,,,,,,,,,,,,,
data_migration_routes_detailed,,,,,,,,,,,,,,,,,,,,,,,,,,,,,,,,,,,,,,,,,,,,,,,,,,,,,,,,1800,,,,,,,2025-07-02,2,7,,2000s,,,,,,,,,,,,,,,,,,36.6173,101.7782,青海,,,,,,,,,,,,,,,,,,,,,,,,,,,,,,,,,,,,,,,,,,,,,,,,,,,,,,油菜/山花,,,,,,,,,,,,,,,,,,,,,,,,,,,,,,,,,,,,,,,,,,,,,,,,,,,,,,,,,,,,,,,,,,,,,,,,,西线（西北线）,,,38,classic,,,,,,,400,4,,,,,,,,,,,,,,2025-06-03,3,6,,,,,,,,,,,,,,,29,,,,,36.6173,101.7782,青海,,,,,,,,铁路/公路,,,,,,,,,,,,,,
data_migration_routes_detailed,,,,,,,,,,,,,,,,,,,,,,,,,,,,,,,,,,,,,,,,,,,,,,,,,,,,,,,,2400,,,,,,,2025-08-02,2,8,,2000s,,,,,,,,,,,,,,,,,,38.472,106.2589,宁夏,,,,,,,,,,,,,,,,,,,,,,,,,,,,,,,,,,,,,,,,,,,,,,,,,,,,,,老瓜头,,,,,,,,,,,,,,,,,,,,,,,,,,,,,,,,,,,,,,,,,,,,,,,,,,,,,,,,,,,,,,,,,,,,,,,,,西线（西北线）,,,38,classic,,,,,,,600,5,,,,,,,,,,,,,,2025-07-03,3,7,,,,,,,,,,,,,,,29,,,,,36.0613,103.834,甘肃,,,,,,,,铁路/公路,,,,,,,,,,,,,,
data_migration_routes_detailed,,,,,,,,,,,,,,,,,,,,,,,,,,,,,,,,,,,,,,,,,,,,,,,,,,,,,,,,2700,,,,,,,2025-08-17,17,8,,2000s,,,,,,,,,,,,,,,,,,40.8422,111.7498,内蒙古,,,,,,,,,,,,,,,,,,,,,,,,,,,,,,,,,,,,,,,,,,,,,,,,,,,,,,向日葵,,,,,,,,,,,,,,,,,,,,,,,,,,,,,,,,,,,,,,,,,,,,,,,,,,,,,,,,,,,,,,,,,,,,,,,,,西线（西北线）,,,38,classic,,,,,,,300,6,,,,,,,,,,,,,,2025-07-27,27,7,,,,,,,,,,,,,,,21,,,,,40.8422,111.7498,内蒙古,,,,,,,,铁路/公路,,,,,,,,,,,,,,
data_migration_routes_detailed,,,,,,,,,,,,,,,,,,,,,,,,,,,,,,,,,,,,,,,,,,,,,,,,,,,,,,,,3500,,,,,,,2025-09-17,17,9,,2000s,,,,,,,,,,,,,,,,,,43.7928,87.617,新疆,,,,,,,,,,,,,,,,,,,,,,,,,,,,,,,,,,,,,,,,,,,,,,,,,,,,,,棉花,,,,,,,,,,,,,,,,,,,,,,,,,,,,,,,,,,,,,,,,,,,,,,,,,,,,,,,,,,,,,,,,,,,,,,,,,西线（西北线）,,,38,classic,,,,,,,800,7,,,,,,,,,,,,,,2025-08-03,3,8,,,,,,,,,,,,,,,45,,,,,43.7928,87.617,新疆,,,,,,,,铁路/公路,,,,,,,,,,,,,,
data_migration_routes_detailed,,,,,,,,,,,,,,,,,,,,,,,,,,,,,,,,,,,,,,,,,,,,,,,,,,,,,,,,300,,,,,,,2025-03-07,7,3,,2000s,,,,,,,,,,,,,,,,,,26.0745,119.2965,福建,,,,,,,,,,,,,,,,,,,,,,,,,,,,,,,,,,,,,,,,,,,,,,,,,,,,,,油菜,,,,,,,,,,,,,,,,,,,,,,,,,,,,,,,,,,,,,,,,,,,,,,,,,,,,,,,,,,,,,,,,,,,,,,,,,南线,,,30,classic,,,,,,,300,1,,,,,,,,,,,,,,2025-02-22,22,2,,,,,,,,,,,,,,,13,,,,,31.8206,117.2272,安徽,,,,,,,,铁路/公路,,,,,,,,,,,,,,
data_migration_routes_detailed,,,,,,,,,,,,,,,,,,,,,,,,,,,,,,,,,,,,,,,,,,,,,,,,,,,,,,,,700,,,,,,,2025-03-27,27,3,,2000s,,,,,,,,,,,,,,,,,,28.6829,115.858,江西,,,,,,,,,,,,,,,,,,,,,,,,,,,,,,,,,,,,,,,,,,,,,,,,,,,,,,油菜/紫云英,,,,,,,,,,,,,,,,,,,,,,,,,,,,,,,,,,,,,,,,,,,,,,,,,,,,,,,,,,,,,,,,,,,,,,,,,南线,,,30,classic,,,,,,,400,2,,,,,,,,,,,,,,2025-03-07,7,3,,,,,,,,,,,,,,,20,,,,,28.6829,115.858,江西,,,,,,,,铁路/公路,,,,,,,,,,,,,,
data_migration_routes_detailed,,,,,,,,,,,,,,,,,,,,,,,,,,,,,,,,,,,,,,,,,,,,,,,,,,,,,,,,1100,,,,,,,2025-04-17,17,4,,2000s,,,,,,,,,,,,,,,,,,28.2282,112.9388,湖南,,,,,,,,,,,,,,,,,,,,,,,,,,,,,,,,,,,,,,,,,,,,,,,,,,,,,,紫云英,,,,,,,,,,,,,,,,,,,,,,,,,,,,,,,,,,,,,,,,,,,,,,,,,,,,,,,,,,,,,,,,,,,,,,,,,南线,,,30,classic,,,,,,,400,3,,,,,,,,,,,,,,2025-03-27,27,3,,,,,,,,,,,,,,,21,,,,,28.2282,112.9388,湖南,,,,,,,,铁路/公路,,,,,,,,,,,,,,
data_migration_routes_detailed,,,,,,,,,,,,,,,,,,,,,,,,,,,,,,,,,,,,,,,,,,,,,,,,,,,,,,,,1600,,,,,,,2025-05-22,22,5,,2000s,,,,,,,,,,,,,,,,,,30.5928,114.3055,湖北,,,,,,,,,,,,,,,,,,,,,,,,,,,,,,,,,,,,,,,,,,,,,,,,,,,,,,荆条/刺槐,,,,,,,,,,,,,,,,,,,,,,,,,,,,,,,,,,,,,,,,,,,,,,,,,,,,,,,,,,,,,,,,,,,,,,,,,南线,,,30,classic,,,,,,,500,4,,,,,,,,,,,,,,2025-04-22,22,4,,,,,,,,,,,,,,,30,,,,,30.5928,114.3055,湖北,,,,,,,,铁路/公路,,,,,,,,,,,,,,
data_migration_routes_detailed,,,,,,,,,,,,,,,,,,,,,,,,,,,,,,,,,,,,,,,,,,,,,,,,,,,,,,,,2100,,,,,,,2025-07-03,3,7,,2000s,,,,,,,,,,,,,,,,,,34.7466,113.6254,河南,,,,,,,,,,,,,,,,,,,,,,,,,,,,,,,,,,,,,,,,,,,,,,,,,,,,,,枣花/荆条/芝麻,,,,,,,,,,,,,,,,,,,,,,,,,,,,,,,,,,,,,,,,,,,,,,,,,,,,,,,,,,,,,,,,,,,,,,,,,南线,,,30,classic,,,,,,,500,5,,,,,,,,,,,,,,2025-05-22,22,5,,,,,,,,,,,,,,,42,,,,,34.7466,113.6254,河南,,,,,,,,铁路/公路,,,,,,,,,,,,,,
data_migration_routes_detailed,,,,,,,,,,,,,,,,,,,,,,,,,,,,,,,,,,,,,,,,,,,,,,,,,,,,,,,,2400,,,,,,,2025-08-17,17,8,,2000s,,,,,,,,,,,,,,,,,,30.5928,114.3055,湖北,,,,,,,,,,,,,,,,,,,,,,,,,,,,,,,,,,,,,,,,,,,,,,,,,,,,,,棉花,,,,,,,,,,,,,,,,,,,,,,,,,,,,,,,,,,,,,,,,,,,,,,,,,,,,,,,,,,,,,,,,,,,,,,,,,南线,,,30,classic,,,,,,,300,6,,,,,,,,,,,,,,2025-07-07,7,7,,,,,,,,,,,,,,,41,,,,,28.2282,112.9388,湖南,,,,,,,,铁路/公路,,,,,,,,,,,,,,
data_migration_routes_detailed,,,,,,,,,,,,,,,,,,,,,,,,,,,,,,,,,,,,,,,,,,,,,,,,,,,,,,,,450,,,,,,,2025-12-12,12,12,,2020s,,,,,,,,,,,,,,,,,,26.0745,119.2965,福建,,,,,,,,,,,,,,,,,,,,,,,,,,,,,,,,,,,,,,,,,,,,,,,,,,,,,,越冬繁殖/荔枝,,,,,,,,,,,,,,,,,,,,,,,,,,,,,,,,,,,,,,,,,,,,,,,,,,,,,,,,,,,,,,,,,,,,,,,,,东线（沿海线）,,,57,classic,,,,,,,450,1,,,,,,,,,,,,,,2025-12-02,2,12,,,,,,,,,,,,,,,10,,,,,23.1291,113.2644,广东,,,,,,,,公路,,,,,,,,,,,,,,
data_migration_routes_detailed,,,,,,,,,,,,,,,,,,,,,,,,,,,,,,,,,,,,,,,,,,,,,,,,,,,,,,,,800,,,,,,,2025-03-07,7,3,,2020s,,,,,,,,,,,,,,,,,,30.2741,120.1551,浙江,,,,,,,,,,,,,,,,,,,,,,,,,,,,,,,,,,,,,,,,,,,,,,,,,,,,,,油菜,,,,,,,,,,,,,,,,,,,,,,,,,,,,,,,,,,,,,,,,,,,,,,,,,,,,,,,,,,,,,,,,,,,,,,,,,东线（沿海线）,,,57,classic,,,,,,,350,2,,,,,,,,,,,,,,2025-02-17,17,2,,,,,,,,,,,,,,,18,,,,,31.8206,117.2272,安徽,,,,,,,,公路,,,,,,,,,,,,,,
data_migration_routes_detailed,,,,,,,,,,,,,,,,,,,,,,,,,,,,,,,,,,,,,,,,,,,,,,,,,,,,,,,,1000,,,,,,,2025-04-22,22,4,,2020s,,,,,,,,,,,,,,,,,,32.0603,118.7969,江苏,,,,,,,,,,,,,,,,,,,,,,,,,,,,,,,,,,,,,,,,,,,,,,,,,,,,,,甘蓝型油菜/紫云英,,,,,,,,,,,,,,,,,,,,,,,,,,,,,,,,,,,,,,,,,,,,,,,,,,,,,,,,,,,,,,,,,,,,,,,,,东线（沿海线）,,,57,classic,,,,,,,200,3,,,,,,,,,,,,,,2025-04-02,2,4,,,,,,,,,,,,,,,20,,,,,32.0603,118.7969,江苏,,,,,,,,公路,,,,,,,,,,,,,,
data_migration_routes_detailed,,,,,,,,,,,,,,,,,,,,,,,,,,,,,,,,,,,,,,,,,,,,,,,,,,,,,,,,1400,,,,,,,2025-05-22,22,5,,2020s,,,,,,,,,,,,,,,,,,36.6516,117.1201,山东,,,,,,,,,,,,,,,,,,,,,,,,,,,,,,,,,,,,,,,,,,,,,,,,,,,,,,刺槐,,,,,,,,,,,,,,,,,,,,,,,,,,,,,,,,,,,,,,,,,,,,,,,,,,,,,,,,,,,,,,,,,,,,,,,,,东线（沿海线）,,,57,classic,,,,,,,400,4,,,,,,,,,,,,,,2025-05-02,2,5,,,,,,,,,,,,,,,20,,,,,36.6516,117.1201,山东,,,,,,,,公路,,,,,,,,,,,,,,
data_migration_routes_detailed,,,,,,,,,,,,,,,,,,,,,,,,,,,,,,,,,,,,,,,,,,,,,,,,,,,,,,,,1700,,,,,,,2025-06-07,7,6,,2020s,,,,,,,,,,,,,,,,,,41.8057,123.4315,辽宁,,,,,,,,,,,,,,,,,,,,,,,,,,,,,,,,,,,,,,,,,,,,,,,,,,,,,,刺槐（二趟）,,,,,,,,,,,,,,,,,,,,,,,,,,,,,,,,,,,,,,,,,,,,,,,,,,,,,,,,,,,,,,,,,,,,,,,,,东线（沿海线）,,,57,classic,,,,,,,300,5,,,,,,,,,,,,,,2025-05-25,25,5,,,,,,,,,,,,,,,13,,,,,41.8057,123.4315,辽宁,,,,,,,,海运/公路,,,,,,,,,,,,,,
data_migration_routes_detailed,,,,,,,,,,,,,,,,,,,,,,,,,,,,,,,,,,,,,,,,,,,,,,,,,,,,,,,,2300,,,,,,,2025-07-12,12,7,,2020s,,,,,,,,,,,,,,,,,,43.8961,125.3265,吉林,,,,,,,,,,,,,,,,,,,,,,,,,,,,,,,,,,,,,,,,,,,,,,,,,,,,,,椴树,,,,,,,,,,,,,,,,,,,,,,,,,,,,,,,,,,,,,,,,,,,,,,,,,,,,,,,,,,,,,,,,,,,,,,,,,东线（沿海线）,,,57,classic,,,,,,,600,6,,,,,,,,,,,,,,2025-06-12,12,6,,,,,,,,,,,,,,,30,,,,,45.8038,126.535,黑龙江,,,,,,,,公路,,,,,,,,,,,,,,
data_migration_routes_detailed,,,,,,,,,,,,,,,,,,,,,,,,,,,,,,,,,,,,,,,,,,,,,,,,,,,,,,,,2700,,,,,,,2025-08-17,17,8,,2020s,,,,,,,,,,,,,,,,,,40.8422,111.7498,内蒙古,,,,,,,,,,,,,,,,,,,,,,,,,,,,,,,,,,,,,,,,,,,,,,,,,,,,,,胡枝子/向日葵,,,,,,,,,,,,,,,,,,,,,,,,,,,,,,,,,,,,,,,,,,,,,,,,,,,,,,,,,,,,,,,,,,,,,,,,,东线（沿海线）,,,57,classic,,,,,,,400,7,,,,,,,,,,,,,,2025-07-17,17,7,,,,,,,,,,,,,,,31,,,,,40.8422,111.7498,内蒙古,,,,,,,,公路,,,,,,,,,,,,,,
data_migration_routes_detailed,,,,,,,,,,,,,,,,,,,,,,,,,,,,,,,,,,,,,,,,,,,,,,,,,,,,,,,,3500,,,,,,,2025-11-28,28,11,,2020s,,,,,,,,,,,,,,,,,,23.1291,113.2644,广东,,,,,,,,,,,,,,,,,,,,,,,,,,,,,,,,,,,,,,,,,,,,,,,,,,,,,,越冬南返,,,,,,,,,,,,,,,,,,,,,,,,,,,,,,,,,,,,,,,,,,,,,,,,,,,,,,,,,,,,,,,,,,,,,,,,,东线（沿海线）,,,57,classic,,,,,,,800,8,,,,,,,,,,,,,,2025-11-12,12,11,,,,,,,,,,,,,,,16,,,,,26.0745,119.2965,福建,,,,,,,,铁路/公路,,,,,,,,,,,,,,
data_migration_routes_detailed,,,,,,,,,,,,,,,,,,,,,,,,,,,,,,,,,,,,,,,,,,,,,,,,,,,,,,,,300,,,,,,,2026-01-12,12,1,,2020s,,,,,,,,,,,,,,,,,,23.1291,113.2644,广东,,,,,,,,,,,,,,,,,,,,,,,,,,,,,,,,,,,,,,,,,,,,,,,,,,,,,,越冬/油菜繁殖,,,,,,,,,,,,,,,,,,,,,,,,,,,,,,,,,,,,,,,,,,,,,,,,,,,,,,,,,,,,,,,,,,,,,,,,,中线（京广线）,,,34,classic,,,,,,,300,1,,,,,,,,,,,,,,2025-11-28,28,11,,,,,,,,,,,,,,,45,,,,,22.817,108.3665,广西,,,,,,,,公路,,,,,,,,,,,,,,
data_migration_routes_detailed,,,,,,,,,,,,,,,,,,,,,,,,,,,,,,,,,,,,,,,,,,,,,,,,,,,,,,,,800,,,,,,,2025-03-17,17,3,,2020s,,,,,,,,,,,,,,,,,,28.6829,115.858,江西,,,,,,,,,,,,,,,,,,,,,,,,,,,,,,,,,,,,,,,,,,,,,,,,,,,,,,油菜,,,,,,,,,,,,,,,,,,,,,,,,,,,,,,,,,,,,,,,,,,,,,,,,,,,,,,,,,,,,,,,,,,,,,,,,,中线（京广线）,,,34,classic,,,,,,,500,2,,,,,,,,,,,,,,2025-02-22,22,2,,,,,,,,,,,,,,,23,,,,,28.2282,112.9388,湖南,,,,,,,,公路,,,,,,,,,,,,,,
data_migration_routes_detailed,,,,,,,,,,,,,,,,,,,,,,,,,,,,,,,,,,,,,,,,,,,,,,,,,,,,,,,,1200,,,,,,,2025-04-12,12,4,,2020s,,,,,,,,,,,,,,,,,,30.5928,114.3055,湖北,,,,,,,,,,,,,,,,,,,,,,,,,,,,,,,,,,,,,,,,,,,,,,,,,,,,,,紫云英,,,,,,,,,,,,,,,,,,,,,,,,,,,,,,,,,,,,,,,,,,,,,,,,,,,,,,,,,,,,,,,,,,,,,,,,,中线（京广线）,,,34,classic,,,,,,,400,3,,,,,,,,,,,,,,2025-03-22,22,3,,,,,,,,,,,,,,,21,,,,,30.5928,114.3055,湖北,,,,,,,,公路,,,,,,,,,,,,,,
data_migration_routes_detailed,,,,,,,,,,,,,,,,,,,,,,,,,,,,,,,,,,,,,,,,,,,,,,,,,,,,,,,,1700,,,,,,,2025-05-12,12,5,,2020s,,,,,,,,,,,,,,,,,,34.7466,113.6254,河南,,,,,,,,,,,,,,,,,,,,,,,,,,,,,,,,,,,,,,,,,,,,,,,,,,,,,,刺槐,,,,,,,,,,,,,,,,,,,,,,,,,,,,,,,,,,,,,,,,,,,,,,,,,,,,,,,,,,,,,,,,,,,,,,,,,中线（京广线）,,,34,classic,,,,,,,500,4,,,,,,,,,,,,,,2025-04-17,17,4,,,,,,,,,,,,,,,25,,,,,34.7466,113.6254,河南,,,,,,,,公路,,,,,,,,,,,,,,
data_migration_routes_detailed,,,,,,,,,,,,,,,,,,,,,,,,,,,,,,,,,,,,,,,,,,,,,,,,,,,,,,,,1800,,,,,,,2025-06-07,7,6,,2020s,,,,,,,,,,,,,,,,,,34.7466,113.6254,河南,,,,,,,,,,,,,,,,,,,,,,,,,,,,,,,,,,,,,,,,,,,,,,,,,,,,,,枣花（就近）,,,,,,,,,,,,,,,,,,,,,,,,,,,,,,,,,,,,,,,,,,,,,,,,,,,,,,,,,,,,,,,,,,,,,,,,,中线（京广线）,,,34,classic,,,,,,,100,5,,,,,,,,,,,,,,2025-05-17,17,5,,,,,,,,,,,,,,,21,,,,,34.7466,113.6254,河南,,,,,,,,公路,,,,,,,,,,,,,,
data_migration_routes_detailed,,,,,,,,,,,,,,,,,,,,,,,,,,,,,,,,,,,,,,,,,,,,,,,,,,,,,,,,2300,,,,,,,2025-07-17,17,7,,2020s,,,,,,,,,,,,,,,,,,38.0455,114.502,河北,,,,,,,,,,,,,,,,,,,,,,,,,,,,,,,,,,,,,,,,,,,,,,,,,,,,,,荆条,,,,,,,,,,,,,,,,,,,,,,,,,,,,,,,,,,,,,,,,,,,,,,,,,,,,,,,,,,,,,,,,,,,,,,,,,中线（京广线）,,,34,classic,,,,,,,500,6,,,,,,,,,,,,,,2025-06-17,17,6,,,,,,,,,,,,,,,30,,,,,39.9042,116.4074,北京,,,,,,,,公路,,,,,,,,,,,,,,
data_migration_routes_detailed,,,,,,,,,,,,,,,,,,,,,,,,,,,,,,,,,,,,,,,,,,,,,,,,,,,,,,,,2800,,,,,,,2025-08-22,22,8,,2020s,,,,,,,,,,,,,,,,,,40.8422,111.7498,内蒙古,,,,,,,,,,,,,,,,,,,,,,,,,,,,,,,,,,,,,,,,,,,,,,,,,,,,,,向日葵/荞麦,,,,,,,,,,,,,,,,,,,,,,,,,,,,,,,,,,,,,,,,,,,,,,,,,,,,,,,,,,,,,,,,,,,,,,,,,中线（京广线）,,,34,classic,,,,,,,500,7,,,,,,,,,,,,,,2025-07-22,22,7,,,,,,,,,,,,,,,31,,,,,40.8422,111.7498,内蒙古,,,,,,,,公路,,,,,,,,,,,,,,
data_migration_routes_detailed,,,,,,,,,,,,,,,,,,,,,,,,,,,,,,,,,,,,,,,,,,,,,,,,,,,,,,,,400,,,,,,,2026-01-12,12,1,,2020s,,,,,,,,,,,,,,,,,,25.0389,102.7183,云南,,,,,,,,,,,,,,,,,,,,,,,,,,,,,,,,,,,,,,,,,,,,,,,,,,,,,,早油菜（繁蜂）,,,,,,,,,,,,,,,,,,,,,,,,,,,,,,,,,,,,,,,,,,,,,,,,,,,,,,,,,,,,,,,,,,,,,,,,,西线（西北线）,,,38,classic,,,,,,,400,1,,,,,,,,,,,,,,2025-11-22,22,11,,,,,,,,,,,,,,,51,,,,,25.0389,102.7183,云南,,,,,,,,公路,,,,,,,,,,,,,,
data_migration_routes_detailed,,,,,,,,,,,,,,,,,,,,,,,,,,,,,,,,,,,,,,,,,,,,,,,,,,,,,,,,900,,,,,,,2025-03-07,7,3,,2020s,,,,,,,,,,,,,,,,,,30.5728,104.0668,四川,,,,,,,,,,,,,,,,,,,,,,,,,,,,,,,,,,,,,,,,,,,,,,,,,,,,,,油菜,,,,,,,,,,,,,,,,,,,,,,,,,,,,,,,,,,,,,,,,,,,,,,,,,,,,,,,,,,,,,,,,,,,,,,,,,西线（西北线）,,,38,classic,,,,,,,500,2,,,,,,,,,,,,,,2025-01-17,17,1,,,,,,,,,,,,,,,49,,,,,30.5728,104.0668,四川,,,,,,,,公路,,,,,,,,,,,,,,
data_migration_routes_detailed,,,,,,,,,,,,,,,,,,,,,,,,,,,,,,,,,,,,,,,,,,,,,,,,,,,,,,,,1400,,,,,,,2025-04-17,17,4,,2020s,,,,,,,,,,,,,,,,,,34.3416,108.9398,陕西,,,,,,,,,,,,,,,,,,,,,,,,,,,,,,,,,,,,,,,,,,,,,,,,,,,,,,油菜/刺槐,,,,,,,,,,,,,,,,,,,,,,,,,,,,,,,,,,,,,,,,,,,,,,,,,,,,,,,,,,,,,,,,,,,,,,,,,西线（西北线）,,,38,classic,,,,,,,500,3,,,,,,,,,,,,,,2025-03-17,17,3,,,,,,,,,,,,,,,31,,,,,34.3416,108.9398,陕西,,,,,,,,公路,,,,,,,,,,,,,,
data_migration_routes_detailed,,,,,,,,,,,,,,,,,,,,,,,,,,,,,,,,,,,,,,,,,,,,,,,,,,,,,,,,1800,,,,,,,2025-06-27,27,6,,2020s,,,,,,,,,,,,,,,,,,36.6173,101.7782,青海,,,,,,,,,,,,,,,,,,,,,,,,,,,,,,,,,,,,,,,,,,,,,,,,,,,,,,油菜/山花,,,,,,,,,,,,,,,,,,,,,,,,,,,,,,,,,,,,,,,,,,,,,,,,,,,,,,,,,,,,,,,,,,,,,,,,,西线（西北线）,,,38,classic,,,,,,,400,4,,,,,,,,,,,,,,2025-05-28,28,5,,,,,,,,,,,,,,,29,,,,,36.6173,101.7782,青海,,,,,,,,公路,,,,,,,,,,,,,,
data_migration_routes_detailed,,,,,,,,,,,,,,,,,,,,,,,,,,,,,,,,,,,,,,,,,,,,,,,,,,,,,,,,2400,,,,,,,2025-07-27,27,7,,2020s,,,,,,,,,,,,,,,,,,38.472,106.2589,宁夏,,,,,,,,,,,,,,,,,,,,,,,,,,,,,,,,,,,,,,,,,,,,,,,,,,,,,,老瓜头,,,,,,,,,,,,,,,,,,,,,,,,,,,,,,,,,,,,,,,,,,,,,,,,,,,,,,,,,,,,,,,,,,,,,,,,,西线（西北线）,,,38,classic,,,,,,,600,5,,,,,,,,,,,,,,2025-06-28,28,6,,,,,,,,,,,,,,,29,,,,,36.0613,103.834,甘肃,,,,,,,,公路,,,,,,,,,,,,,,
data_migration_routes_detailed,,,,,,,,,,,,,,,,,,,,,,,,,,,,,,,,,,,,,,,,,,,,,,,,,,,,,,,,2700,,,,,,,2025-08-12,12,8,,2020s,,,,,,,,,,,,,,,,,,40.8422,111.7498,内蒙古,,,,,,,,,,,,,,,,,,,,,,,,,,,,,,,,,,,,,,,,,,,,,,,,,,,,,,向日葵,,,,,,,,,,,,,,,,,,,,,,,,,,,,,,,,,,,,,,,,,,,,,,,,,,,,,,,,,,,,,,,,,,,,,,,,,西线（西北线）,,,38,classic,,,,,,,300,6,,,,,,,,,,,,,,2025-07-22,22,7,,,,,,,,,,,,,,,21,,,,,40.8422,111.7498,内蒙古,,,,,,,,公路,,,,,,,,,,,,,,
data_migration_routes_detailed,,,,,,,,,,,,,,,,,,,,,,,,,,,,,,,,,,,,,,,,,,,,,,,,,,,,,,,,3500,,,,,,,2025-09-12,12,9,,2020s,,,,,,,,,,,,,,,,,,43.7928,87.617,新疆,,,,,,,,,,,,,,,,,,,,,,,,,,,,,,,,,,,,,,,,,,,,,,,,,,,,,,棉花,,,,,,,,,,,,,,,,,,,,,,,,,,,,,,,,,,,,,,,,,,,,,,,,,,,,,,,,,,,,,,,,,,,,,,,,,西线（西北线）,,,38,classic,,,,,,,800,7,,,,,,,,,,,,,,2025-07-28,28,7,,,,,,,,,,,,,,,45,,,,,43.7928,87.617,新疆,,,,,,,,公路,,,,,,,,,,,,,,
data_migration_routes_detailed,,,,,,,,,,,,,,,,,,,,,,,,,,,,,,,,,,,,,,,,,,,,,,,,,,,,,,,,300,,,,,,,2025-03-02,2,3,,2020s,,,,,,,,,,,,,,,,,,26.0745,119.2965,福建,,,,,,,,,,,,,,,,,,,,,,,,,,,,,,,,,,,,,,,,,,,,,,,,,,,,,,油菜,,,,,,,,,,,,,,,,,,,,,,,,,,,,,,,,,,,,,,,,,,,,,,,,,,,,,,,,,,,,,,,,,,,,,,,,,南线,,,30,classic,,,,,,,300,1,,,,,,,,,,,,,,2025-02-17,17,2,,,,,,,,,,,,,,,13,,,,,31.8206,117.2272,安徽,,,,,,,,公路,,,,,,,,,,,,,,
data_migration_routes_detailed,,,,,,,,,,,,,,,,,,,,,,,,,,,,,,,,,,,,,,,,,,,,,,,,,,,,,,,,700,,,,,,,2025-03-22,22,3,,2020s,,,,,,,,,,,,,,,,,,28.6829,115.858,江西,,,,,,,,,,,,,,,,,,,,,,,,,,,,,,,,,,,,,,,,,,,,,,,,,,,,,,油菜/紫云英,,,,,,,,,,,,,,,,,,,,,,,,,,,,,,,,,,,,,,,,,,,,,,,,,,,,,,,,,,,,,,,,,,,,,,,,,南线,,,30,classic,,,,,,,400,2,,,,,,,,,,,,,,2025-03-02,2,3,,,,,,,,,,,,,,,20,,,,,28.6829,115.858,江西,,,,,,,,公路,,,,,,,,,,,,,,
data_migration_routes_detailed,,,,,,,,,,,,,,,,,,,,,,,,,,,,,,,,,,,,,,,,,,,,,,,,,,,,,,,,1100,,,,,,,2025-04-12,12,4,,2020s,,,,,,,,,,,,,,,,,,28.2282,112.9388,湖南,,,,,,,,,,,,,,,,,,,,,,,,,,,,,,,,,,,,,,,,,,,,,,,,,,,,,,紫云英,,,,,,,,,,,,,,,,,,,,,,,,,,,,,,,,,,,,,,,,,,,,,,,,,,,,,,,,,,,,,,,,,,,,,,,,,南线,,,30,classic,,,,,,,400,3,,,,,,,,,,,,,,2025-03-22,22,3,,,,,,,,,,,,,,,21,,,,,28.2282,112.9388,湖南,,,,,,,,公路,,,,,,,,,,,,,,
data_migration_routes_detailed,,,,,,,,,,,,,,,,,,,,,,,,,,,,,,,,,,,,,,,,,,,,,,,,,,,,,,,,1600,,,,,,,2025-05-17,17,5,,2020s,,,,,,,,,,,,,,,,,,30.5928,114.3055,湖北,,,,,,,,,,,,,,,,,,,,,,,,,,,,,,,,,,,,,,,,,,,,,,,,,,,,,,荆条/刺槐,,,,,,,,,,,,,,,,,,,,,,,,,,,,,,,,,,,,,,,,,,,,,,,,,,,,,,,,,,,,,,,,,,,,,,,,,南线,,,30,classic,,,,,,,500,4,,,,,,,,,,,,,,2025-04-17,17,4,,,,,,,,,,,,,,,30,,,,,30.5928,114.3055,湖北,,,,,,,,公路,,,,,,,,,,,,,,
data_migration_routes_detailed,,,,,,,,,,,,,,,,,,,,,,,,,,,,,,,,,,,,,,,,,,,,,,,,,,,,,,,,2100,,,,,,,2025-06-28,28,6,,2020s,,,,,,,,,,,,,,,,,,34.7466,113.6254,河南,,,,,,,,,,,,,,,,,,,,,,,,,,,,,,,,,,,,,,,,,,,,,,,,,,,,,,枣花/荆条/芝麻,,,,,,,,,,,,,,,,,,,,,,,,,,,,,,,,,,,,,,,,,,,,,,,,,,,,,,,,,,,,,,,,,,,,,,,,,南线,,,30,classic,,,,,,,500,5,,,,,,,,,,,,,,2025-05-17,17,5,,,,,,,,,,,,,,,42,,,,,34.7466,113.6254,河南,,,,,,,,公路,,,,,,,,,,,,,,
data_migration_routes_detailed,,,,,,,,,,,,,,,,,,,,,,,,,,,,,,,,,,,,,,,,,,,,,,,,,,,,,,,,2400,,,,,,,2025-08-12,12,8,,2020s,,,,,,,,,,,,,,,,,,30.5928,114.3055,湖北,,,,,,,,,,,,,,,,,,,,,,,,,,,,,,,,,,,,,,,,,,,,,,,,,,,,,,棉花,,,,,,,,,,,,,,,,,,,,,,,,,,,,,,,,,,,,,,,,,,,,,,,,,,,,,,,,,,,,,,,,,,,,,,,,,南线,,,30,classic,,,,,,,300,6,,,,,,,,,,,,,,2025-07-02,2,7,,,,,,,,,,,,,,,41,,,,,28.2282,112.9388,湖南,,,,,,,,公路,,,,,,,,,,,,,,
data_migration_routes_detailed,,,,,,,,,,,,,,,,,,,,,,,,,,,,,,,,,,,,,,,,,,,,,,,,,,,,,,,,200,,,,,,,2025-03-20,20,3,,2000s-2020s,,,,,,,,,,,,,,,,,,30.2741,120.1551,浙江 温州,,,,,,,,,,,,,,,,,,,,,,,,,,,,,,,,,,,,,,,,,,,,,,,,,,,,,,油菜/紫云英,,,,,,,,,,,,,,,,,,,,,,,,,,,,,,,,,,,,,,,,,,,,,,,,,,,,,,,,,,,,,,,,,,,,,,,,浙江蜂农常见路线，从浙南出发经江西、安徽北上,浙赣皖线,,,1800,variant,,,,,,,200,1,,,,,,,,,,,,,,2025-03-01,1,3,,,,,,,,,,,,,,,19,,,,,28.6829,115.858,江西 上饶,,,,,,,,公路,,,,,,,,,,,,,,
data_migration_routes_detailed,,,,,,,,,,,,,,,,,,,,,,,,,,,,,,,,,,,,,,,,,,,,,,,,,,,,,,,,350,,,,,,,2025-04-10,10,4,,2000s-2020s,,,,,,,,,,,,,,,,,,28.6829,115.858,江西 上饶,,,,,,,,,,,,,,,,,,,,,,,,,,,,,,,,,,,,,,,,,,,,,,,,,,,,,,油菜,,,,,,,,,,,,,,,,,,,,,,,,,,,,,,,,,,,,,,,,,,,,,,,,,,,,,,,,,,,,,,,,,,,,,,,,浙江蜂农常见路线，从浙南出发经江西、安徽北上,浙赣皖线,,,1800,variant,,,,,,,150,2,,,,,,,,,,,,,,2025-03-20,20,3,,,,,,,,,,,,,,,21,,,,,31.8206,117.2272,安徽 黄山,,,,,,,,公路,,,,,,,,,,,,,,
data_migration_routes_detailed,,,,,,,,,,,,,,,,,,,,,,,,,,,,,,,,,,,,,,,,,,,,,,,,,,,,,,,,600,,,,,,,2025-04-30,30,4,,2000s-2020s,,,,,,,,,,,,,,,,,,31.8206,117.2272,安徽 黄山,,,,,,,,,,,,,,,,,,,,,,,,,,,,,,,,,,,,,,,,,,,,,,,,,,,,,,油菜/刺槐,,,,,,,,,,,,,,,,,,,,,,,,,,,,,,,,,,,,,,,,,,,,,,,,,,,,,,,,,,,,,,,,,,,,,,,,浙江蜂农常见路线，从浙南出发经江西、安徽北上,浙赣皖线,,,1800,variant,,,,,,,250,3,,,,,,,,,,,,,,2025-04-10,10,4,,,,,,,,,,,,,,,20,,,,,32.0603,118.7969,江苏 南京,,,,,,,,公路,,,,,,,,,,,,,,
data_migration_routes_detailed,,,,,,,,,,,,,,,,,,,,,,,,,,,,,,,,,,,,,,,,,,,,,,,,,,,,,,,,1000,,,,,,,2025-05-25,25,5,,2000s-2020s,,,,,,,,,,,,,,,,,,32.0603,118.7969,江苏 南京,,,,,,,,,,,,,,,,,,,,,,,,,,,,,,,,,,,,,,,,,,,,,,,,,,,,,,刺槐,,,,,,,,,,,,,,,,,,,,,,,,,,,,,,,,,,,,,,,,,,,,,,,,,,,,,,,,,,,,,,,,,,,,,,,,浙江蜂农常见路线，从浙南出发经江西、安徽北上,浙赣皖线,,,1800,variant,,,,,,,400,4,,,,,,,,,,,,,,2025-05-01,1,5,,,,,,,,,,,,,,,24,,,,,36.6516,117.1201,山东 泰安,,,,,,,,公路,,,,,,,,,,,,,,
data_migration_routes_detailed,,,,,,,,,,,,,,,,,,,,,,,,,,,,,,,,,,,,,,,,,,,,,,,,,,,,,,,,1300,,,,,,,2025-06-20,20,6,,2000s-2020s,,,,,,,,,,,,,,,,,,36.6516,117.1201,山东 泰安,,,,,,,,,,,,,,,,,,,,,,,,,,,,,,,,,,,,,,,,,,,,,,,,,,,,,,枣花/荆条,,,,,,,,,,,,,,,,,,,,,,,,,,,,,,,,,,,,,,,,,,,,,,,,,,,,,,,,,,,,,,,,,,,,,,,,浙江蜂农常见路线，从浙南出发经江西、安徽北上,浙赣皖线,,,1800,variant,,,,,,,300,5,,,,,,,,,,,,,,2025-05-28,28,5,,,,,,,,,,,,,,,23,,,,,38.0455,114.502,河北 石家庄,,,,,,,,公路,,,,,,,,,,,,,,
data_migration_routes_detailed,,,,,,,,,,,,,,,,,,,,,,,,,,,,,,,,,,,,,,,,,,,,,,,,,,,,,,,,1800,,,,,,,2025-08-20,20,8,,2000s-2020s,,,,,,,,,,,,,,,,,,38.0455,114.502,河北 石家庄,,,,,,,,,,,,,,,,,,,,,,,,,,,,,,,,,,,,,,,,,,,,,,,,,,,,,,荆条/向日葵,,,,,,,,,,,,,,,,,,,,,,,,,,,,,,,,,,,,,,,,,,,,,,,,,,,,,,,,,,,,,,,,,,,,,,,,浙江蜂农常见路线，从浙南出发经江西、安徽北上,浙赣皖线,,,1800,variant,,,,,,,500,6,,,,,,,,,,,,,,2025-06-25,25,6,,,,,,,,,,,,,,,56,,,,,42.2586,118.9558,内蒙古 赤峰,,,,,,,,公路,,,,,,,,,,,,,,
data_migration_routes_detailed,,,,,,,,,,,,,,,,,,,,,,,,,,,,,,,,,,,,,,,,,,,,,,,,,,,,,,,,300,,,,,,,2025-03-20,20,3,,2000s-2020s,,,,,,,,,,,,,,,,,,30.5928,114.3055,湖北 武汉,,,,,,,,,,,,,,,,,,,,,,,,,,,,,,,,,,,,,,,,,,,,,,,,,,,,,,油菜,,,,,,,,,,,,,,,,,,,,,,,,,,,,,,,,,,,,,,,,,,,,,,,,,,,,,,,,,,,,,,,,,,,,,,,,湖北蜂农向西北发展的路线,鄂豫陕线,,,1850,variant,,,,,,,300,1,,,,,,,,,,,,,,2025-02-20,20,2,,,,,,,,,,,,,,,28,,,,,34.7466,113.6254,河南 南阳,,,,,,,,公路,,,,,,,,,,,,,,
data_migration_routes_detailed,,,,,,,,,,,,,,,,,,,,,,,,,,,,,,,,,,,,,,,,,,,,,,,,,,,,,,,,650,,,,,,,2025-04-20,20,4,,2000s-2020s,,,,,,,,,,,,,,,,,,34.7466,113.6254,河南 南阳,,,,,,,,,,,,,,,,,,,,,,,,,,,,,,,,,,,,,,,,,,,,,,,,,,,,,,油菜/刺槐,,,,,,,,,,,,,,,,,,,,,,,,,,,,,,,,,,,,,,,,,,,,,,,,,,,,,,,,,,,,,,,,,,,,,,,,湖北蜂农向西北发展的路线,鄂豫陕线,,,1850,variant,,,,,,,350,2,,,,,,,,,,,,,,2025-03-25,25,3,,,,,,,,,,,,,,,26,,,,,34.3416,108.9398,陕西 西安,,,,,,,,公路,,,,,,,,,,,,,,
data_migration_routes_detailed,,,,,,,,,,,,,,,,,,,,,,,,,,,,,,,,,,,,,,,,,,,,,,,,,,,,,,,,950,,,,,,,2025-05-20,20,5,,2000s-2020s,,,,,,,,,,,,,,,,,,34.3416,108.9398,陕西 西安,,,,,,,,,,,,,,,,,,,,,,,,,,,,,,,,,,,,,,,,,,,,,,,,,,,,,,刺槐/山花,,,,,,,,,,,,,,,,,,,,,,,,,,,,,,,,,,,,,,,,,,,,,,,,,,,,,,,,,,,,,,,,,,,,,,,,湖北蜂农向西北发展的路线,鄂豫陕线,,,1850,variant,,,,,,,300,3,,,,,,,,,,,,,,2025-04-25,25,4,,,,,,,,,,,,,,,25,,,,,36.0613,103.834,甘肃 天水,,,,,,,,公路,,,,,,,,,,,,,,
data_migration_routes_detailed,,,,,,,,,,,,,,,,,,,,,,,,,,,,,,,,,,,,,,,,,,,,,,,,,,,,,,,,1450,,,,,,,2025-07-10,10,7,,2000s-2020s,,,,,,,,,,,,,,,,,,36.0613,103.834,甘肃 天水,,,,,,,,,,,,,,,,,,,,,,,,,,,,,,,,,,,,,,,,,,,,,,,,,,,,,,老瓜头/苜蓿,,,,,,,,,,,,,,,,,,,,,,,,,,,,,,,,,,,,,,,,,,,,,,,,,,,,,,,,,,,,,,,,,,,,,,,,湖北蜂农向西北发展的路线,鄂豫陕线,,,1850,variant,,,,,,,500,4,,,,,,,,,,,,,,2025-05-25,25,5,,,,,,,,,,,,,,,46,,,,,38.472,106.2589,宁夏 银川,,,,,,,,公路,,,,,,,,,,,,,,
data_migration_routes_detailed,,,,,,,,,,,,,,,,,,,,,,,,,,,,,,,,,,,,,,,,,,,,,,,,,,,,,,,,1850,,,,,,,2025-08-15,15,8,,2000s-2020s,,,,,,,,,,,,,,,,,,38.472,106.2589,宁夏 银川,,,,,,,,,,,,,,,,,,,,,,,,,,,,,,,,,,,,,,,,,,,,,,,,,,,,,,向日葵/荞麦,,,,,,,,,,,,,,,,,,,,,,,,,,,,,,,,,,,,,,,,,,,,,,,,,,,,,,,,,,,,,,,,,,,,,,,,湖北蜂农向西北发展的路线,鄂豫陕线,,,1850,variant,,,,,,,400,5,,,,,,,,,,,,,,2025-07-15,15,7,,,,,,,,,,,,,,,31,,,,,40.8422,111.7498,内蒙古 包头,,,,,,,,公路,,,,,,,,,,,,,,
data_migration_routes_detailed,,,,,,,,,,,,,,,,,,,,,,,,,,,,,,,,,,,,,,,,,,,,,,,,,,,,,,,,400,,,,,,,2025-02-15,15,2,,2000s-2020s,,,,,,,,,,,,,,,,,,30.5728,104.0668,四川 成都,,,,,,,,,,,,,,,,,,,,,,,,,,,,,,,,,,,,,,,,,,,,,,,,,,,,,,早油菜,,,,,,,,,,,,,,,,,,,,,,,,,,,,,,,,,,,,,,,,,,,,,,,,,,,,,,,,,,,,,,,,,,,,,,,,四川蜂农在西南地区的转地路线,川滇黔线,,,2300,variant,,,,,,,400,1,,,,,,,,,,,,,,2025-01-05,5,1,,,,,,,,,,,,,,,41,,,,,24.8842,104.3087,云南 罗平,,,,,,,,公路,,,,,,,,,,,,,,
data_migration_routes_detailed,,,,,,,,,,,,,,,,,,,,,,,,,,,,,,,,,,,,,,,,,,,,,,,,,,,,,,,,700,,,,,,,2025-03-25,25,3,,2000s-2020s,,,,,,,,,,,,,,,,,,24.8842,104.3087,云南 罗平,,,,,,,,,,,,,,,,,,,,,,,,,,,,,,,,,,,,,,,,,,,,,,,,,,,,,,油菜/山花,,,,,,,,,,,,,,,,,,,,,,,,,,,,,,,,,,,,,,,,,,,,,,,,,,,,,,,,,,,,,,,,,,,,,,,,四川蜂农在西南地区的转地路线,川滇黔线,,,2300,variant,,,,,,,300,2,,,,,,,,,,,,,,2025-02-20,20,2,,,,,,,,,,,,,,,33,,,,,26.2537,105.9462,贵州 安顺,,,,,,,,公路,,,,,,,,,,,,,,
data_migration_routes_detailed,,,,,,,,,,,,,,,,,,,,,,,,,,,,,,,,,,,,,,,,,,,,,,,,,,,,,,,,1200,,,,,,,2025-05-15,15,5,,2000s-2020s,,,,,,,,,,,,,,,,,,26.2537,105.9462,贵州 安顺,,,,,,,,,,,,,,,,,,,,,,,,,,,,,,,,,,,,,,,,,,,,,,,,,,,,,,油菜/刺槐,,,,,,,,,,,,,,,,,,,,,,,,,,,,,,,,,,,,,,,,,,,,,,,,,,,,,,,,,,,,,,,,,,,,,,,,四川蜂农在西南地区的转地路线,川滇黔线,,,2300,variant,,,,,,,500,3,,,,,,,,,,,,,,2025-04-01,1,4,,,,,,,,,,,,,,,44,,,,,30.5728,104.0668,四川 成都,,,,,,,,公路,,,,,,,,,,,,,,
data_migration_routes_detailed,,,,,,,,,,,,,,,,,,,,,,,,,,,,,,,,,,,,,,,,,,,,,,,,,,,,,,,,1800,,,,,,,2025-06-30,30,6,,2000s-2020s,,,,,,,,,,,,,,,,,,30.5728,104.0668,四川 成都,,,,,,,,,,,,,,,,,,,,,,,,,,,,,,,,,,,,,,,,,,,,,,,,,,,,,,山花/荆条,,,,,,,,,,,,,,,,,,,,,,,,,,,,,,,,,,,,,,,,,,,,,,,,,,,,,,,,,,,,,,,,,,,,,,,,四川蜂农在西南地区的转地路线,川滇黔线,,,2300,variant,,,,,,,600,4,,,,,,,,,,,,,,2025-05-20,20,5,,,,,,,,,,,,,,,41,,,,,34.3416,108.9398,陕西 西安,,,,,,,,公路,,,,,,,,,,,,,,
data_migration_routes_detailed,,,,,,,,,,,,,,,,,,,,,,,,,,,,,,,,,,,,,,,,,,,,,,,,,,,,,,,,2300,,,,,,,2025-08-20,20,8,,2000s-2020s,,,,,,,,,,,,,,,,,,34.3416,108.9398,陕西 西安,,,,,,,,,,,,,,,,,,,,,,,,,,,,,,,,,,,,,,,,,,,,,,,,,,,,,,荆条/向日葵,,,,,,,,,,,,,,,,,,,,,,,,,,,,,,,,,,,,,,,,,,,,,,,,,,,,,,,,,,,,,,,,,,,,,,,,四川蜂农在西南地区的转地路线,川滇黔线,,,2300,variant,,,,,,,500,5,,,,,,,,,,,,,,2025-07-05,5,7,,,,,,,,,,,,,,,46,,,,,36.0613,103.834,甘肃 兰州,,,,,,,,公路,,,,,,,,,,,,,,
data_migration_routes_detailed,,,,,,,,,,,,,,,,,,,,,,,,,,,,,,,,,,,,,,,,,,,,,,,,,,,,,,,,200,,,,,,,2025-04-05,5,4,,2000s-2020s,,,,,,,,,,,,,,,,,,31.8206,117.2272,安徽 合肥,,,,,,,,,,,,,,,,,,,,,,,,,,,,,,,,,,,,,,,,,,,,,,,,,,,,,,油菜,,,,,,,,,,,,,,,,,,,,,,,,,,,,,,,,,,,,,,,,,,,,,,,,,,,,,,,,,,,,,,,,,,,,,,,,江苏安徽蜂农短途转地，不北上东北,苏皖短途线,,,1100,variant,,,,,,,200,1,,,,,,,,,,,,,,2025-03-10,10,3,,,,,,,,,,,,,,,26,,,,,32.0603,118.7969,江苏 扬州,,,,,,,,公路,,,,,,,,,,,,,,
data_migration_routes_detailed,,,,,,,,,,,,,,,,,,,,,,,,,,,,,,,,,,,,,,,,,,,,,,,,,,,,,,,,350,,,,,,,2025-05-05,5,5,,2000s-2020s,,,,,,,,,,,,,,,,,,32.0603,118.7969,江苏 扬州,,,,,,,,,,,,,,,,,,,,,,,,,,,,,,,,,,,,,,,,,,,,,,,,,,,,,,油菜/刺槐,,,,,,,,,,,,,,,,,,,,,,,,,,,,,,,,,,,,,,,,,,,,,,,,,,,,,,,,,,,,,,,,,,,,,,,,江苏安徽蜂农短途转地，不北上东北,苏皖短途线,,,1100,variant,,,,,,,150,2,,,,,,,,,,,,,,2025-04-10,10,4,,,,,,,,,,,,,,,25,,,,,31.9796,120.8937,江苏 南通,,,,,,,,公路,,,,,,,,,,,,,,
data_migration_routes_detailed,,,,,,,,,,,,,,,,,,,,,,,,,,,,,,,,,,,,,,,,,,,,,,,,,,,,,,,,700,,,,,,,2025-06-05,5,6,,2000s-2020s,,,,,,,,,,,,,,,,,,31.9796,120.8937,江苏 南通,,,,,,,,,,,,,,,,,,,,,,,,,,,,,,,,,,,,,,,,,,,,,,,,,,,,,,刺槐/枣花,,,,,,,,,,,,,,,,,,,,,,,,,,,,,,,,,,,,,,,,,,,,,,,,,,,,,,,,,,,,,,,,,,,,,,,,江苏安徽蜂农短途转地，不北上东北,苏皖短途线,,,1100,variant,,,,,,,350,3,,,,,,,,,,,,,,2025-05-10,10,5,,,,,,,,,,,,,,,26,,,,,36.6516,117.1201,山东 临沂,,,,,,,,公路,,,,,,,,,,,,,,
data_migration_routes_detailed,,,,,,,,,,,,,,,,,,,,,,,,,,,,,,,,,,,,,,,,,,,,,,,,,,,,,,,,900,,,,,,,2025-07-20,20,7,,2000s-2020s,,,,,,,,,,,,,,,,,,36.6516,117.1201,山东 临沂,,,,,,,,,,,,,,,,,,,,,,,,,,,,,,,,,,,,,,,,,,,,,,,,,,,,,,荆条/枣花,,,,,,,,,,,,,,,,,,,,,,,,,,,,,,,,,,,,,,,,,,,,,,,,,,,,,,,,,,,,,,,,,,,,,,,,江苏安徽蜂农短途转地，不北上东北,苏皖短途线,,,1100,variant,,,,,,,200,4,,,,,,,,,,,,,,2025-06-08,8,6,,,,,,,,,,,,,,,42,,,,,36.6516,117.1201,山东 潍坊,,,,,,,,公路,,,,,,,,,,,,,,
data_migration_routes_detailed,,,,,,,,,,,,,,,,,,,,,,,,,,,,,,,,,,,,,,,,,,,,,,,,,,,,,,,,1100,,,,,,,2025-08-25,25,8,,2000s-2020s,,,,,,,,,,,,,,,,,,36.6516,117.1201,山东 潍坊,,,,,,,,,,,,,,,,,,,,,,,,,,,,,,,,,,,,,,,,,,,,,,,,,,,,,,棉花/荞麦,,,,,,,,,,,,,,,,,,,,,,,,,,,,,,,,,,,,,,,,,,,,,,,,,,,,,,,,,,,,,,,,,,,,,,,,江苏安徽蜂农短途转地，不北上东北,苏皖短途线,,,1100,variant,,,,,,,200,5,,,,,,,,,,,,,,2025-07-25,25,7,,,,,,,,,,,,,,,31,,,,,32.0603,118.7969,江苏 连云港,,,,,,,,公路,,,,,,,,,,,,,,
data_migration_routes_detailed,,,,,,,,,,,,,,,,,,,,,,,,,,,,,,,,,,,,,,,,,,,,,,,,,,,,,,,,200,,,,,,,2026-01-30,30,1,,2000s-2020s,,,,,,,,,,,,,,,,,,23.1291,113.2644,广东 广州,,,,,,,,,,,,,,,,,,,,,,,,,,,,,,,,,,,,,,,,,,,,,,,,,,,,,,越冬,,,,,,,,,,,,,,,,,,,,,,,,,,,,,,,,,,,,,,,,,,,,,,,,,,,,,,,,,,,,,,,,,,,,,,,,广东蜂农不北上太远，在湘鄂一带转地,粤湘鄂线,,,1350,variant,,,,,,,200,1,,,,,,,,,,,,,,2025-12-15,15,12,,,,,,,,,,,,,,,46,,,,,24.8103,113.5964,广东 韶关,,,,,,,,公路,,,,,,,,,,,,,,
data_migration_routes_detailed,,,,,,,,,,,,,,,,,,,,,,,,,,,,,,,,,,,,,,,,,,,,,,,,,,,,,,,,500,,,,,,,2025-03-20,20,3,,2000s-2020s,,,,,,,,,,,,,,,,,,24.8103,113.5964,广东 韶关,,,,,,,,,,,,,,,,,,,,,,,,,,,,,,,,,,,,,,,,,,,,,,,,,,,,,,油菜/紫云英,,,,,,,,,,,,,,,,,,,,,,,,,,,,,,,,,,,,,,,,,,,,,,,,,,,,,,,,,,,,,,,,,,,,,,,,广东蜂农不北上太远，在湘鄂一带转地,粤湘鄂线,,,1350,variant,,,,,,,300,2,,,,,,,,,,,,,,2025-02-15,15,2,,,,,,,,,,,,,,,33,,,,,28.2282,112.9388,湖南 衡阳,,,,,,,,公路,,,,,,,,,,,,,,
data_migration_routes_detailed,,,,,,,,,,,,,,,,,,,,,,,,,,,,,,,,,,,,,,,,,,,,,,,,,,,,,,,,850,,,,,,,2025-04-25,25,4,,2000s-2020s,,,,,,,,,,,,,,,,,,28.2282,112.9388,湖南 衡阳,,,,,,,,,,,,,,,,,,,,,,,,,,,,,,,,,,,,,,,,,,,,,,,,,,,,,,紫云英,,,,,,,,,,,,,,,,,,,,,,,,,,,,,,,,,,,,,,,,,,,,,,,,,,,,,,,,,,,,,,,,,,,,,,,,广东蜂农不北上太远，在湘鄂一带转地,粤湘鄂线,,,1350,variant,,,,,,,350,3,,,,,,,,,,,,,,2025-03-25,25,3,,,,,,,,,,,,,,,31,,,,,30.5928,114.3055,湖北 武汉,,,,,,,,公路,,,,,,,,,,,,,,
data_migration_routes_detailed,,,,,,,,,,,,,,,,,,,,,,,,,,,,,,,,,,,,,,,,,,,,,,,,,,,,,,,,1050,,,,,,,2025-06-15,15,6,,2000s-2020s,,,,,,,,,,,,,,,,,,30.5928,114.3055,湖北 武汉,,,,,,,,,,,,,,,,,,,,,,,,,,,,,,,,,,,,,,,,,,,,,,,,,,,,,,刺槐/荆条,,,,,,,,,,,,,,,,,,,,,,,,,,,,,,,,,,,,,,,,,,,,,,,,,,,,,,,,,,,,,,,,,,,,,,,,广东蜂农不北上太远，在湘鄂一带转地,粤湘鄂线,,,1350,variant,,,,,,,200,4,,,,,,,,,,,,,,2025-05-01,1,5,,,,,,,,,,,,,,,45,,,,,34.7466,113.6254,河南 信阳,,,,,,,,公路,,,,,,,,,,,,,,
data_migration_routes_detailed,,,,,,,,,,,,,,,,,,,,,,,,,,,,,,,,,,,,,,,,,,,,,,,,,,,,,,,,1350,,,,,,,2025-08-10,10,8,,2000s-2020s,,,,,,,,,,,,,,,,,,34.7466,113.6254,河南 信阳,,,,,,,,,,,,,,,,,,,,,,,,,,,,,,,,,,,,,,,,,,,,,,,,,,,,,,枣花/芝麻,,,,,,,,,,,,,,,,,,,,,,,,,,,,,,,,,,,,,,,,,,,,,,,,,,,,,,,,,,,,,,,,,,,,,,,,广东蜂农不北上太远，在湘鄂一带转地,粤湘鄂线,,,1350,variant,,,,,,,300,5,,,,,,,,,,,,,,2025-06-20,20,6,,,,,,,,,,,,,,,51,,,,,30.5928,114.3055,湖北 襄阳,,,,,,,,公路,,,,,,,,,,,,,,
data_migration_routes_detailed,,,,,,,,,,,,,,,,,,,,,,,,,,,,,,,,,,,,,,,,,,,,,,,,,,,,,,,,200,,,,,,,2025-05-15,15,5,,2000s-2020s,,,,,,,,,,,,,,,,,,41.8057,123.4315,辽宁 大连,,,,,,,,,,,,,,,,,,,,,,,,,,,,,,,,,,,,,,,,,,,,,,,,,,,,,,刺槐,,,,,,,,,,,,,,,,,,,,,,,,,,,,,,,,,,,,,,,,,,,,,,,,,,,,,,,,,,,,,,,,,,,,,,,,东北蜂农在本区域内的转地路线,东北区内线,,,1200,variant,,,,,,,200,1,,,,,,,,,,,,,,2025-04-15,15,4,,,,,,,,,,,,,,,30,,,,,41.8057,123.4315,辽宁 丹东,,,,,,,,公路,,,,,,,,,,,,,,
data_migration_routes_detailed,,,,,,,,,,,,,,,,,,,,,,,,,,,,,,,,,,,,,,,,,,,,,,,,,,,,,,,,500,,,,,,,2025-06-15,15,6,,2000s-2020s,,,,,,,,,,,,,,,,,,41.8057,123.4315,辽宁 丹东,,,,,,,,,,,,,,,,,,,,,,,,,,,,,,,,,,,,,,,,,,,,,,,,,,,,,,山花/椴树,,,,,,,,,,,,,,,,,,,,,,,,,,,,,,,,,,,,,,,,,,,,,,,,,,,,,,,,,,,,,,,,,,,,,,,,东北蜂农在本区域内的转地路线,东北区内线,,,1200,variant,,,,,,,300,2,,,,,,,,,,,,,,2025-05-20,20,5,,,,,,,,,,,,,,,26,,,,,43.8961,125.3265,吉林 通化,,,,,,,,公路,,,,,,,,,,,,,,
data_migration_routes_detailed,,,,,,,,,,,,,,,,,,,,,,,,,,,,,,,,,,,,,,,,,,,,,,,,,,,,,,,,900,,,,,,,2025-07-20,20,7,,2000s-2020s,,,,,,,,,,,,,,,,,,43.8961,125.3265,吉林 通化,,,,,,,,,,,,,,,,,,,,,,,,,,,,,,,,,,,,,,,,,,,,,,,,,,,,,,椴树,,,,,,,,,,,,,,,,,,,,,,,,,,,,,,,,,,,,,,,,,,,,,,,,,,,,,,,,,,,,,,,,,,,,,,,,东北蜂农在本区域内的转地路线,东北区内线,,,1200,variant,,,,,,,400,3,,,,,,,,,,,,,,2025-06-20,20,6,,,,,,,,,,,,,,,30,,,,,45.8038,126.535,黑龙江 牡丹江,,,,,,,,公路,,,,,,,,,,,,,,
data_migration_routes_detailed,,,,,,,,,,,,,,,,,,,,,,,,,,,,,,,,,,,,,,,,,,,,,,,,,,,,,,,,1200,,,,,,,2025-08-20,20,8,,2000s-2020s,,,,,,,,,,,,,,,,,,45.8038,126.535,黑龙江 牡丹江,,,,,,,,,,,,,,,,,,,,,,,,,,,,,,,,,,,,,,,,,,,,,,,,,,,,,,向日葵/荞麦,,,,,,,,,,,,,,,,,,,,,,,,,,,,,,,,,,,,,,,,,,,,,,,,,,,,,,,,,,,,,,,,,,,,,,,,东北蜂农在本区域内的转地路线,东北区内线,,,1200,variant,,,,,,,300,4,,,,,,,,,,,,,,2025-07-25,25,7,,,,,,,,,,,,,,,26,,,,,45.8038,126.535,黑龙江 哈尔滨,,,,,,,,公路,,,,,,,,,,,,,,
data_migration_routes_detailed,,,,,,,,,,,,,,,,,,,,刘献德夫妇,河北邢台,,,,,,,,,,,2024,,,,,,,,,,,,,,,,,,,,,,,,300,,,,,,,2024-12-10,10,12,,2020s,,,,,,,,,,,,,,,,,,33.9633,118.2969,江苏 宿迁,,,,,,,,,,,,,,,,,,,,,,,,,,,,,,,,,,,,,,,,,,,,,,,,,,,,,,准备南迁,,,,,,,,,,,,,,,,,,,,,,,,,,,,,,,,,,,,,,,,,,,,,,,,,,,,,,,,,,,,,,,,,,,,,,,,河北蜂农提前南迁春繁，应对2024年欠年,刘献德夫妇 (河北邢台),,,2150,beekeeper_case,,,,,,,300,1,,,,,,,,,,,,,,2024-12-01,1,12,,,,,,,,,,,,,,,9,,,,,28.6829,115.858,江西 吉安永新,,,,,,,,公路,,,,,,,,,,,,,,
data_migration_routes_detailed,,,,,,,,,,,,,,,,,,,,刘献德夫妇,河北邢台,,,,,,,,,,,2024,,,,,,,,,,,,,,,,,,,,,,,,800,,,,,,,2024-02-15,15,2,,2020s,,,,,,,,,,,,,,,,,,28.6829,115.858,江西 吉安永新,,,,,,,,,,,,,,,,,,,,,,,,,,,,,,,,,,,,,,,,,,,,,,,,,,,,,,越冬/春繁,,,,,,,,,,,,,,,,,,,,,,,,,,,,,,,,,,,,,,,,,,,,,,,,,,,,,,,,,,,,,,,,,,,,,,,,河北蜂农提前南迁春繁，应对2024年欠年,刘献德夫妇 (河北邢台),,,2150,beekeeper_case,,,,,,,500,2,,,,,,,,,,,,,,2024-12-16,16,12,,,,,,,,,,,,,,,61,,,,,30.5928,114.3055,湖北 黄冈,,,,,,,,公路,,,,,,,,,,,,,,
data_migration_routes_detailed,,,,,,,,,,,,,,,,,,,,刘献德夫妇,河北邢台,,,,,,,,,,,2024,,,,,,,,,,,,,,,,,,,,,,,,1200,,,,,,,2024-03-25,25,3,,2020s,,,,,,,,,,,,,,,,,,30.5928,114.3055,湖北 黄冈,,,,,,,,,,,,,,,,,,,,,,,,,,,,,,,,,,,,,,,,,,,,,,,,,,,,,,油菜,,,,,,,,,,,,,,,,,,,,,,,,,,,,,,,,,,,,,,,,,,,,,,,,,,,,,,,,,,,,,,,,,,,,,,,,河北蜂农提前南迁春繁，应对2024年欠年,刘献德夫妇 (河北邢台),,,2150,beekeeper_case,,,,,,,400,3,,,,,,,,,,,,,,2024-02-20,20,2,,,,,,,,,,,,,,,33,,,,,33.6261,114.6499,河南 周口,,,,,,,,公路,,,,,,,,,,,,,,
data_migration_routes_detailed,,,,,,,,,,,,,,,,,,,,刘献德夫妇,河北邢台,,,,,,,,,,,2024,,,,,,,,,,,,,,,,,,,,,,,,1550,,,,,,,2024-04-25,25,4,,2020s,,,,,,,,,,,,,,,,,,33.6261,114.6499,河南 周口,,,,,,,,,,,,,,,,,,,,,,,,,,,,,,,,,,,,,,,,,,,,,,,,,,,,,,油菜,,,,,,,,,,,,,,,,,,,,,,,,,,,,,,,,,,,,,,,,,,,,,,,,,,,,,,,,,,,,,,,,,,,,,,,,河北蜂农提前南迁春繁，应对2024年欠年,刘献德夫妇 (河北邢台),,,2150,beekeeper_case,,,,,,,350,4,,,,,,,,,,,,,,2024-04-01,1,4,,,,,,,,,,,,,,,24,,,,,36.6516,117.1201,山东 泰安,,,,,,,,公路,,,,,,,,,,,,,,
data_migration_routes_detailed,,,,,,,,,,,,,,,,,,,,刘献德夫妇,河北邢台,,,,,,,,,,,2024,,,,,,,,,,,,,,,,,,,,,,,,1850,,,,,,,2024-05-25,25,5,,2020s,,,,,,,,,,,,,,,,,,36.6516,117.1201,山东 泰安,,,,,,,,,,,,,,,,,,,,,,,,,,,,,,,,,,,,,,,,,,,,,,,,,,,,,,刺槐,,,,,,,,,,,,,,,,,,,,,,,,,,,,,,,,,,,,,,,,,,,,,,,,,,,,,,,,,,,,,,,,,,,,,,,,河北蜂农提前南迁春繁，应对2024年欠年,刘献德夫妇 (河北邢台),,,2150,beekeeper_case,,,,,,,300,5,,,,,,,,,,,,,,2024-05-01,1,5,,,,,,,,,,,,,,,24,,,,,37.0731,114.5613,河北 邢台,,,,,,,,公路,,,,,,,,,,,,,,
data_migration_routes_detailed,,,,,,,,,,,,,,,,,,,,刘献德夫妇,河北邢台,,,,,,,,,,,2024,,,,,,,,,,,,,,,,,,,,,,,,2150,,,,,,,2024-06-20,20,6,,2020s,,,,,,,,,,,,,,,,,,37.0731,114.5613,河北 邢台,,,,,,,,,,,,,,,,,,,,,,,,,,,,,,,,,,,,,,,,,,,,,,,,,,,,,,枣花/荆条,,,,,,,,,,,,,,,,,,,,,,,,,,,,,,,,,,,,,,,,,,,,,,,,,,,,,,,,,,,,,,,,,,,,,,,,河北蜂农提前南迁春繁，应对2024年欠年,刘献德夫妇 (河北邢台),,,2150,beekeeper_case,,,,,,,300,6,,,,,,,,,,,,,,2024-05-28,28,5,,,,,,,,,,,,,,,23,,,,,,,,,,,,,,,公路,,,,,,,,,,,,,,
data_migration_routes_detailed,,,,,,,,,,,,,,,,,,,,王凤山,河北隆化,,,,,,,,,,,2024,,,,,,,,,,,,,,,,,,,,,,,,400,,,,,,,2024-11-25,25,11,,2020s,,,,,,,,,,,,,,,,,,41.3137,117.7389,河北 隆化,,,,,,,,,,,,,,,,,,,,,,,,,,,,,,,,,,,,,,,,,,,,,,,,,,,,,,南下出发,,,,,,,,,,,,,,,,,,,,,,,,,,,,,,,,,,,,,,,,,,,,,,,,,,,,,,,,,,,,,,,,,,,,,,,,11月出发，走湖南→邢台→山西→陕西路线,王凤山 (河北隆化),,,3200,beekeeper_case,,,,,,,400,1,,,,,,,,,,,,,,2024-11-18,18,11,,,,,,,,,,,,,,,7,,,,,27.8277,113.1317,湖南 株洲,,,,,,,,公路,,,,,,,,,,,,,,
data_migration_routes_detailed,,,,,,,,,,,,,,,,,,,,王凤山,河北隆化,,,,,,,,,,,2024,,,,,,,,,,,,,,,,,,,,,,,,1600,,,,,,,2024-02-10,10,2,,2020s,,,,,,,,,,,,,,,,,,27.8277,113.1317,湖南 株洲,,,,,,,,,,,,,,,,,,,,,,,,,,,,,,,,,,,,,,,,,,,,,,,,,,,,,,越冬/春繁,,,,,,,,,,,,,,,,,,,,,,,,,,,,,,,,,,,,,,,,,,,,,,,,,,,,,,,,,,,,,,,,,,,,,,,,11月出发，走湖南→邢台→山西→陕西路线,王凤山 (河北隆化),,,3200,beekeeper_case,,,,,,,1200,2,,,,,,,,,,,,,,2024-11-28,28,11,,,,,,,,,,,,,,,74,,,,,30.5928,114.3055,湖北 武汉,,,,,,,,公路,,,,,,,,,,,,,,
data_migration_routes_detailed,,,,,,,,,,,,,,,,,,,,王凤山,河北隆化,,,,,,,,,,,2024,,,,,,,,,,,,,,,,,,,,,,,,1900,,,,,,,2024-03-20,20,3,,2020s,,,,,,,,,,,,,,,,,,30.5928,114.3055,湖北 武汉,,,,,,,,,,,,,,,,,,,,,,,,,,,,,,,,,,,,,,,,,,,,,,,,,,,,,,油菜,,,,,,,,,,,,,,,,,,,,,,,,,,,,,,,,,,,,,,,,,,,,,,,,,,,,,,,,,,,,,,,,,,,,,,,,11月出发，走湖南→邢台→山西→陕西路线,王凤山 (河北隆化),,,3200,beekeeper_case,,,,,,,300,3,,,,,,,,,,,,,,2024-02-15,15,2,,,,,,,,,,,,,,,33,,,,,37.0731,114.5613,河南 邢台,,,,,,,,公路,,,,,,,,,,,,,,
data_migration_routes_detailed,,,,,,,,,,,,,,,,,,,,王凤山,河北隆化,,,,,,,,,,,2024,,,,,,,,,,,,,,,,,,,,,,,,2300,,,,,,,2024-04-20,20,4,,2020s,,,,,,,,,,,,,,,,,,37.0731,114.5613,河南 邢台,,,,,,,,,,,,,,,,,,,,,,,,,,,,,,,,,,,,,,,,,,,,,,,,,,,,,,油菜/刺槐,,,,,,,,,,,,,,,,,,,,,,,,,,,,,,,,,,,,,,,,,,,,,,,,,,,,,,,,,,,,,,,,,,,,,,,,11月出发，走湖南→邢台→山西→陕西路线,王凤山 (河北隆化),,,3200,beekeeper_case,,,,,,,400,4,,,,,,,,,,,,,,2024-03-25,25,3,,,,,,,,,,,,,,,26,,,,,37.8706,112.5489,山西 太原,,,,,,,,公路,,,,,,,,,,,,,,
data_migration_routes_detailed,,,,,,,,,,,,,,,,,,,,王凤山,河北隆化,,,,,,,,,,,2024,,,,,,,,,,,,,,,,,,,,,,,,2500,,,,,,,2024-05-20,20,5,,2020s,,,,,,,,,,,,,,,,,,37.8706,112.5489,山西 太原,,,,,,,,,,,,,,,,,,,,,,,,,,,,,,,,,,,,,,,,,,,,,,,,,,,,,,刺槐,,,,,,,,,,,,,,,,,,,,,,,,,,,,,,,,,,,,,,,,,,,,,,,,,,,,,,,,,,,,,,,,,,,,,,,,11月出发，走湖南→邢台→山西→陕西路线,王凤山 (河北隆化),,,3200,beekeeper_case,,,,,,,200,5,,,,,,,,,,,,,,2024-04-25,25,4,,,,,,,,,,,,,,,25,,,,,36.585,109.49,陕西 延安,,,,,,,,公路,,,,,,,,,,,,,,
data_migration_routes_detailed,,,,,,,,,,,,,,,,,,,,王凤山,河北隆化,,,,,,,,,,,2024,,,,,,,,,,,,,,,,,,,,,,,,2800,,,,,,,2024-06-20,20,6,,2020s,,,,,,,,,,,,,,,,,,36.585,109.49,陕西 延安,,,,,,,,,,,,,,,,,,,,,,,,,,,,,,,,,,,,,,,,,,,,,,,,,,,,,,刺槐/枣花,,,,,,,,,,,,,,,,,,,,,,,,,,,,,,,,,,,,,,,,,,,,,,,,,,,,,,,,,,,,,,,,,,,,,,,,11月出发，走湖南→邢台→山西→陕西路线,王凤山 (河北隆化),,,3200,beekeeper_case,,,,,,,300,6,,,,,,,,,,,,,,2024-05-25,25,5,,,,,,,,,,,,,,,26,,,,,38.8739,115.4646,河北 保定,,,,,,,,公路,,,,,,,,,,,,,,
data_migration_routes_detailed,,,,,,,,,,,,,,,,,,,,王凤山,河北隆化,,,,,,,,,,,2024,,,,,,,,,,,,,,,,,,,,,,,,3200,,,,,,,2024-07-30,30,7,,2020s,,,,,,,,,,,,,,,,,,38.8739,115.4646,河北 保定,,,,,,,,,,,,,,,,,,,,,,,,,,,,,,,,,,,,,,,,,,,,,,,,,,,,,,荆条,,,,,,,,,,,,,,,,,,,,,,,,,,,,,,,,,,,,,,,,,,,,,,,,,,,,,,,,,,,,,,,,,,,,,,,,11月出发，走湖南→邢台→山西→陕西路线,王凤山 (河北隆化),,,3200,beekeeper_case,,,,,,,400,7,,,,,,,,,,,,,,2024-06-25,25,6,,,,,,,,,,,,,,,35,,,,,,,,,,,,,,,公路,,,,,,,,,,,,,,
data_migration_routes_detailed,,,,,,,,,,,,,,,,,,,,刘建国,河北邢台,,,,,,,,,,,2024,,,,,,,,,,,,,,,,,,,,,,,,200,,,,,,,2024-12-05,5,12,,2020s,,,,,,,,,,,,,,,,,,37.0731,114.5613,河北 邢台,,,,,,,,,,,,,,,,,,,,,,,,,,,,,,,,,,,,,,,,,,,,,,,,,,,,,,南下出发,,,,,,,,,,,,,,,,,,,,,,,,,,,,,,,,,,,,,,,,,,,,,,,,,,,,,,,,,,,,,,,,,,,,,,,,带160群蜂赴广东韶关越冬春繁,刘建国 (河北邢台),,,3000,beekeeper_case,,,,,,,200,1,,,,,,,,,,,,,,2024-12-01,1,12,,,,,,,,,,,,,,,4,,,,,24.8103,113.5964,广东 韶关,,,,,,,,公路,,,,,,,,,,,,,,
data_migration_routes_detailed,,,,,,,,,,,,,,,,,,,,刘建国,河北邢台,,,,,,,,,,,2024,,,,,,,,,,,,,,,,,,,,,,,,1700,,,,,,,2024-02-20,20,2,,2020s,,,,,,,,,,,,,,,,,,24.8103,113.5964,广东 韶关,,,,,,,,,,,,,,,,,,,,,,,,,,,,,,,,,,,,,,,,,,,,,,,,,,,,,,越冬/春繁,,,,,,,,,,,,,,,,,,,,,,,,,,,,,,,,,,,,,,,,,,,,,,,,,,,,,,,,,,,,,,,,,,,,,,,,带160群蜂赴广东韶关越冬春繁,刘建国 (河北邢台),,,3000,beekeeper_case,,,,,,,1500,2,,,,,,,,,,,,,,2024-12-08,8,12,,,,,,,,,,,,,,,74,,,,,28.6829,115.858,江西 南昌,,,,,,,,公路,,,,,,,,,,,,,,
data_migration_routes_detailed,,,,,,,,,,,,,,,,,,,,刘建国,河北邢台,,,,,,,,,,,2024,,,,,,,,,,,,,,,,,,,,,,,,2050,,,,,,,2024-03-25,25,3,,2020s,,,,,,,,,,,,,,,,,,28.6829,115.858,江西 南昌,,,,,,,,,,,,,,,,,,,,,,,,,,,,,,,,,,,,,,,,,,,,,,,,,,,,,,油菜,,,,,,,,,,,,,,,,,,,,,,,,,,,,,,,,,,,,,,,,,,,,,,,,,,,,,,,,,,,,,,,,,,,,,,,,带160群蜂赴广东韶关越冬春繁,刘建国 (河北邢台),,,3000,beekeeper_case,,,,,,,350,3,,,,,,,,,,,,,,2024-02-25,25,2,,,,,,,,,,,,,,,28,,,,,30.5928,114.3055,湖北 黄冈,,,,,,,,公路,,,,,,,,,,,,,,
data_migration_routes_detailed,,,,,,,,,,,,,,,,,,,,刘建国,河北邢台,,,,,,,,,,,2024,,,,,,,,,,,,,,,,,,,,,,,,2350,,,,,,,2024-04-25,25,4,,2020s,,,,,,,,,,,,,,,,,,30.5928,114.3055,湖北 黄冈,,,,,,,,,,,,,,,,,,,,,,,,,,,,,,,,,,,,,,,,,,,,,,,,,,,,,,紫云英,,,,,,,,,,,,,,,,,,,,,,,,,,,,,,,,,,,,,,,,,,,,,,,,,,,,,,,,,,,,,,,,,,,,,,,,带160群蜂赴广东韶关越冬春繁,刘建国 (河北邢台),,,3000,beekeeper_case,,,,,,,300,4,,,,,,,,,,,,,,2024-04-01,1,4,,,,,,,,,,,,,,,24,,,,,33.6261,114.6499,河南 周口,,,,,,,,公路,,,,,,,,,,,,,,
data_migration_routes_detailed,,,,,,,,,,,,,,,,,,,,刘建国,河北邢台,,,,,,,,,,,2024,,,,,,,,,,,,,,,,,,,,,,,,2650,,,,,,,2024-05-25,25,5,,2020s,,,,,,,,,,,,,,,,,,33.6261,114.6499,河南 周口,,,,,,,,,,,,,,,,,,,,,,,,,,,,,,,,,,,,,,,,,,,,,,,,,,,,,,刺槐,,,,,,,,,,,,,,,,,,,,,,,,,,,,,,,,,,,,,,,,,,,,,,,,,,,,,,,,,,,,,,,,,,,,,,,,带160群蜂赴广东韶关越冬春繁,刘建国 (河北邢台),,,3000,beekeeper_case,,,,,,,300,5,,,,,,,,,,,,,,2024-05-01,1,5,,,,,,,,,,,,,,,24,,,,,36.6516,117.1201,山东 济南,,,,,,,,公路,,,,,,,,,,,,,,
data_migration_routes_detailed,,,,,,,,,,,,,,,,,,,,刘建国,河北邢台,,,,,,,,,,,2024,,,,,,,,,,,,,,,,,,,,,,,,3000,,,,,,,2024-07-10,10,7,,2020s,,,,,,,,,,,,,,,,,,36.6516,117.1201,山东 济南,,,,,,,,,,,,,,,,,,,,,,,,,,,,,,,,,,,,,,,,,,,,,,,,,,,,,,枣花/荆条,,,,,,,,,,,,,,,,,,,,,,,,,,,,,,,,,,,,,,,,,,,,,,,,,,,,,,,,,,,,,,,,,,,,,,,,带160群蜂赴广东韶关越冬春繁,刘建国 (河北邢台),,,3000,beekeeper_case,,,,,,,350,6,,,,,,,,,,,,,,2024-06-01,1,6,,,,,,,,,,,,,,,39,,,,,,,,,,,,,,,公路,,,,,,,,,,,,,,
data_migration_routes_detailed,,,,,,,,,,,,,,,,,,,,凌雄俊,安徽黄山,,,,,,,,,,,2024,,,,,,,,,,,,,,,,,,,,,,,,50,,,,,,,2024-03-25,25,3,,2020s,,,,,,,,,,,,,,,,,,31.8206,117.2272,安徽 黄山,,,,,,,,,,,,,,,,,,,,,,,,,,,,,,,,,,,,,,,,,,,,,,,,,,,,,,出发,,,,,,,,,,,,,,,,,,,,,,,,,,,,,,,,,,,,,,,,,,,,,,,,,,,,,,,,,,,,,,,,,,,,,,,,140箱蜜蜂，年转场6次，总行程超3000里,凌雄俊 (安徽黄山),,,1600,beekeeper_case,,,,,,,50,1,,,,,,,,,,,,,,2024-03-10,10,3,,,,,,,,,,,,,,,15,,,,,31.353,118.3764,安徽 芜湖,,,,,,,,公路,,,,,,,,,,,,,,
data_migration_routes_detailed,,,,,,,,,,,,,,,,,,,,凌雄俊,安徽黄山,,,,,,,,,,,2024,,,,,,,,,,,,,,,,,,,,,,,,200,,,,,,,2024-04-10,10,4,,2020s,,,,,,,,,,,,,,,,,,31.353,118.3764,安徽 芜湖,,,,,,,,,,,,,,,,,,,,,,,,,,,,,,,,,,,,,,,,,,,,,,,,,,,,,,油菜,,,,,,,,,,,,,,,,,,,,,,,,,,,,,,,,,,,,,,,,,,,,,,,,,,,,,,,,,,,,,,,,,,,,,,,,140箱蜜蜂，年转场6次，总行程超3000里,凌雄俊 (安徽黄山),,,1600,beekeeper_case,,,,,,,150,2,,,,,,,,,,,,,,2024-03-15,15,3,,,,,,,,,,,,,,,26,,,,,31.9796,120.8937,江苏 南通,,,,,,,,公路,,,,,,,,,,,,,,
data_migration_routes_detailed,,,,,,,,,,,,,,,,,,,,凌雄俊,安徽黄山,,,,,,,,,,,2024,,,,,,,,,,,,,,,,,,,,,,,,400,,,,,,,2024-05-10,10,5,,2020s,,,,,,,,,,,,,,,,,,31.9796,120.8937,江苏 南通,,,,,,,,,,,,,,,,,,,,,,,,,,,,,,,,,,,,,,,,,,,,,,,,,,,,,,油菜,,,,,,,,,,,,,,,,,,,,,,,,,,,,,,,,,,,,,,,,,,,,,,,,,,,,,,,,,,,,,,,,,,,,,,,,140箱蜜蜂，年转场6次，总行程超3000里,凌雄俊 (安徽黄山),,,1600,beekeeper_case,,,,,,,200,3,,,,,,,,,,,,,,2024-04-15,15,4,,,,,,,,,,,,,,,25,,,,,36.6516,117.1201,山东 泰安,,,,,,,,公路,,,,,,,,,,,,,,
data_migration_routes_detailed,,,,,,,,,,,,,,,,,,,,凌雄俊,安徽黄山,,,,,,,,,,,2024,,,,,,,,,,,,,,,,,,,,,,,,800,,,,,,,2024-06-20,20,6,,2020s,,,,,,,,,,,,,,,,,,36.6516,117.1201,山东 泰安,,,,,,,,,,,,,,,,,,,,,,,,,,,,,,,,,,,,,,,,,,,,,,,,,,,,,,洋槐/荆条,,,,,,,,,,,,,,,,,,,,,,,,,,,,,,,,,,,,,,,,,,,,,,,,,,,,,,,,,,,,,,,,,,,,,,,,140箱蜜蜂，年转场6次，总行程超3000里,凌雄俊 (安徽黄山),,,1600,beekeeper_case,,,,,,,400,4,,,,,,,,,,,,,,2024-05-15,15,5,,,,,,,,,,,,,,,36,,,,,32.0603,118.7969,江苏 南京,,,,,,,,公路,,,,,,,,,,,,,,
data_migration_routes_detailed,,,,,,,,,,,,,,,,,,,,凌雄俊,安徽黄山,,,,,,,,,,,2024,,,,,,,,,,,,,,,,,,,,,,,,1200,,,,,,,2024-08-20,20,8,,2020s,,,,,,,,,,,,,,,,,,32.0603,118.7969,江苏 南京,,,,,,,,,,,,,,,,,,,,,,,,,,,,,,,,,,,,,,,,,,,,,,,,,,,,,,水稻/栾树花,,,,,,,,,,,,,,,,,,,,,,,,,,,,,,,,,,,,,,,,,,,,,,,,,,,,,,,,,,,,,,,,,,,,,,,,140箱蜜蜂，年转场6次，总行程超3000里,凌雄俊 (安徽黄山),,,1600,beekeeper_case,,,,,,,400,5,,,,,,,,,,,,,,2024-06-25,25,6,,,,,,,,,,,,,,,56,,,,,30.2741,120.1551,浙江 杭州,,,,,,,,公路,,,,,,,,,,,,,,
data_migration_routes_detailed,,,,,,,,,,,,,,,,,,,,凌雄俊,安徽黄山,,,,,,,,,,,2024,,,,,,,,,,,,,,,,,,,,,,,,1400,,,,,,,2024-10-25,25,10,,2020s,,,,,,,,,,,,,,,,,,30.2741,120.1551,浙江 杭州,,,,,,,,,,,,,,,,,,,,,,,,,,,,,,,,,,,,,,,,,,,,,,,,,,,,,,茶叶花,,,,,,,,,,,,,,,,,,,,,,,,,,,,,,,,,,,,,,,,,,,,,,,,,,,,,,,,,,,,,,,,,,,,,,,,140箱蜜蜂，年转场6次，总行程超3000里,凌雄俊 (安徽黄山),,,1600,beekeeper_case,,,,,,,200,6,,,,,,,,,,,,,,2024-09-01,1,9,,,,,,,,,,,,,,,54,,,,,31.8206,117.2272,安徽 黄山,,,,,,,,公路,,,,,,,,,,,,,,
data_migration_routes_detailed,,,,,,,,,,,,,,,,,,,,凌雄俊,安徽黄山,,,,,,,,,,,2024,,,,,,,,,,,,,,,,,,,,,,,,1600,,,,,,,2024-12-01,1,12,,2020s,,,,,,,,,,,,,,,,,,31.8206,117.2272,安徽 黄山,,,,,,,,,,,,,,,,,,,,,,,,,,,,,,,,,,,,,,,,,,,,,,,,,,,,,,归家,,,,,,,,,,,,,,,,,,,,,,,,,,,,,,,,,,,,,,,,,,,,,,,,,,,,,,,,,,,,,,,,,,,,,,,,140箱蜜蜂，年转场6次，总行程超3000里,凌雄俊 (安徽黄山),,,1600,beekeeper_case,,,,,,,200,7,,,,,,,,,,,,,,2024-11-01,1,11,,,,,,,,,,,,,,,30,,,,,,,,,,,,,,,公路,,,,,,,,,,,,,,
data_migration_routes_detailed,,,,,,,,,,,,,,,,,,,,周惠明,江西弋阳,,,,,,,,,,,2024,,,,,,,,,,,,,,,,,,,,,,,,100,,,,,,,2024-04-05,5,4,,2020s,,,,,,,,,,,,,,,,,,28.3985,117.4255,江西 弋阳,,,,,,,,,,,,,,,,,,,,,,,,,,,,,,,,,,,,,,,,,,,,,,,,,,,,,,出发,,,,,,,,,,,,,,,,,,,,,,,,,,,,,,,,,,,,,,,,,,,,,,,,,,,,,,,,,,,,,,,,,,,,,,,,160箱蜜蜂，覆盖1600亩授粉,周惠明 (江西弋阳),,,2150,beekeeper_case,,,,,,,100,1,,,,,,,,,,,,,,2024-03-26,26,3,,,,,,,,,,,,,,,10,,,,,29.788,118.1937,安徽 休宁,,,,,,,,公路,,,,,,,,,,,,,,
data_migration_routes_detailed,,,,,,,,,,,,,,,,,,,,周惠明,江西弋阳,,,,,,,,,,,2024,,,,,,,,,,,,,,,,,,,,,,,,250,,,,,,,2024-04-25,25,4,,2020s,,,,,,,,,,,,,,,,,,29.788,118.1937,安徽 休宁,,,,,,,,,,,,,,,,,,,,,,,,,,,,,,,,,,,,,,,,,,,,,,,,,,,,,,油菜,,,,,,,,,,,,,,,,,,,,,,,,,,,,,,,,,,,,,,,,,,,,,,,,,,,,,,,,,,,,,,,,,,,,,,,,160箱蜜蜂，覆盖1600亩授粉,周惠明 (江西弋阳),,,2150,beekeeper_case,,,,,,,150,2,,,,,,,,,,,,,,2024-04-05,5,4,,,,,,,,,,,,,,,20,,,,,31.9796,120.8937,江苏 南通,,,,,,,,公路,,,,,,,,,,,,,,
data_migration_routes_detailed,,,,,,,,,,,,,,,,,,,,周惠明,江西弋阳,,,,,,,,,,,2024,,,,,,,,,,,,,,,,,,,,,,,,550,,,,,,,2024-05-25,25,5,,2020s,,,,,,,,,,,,,,,,,,31.9796,120.8937,江苏 南通,,,,,,,,,,,,,,,,,,,,,,,,,,,,,,,,,,,,,,,,,,,,,,,,,,,,,,刺槐,,,,,,,,,,,,,,,,,,,,,,,,,,,,,,,,,,,,,,,,,,,,,,,,,,,,,,,,,,,,,,,,,,,,,,,,160箱蜜蜂，覆盖1600亩授粉,周惠明 (江西弋阳),,,2150,beekeeper_case,,,,,,,300,3,,,,,,,,,,,,,,2024-05-01,1,5,,,,,,,,,,,,,,,24,,,,,36.6516,117.1201,山东 济南,,,,,,,,公路,,,,,,,,,,,,,,
data_migration_routes_detailed,,,,,,,,,,,,,,,,,,,,周惠明,江西弋阳,,,,,,,,,,,2024,,,,,,,,,,,,,,,,,,,,,,,,950,,,,,,,2024-06-20,20,6,,2020s,,,,,,,,,,,,,,,,,,36.6516,117.1201,山东 济南,,,,,,,,,,,,,,,,,,,,,,,,,,,,,,,,,,,,,,,,,,,,,,,,,,,,,,枣花,,,,,,,,,,,,,,,,,,,,,,,,,,,,,,,,,,,,,,,,,,,,,,,,,,,,,,,,,,,,,,,,,,,,,,,,160箱蜜蜂，覆盖1600亩授粉,周惠明 (江西弋阳),,,2150,beekeeper_case,,,,,,,400,4,,,,,,,,,,,,,,2024-06-01,1,6,,,,,,,,,,,,,,,19,,,,,38.0455,114.502,河北 石家庄,,,,,,,,公路,,,,,,,,,,,,,,
data_migration_routes_detailed,,,,,,,,,,,,,,,,,,,,周惠明,江西弋阳,,,,,,,,,,,2024,,,,,,,,,,,,,,,,,,,,,,,,1250,,,,,,,2024-07-15,15,7,,2020s,,,,,,,,,,,,,,,,,,38.0455,114.502,河北 石家庄,,,,,,,,,,,,,,,,,,,,,,,,,,,,,,,,,,,,,,,,,,,,,,,,,,,,,,荆条,,,,,,,,,,,,,,,,,,,,,,,,,,,,,,,,,,,,,,,,,,,,,,,,,,,,,,,,,,,,,,,,,,,,,,,,160箱蜜蜂，覆盖1600亩授粉,周惠明 (江西弋阳),,,2150,beekeeper_case,,,,,,,300,5,,,,,,,,,,,,,,2024-06-25,25,6,,,,,,,,,,,,,,,20,,,,,43.8961,125.3265,吉林 长春,,,,,,,,公路,,,,,,,,,,,,,,
data_migration_routes_detailed,,,,,,,,,,,,,,,,,,,,周惠明,江西弋阳,,,,,,,,,,,2024,,,,,,,,,,,,,,,,,,,,,,,,1750,,,,,,,2024-08-05,5,8,,2020s,,,,,,,,,,,,,,,,,,43.8961,125.3265,吉林 长春,,,,,,,,,,,,,,,,,,,,,,,,,,,,,,,,,,,,,,,,,,,,,,,,,,,,,,椴树,,,,,,,,,,,,,,,,,,,,,,,,,,,,,,,,,,,,,,,,,,,,,,,,,,,,,,,,,,,,,,,,,,,,,,,,160箱蜜蜂，覆盖1600亩授粉,周惠明 (江西弋阳),,,2150,beekeeper_case,,,,,,,500,6,,,,,,,,,,,,,,2024-07-20,20,7,,,,,,,,,,,,,,,16,,,,,42.2586,118.9558,内蒙古 赤峰,,,,,,,,公路,,,,,,,,,,,,,,
data_migration_routes_detailed,,,,,,,,,,,,,,,,,,,,周惠明,江西弋阳,,,,,,,,,,,2024,,,,,,,,,,,,,,,,,,,,,,,,2150,,,,,,,2024-09-10,10,9,,2020s,,,,,,,,,,,,,,,,,,42.2586,118.9558,内蒙古 赤峰,,,,,,,,,,,,,,,,,,,,,,,,,,,,,,,,,,,,,,,,,,,,,,,,,,,,,,荞麦（兼授粉）,,,,,,,,,,,,,,,,,,,,,,,,,,,,,,,,,,,,,,,,,,,,,,,,,,,,,,,,,,,,,,,,,,,,,,,,160箱蜜蜂，覆盖1600亩授粉,周惠明 (江西弋阳),,,2150,beekeeper_case,,,,,,,400,7,,,,,,,,,,,,,,2024-08-10,10,8,,,,,,,,,,,,,,,31,,,,,,,,,,,,,,,公路,,,,,,,,,,,,,,
data_migration_routes_detailed,,,,,,,,,,,,,,,,,,,,陈志军,广东清远,,,,,,,,,,,2025,,,,,,,,,,,,,,,,,,,,,,,,50,,,,,,,2025-03-10,10,3,,2020s,,,,,,,,,,,,,,,,,,23.6816,113.056,广东 清远,,,,,,,,,,,,,,,,,,,,,,,,,,,,,,,,,,,,,,,,,,,,,,,,,,,,,,本地繁殖,,,,,,,,,,,,,,,,,,,,,,,,,,,,,,,,,,,,,,,,,,,,,,,,,,,,,,,,,,,,,,,,,,,,,,,,高峰期400多箱蜜蜂，年产蜂蜜上万斤,陈志军 (广东清远),,,400,beekeeper_case,,,,,,,50,1,,,,,,,,,,,,,,2025-02-01,1,2,,,,,,,,,,,,,,,37,,,,,23.1291,113.2644,广东 广州萝岗/从化,,,,,,,,公路,,,,,,,,,,,,,,
data_migration_routes_detailed,,,,,,,,,,,,,,,,,,,,陈志军,广东清远,,,,,,,,,,,2025,,,,,,,,,,,,,,,,,,,,,,,,150,,,,,,,2025-04-30,30,4,,2020s,,,,,,,,,,,,,,,,,,23.1291,113.2644,广东 广州萝岗/从化,,,,,,,,,,,,,,,,,,,,,,,,,,,,,,,,,,,,,,,,,,,,,,,,,,,,,,荔枝/龙眼,,,,,,,,,,,,,,,,,,,,,,,,,,,,,,,,,,,,,,,,,,,,,,,,,,,,,,,,,,,,,,,,,,,,,,,,高峰期400多箱蜜蜂，年产蜂蜜上万斤,陈志军 (广东清远),,,400,beekeeper_case,,,,,,,100,2,,,,,,,,,,,,,,2025-03-15,15,3,,,,,,,,,,,,,,,46,,,,,23.1291,113.2644,广东 清远清新,,,,,,,,公路,,,,,,,,,,,,,,
data_migration_routes_detailed,,,,,,,,,,,,,,,,,,,,陈志军,广东清远,,,,,,,,,,,2025,,,,,,,,,,,,,,,,,,,,,,,,200,,,,,,,2025-07-20,20,7,,2020s,,,,,,,,,,,,,,,,,,23.1291,113.2644,广东 清远清新,,,,,,,,,,,,,,,,,,,,,,,,,,,,,,,,,,,,,,,,,,,,,,,,,,,,,,乌桕/百花,,,,,,,,,,,,,,,,,,,,,,,,,,,,,,,,,,,,,,,,,,,,,,,,,,,,,,,,,,,,,,,,,,,,,,,,高峰期400多箱蜜蜂，年产蜂蜜上万斤,陈志军 (广东清远),,,400,beekeeper_case,,,,,,,50,3,,,,,,,,,,,,,,2025-05-05,5,5,,,,,,,,,,,,,,,76,,,,,24.783,112.3799,广东 连州,,,,,,,,公路,,,,,,,,,,,,,,
data_migration_routes_detailed,,,,,,,,,,,,,,,,,,,,陈志军,广东清远,,,,,,,,,,,2025,,,,,,,,,,,,,,,,,,,,,,,,350,,,,,,,2025-09-20,20,9,,2020s,,,,,,,,,,,,,,,,,,24.783,112.3799,广东 连州,,,,,,,,,,,,,,,,,,,,,,,,,,,,,,,,,,,,,,,,,,,,,,,,,,,,,,五味子/钩藤,,,,,,,,,,,,,,,,,,,,,,,,,,,,,,,,,,,,,,,,,,,,,,,,,,,,,,,,,,,,,,,,,,,,,,,,高峰期400多箱蜜蜂，年产蜂蜜上万斤,陈志军 (广东清远),,,400,beekeeper_case,,,,,,,150,4,,,,,,,,,,,,,,2025-08-01,1,8,,,,,,,,,,,,,,,50,,,,,23.1291,113.2644,广东 清远清新,,,,,,,,公路,,,,,,,,,,,,,,
data_migration_routes_detailed,,,,,,,,,,,,,,,,,,,,陈志军,广东清远,,,,,,,,,,,2025,,,,,,,,,,,,,,,,,,,,,,,,400,,,,,,,2025-12-15,15,12,,2020s,,,,,,,,,,,,,,,,,,23.1291,113.2644,广东 清远清新,,,,,,,,,,,,,,,,,,,,,,,,,,,,,,,,,,,,,,,,,,,,,,,,,,,,,,冬蜜/鸭脚木,,,,,,,,,,,,,,,,,,,,,,,,,,,,,,,,,,,,,,,,,,,,,,,,,,,,,,,,,,,,,,,,,,,,,,,,高峰期400多箱蜜蜂，年产蜂蜜上万斤,陈志军 (广东清远),,,400,beekeeper_case,,,,,,,50,5,,,,,,,,,,,,,,2025-10-01,1,10,,,,,,,,,,,,,,,75,,,,,,,,,,,,,,,公路,,,,,,,,,,,,,,
data_migration_routes_detailed,,,,,,,,,,,,,,,,,,,,冯平安,湖北阳新,,,,,,,,,,,1990,,,,,,,,,,,,,,,,,,,,,,,,100,,,,,,,1990-02-15,15,2,,1990s,,,,,,,,,,,,,,,,,,29.8366,115.2147,湖北 阳新,,,,,,,,,,,,,,,,,,,,,,,,,,,,,,,,,,,,,,,,,,,,,,,,,,,,,,越冬/春繁,,,,,,,,,,,,,,,,,,,,,,,,,,,,,,,,,,,,,,,,,,,,,,,,,,,,,,,,,,,,,,,,,,,,,,,,90年代典型路线，8省覆盖,冯平安 (湖北阳新),,,3000,beekeeper_case,,,,,,,100,1,,,,,,,,,,,,,,1990-01-01,1,1,,,,,,,,,,,,,,,45,,,,,33.6261,114.6499,河南 周口,,,,,,,,公路,,,,,,,,,,,,,,
data_migration_routes_detailed,,,,,,,,,,,,,,,,,,,,冯平安,湖北阳新,,,,,,,,,,,1990,,,,,,,,,,,,,,,,,,,,,,,,400,,,,,,,1990-04-15,15,4,,1990s,,,,,,,,,,,,,,,,,,33.6261,114.6499,河南 周口,,,,,,,,,,,,,,,,,,,,,,,,,,,,,,,,,,,,,,,,,,,,,,,,,,,,,,油菜,,,,,,,,,,,,,,,,,,,,,,,,,,,,,,,,,,,,,,,,,,,,,,,,,,,,,,,,,,,,,,,,,,,,,,,,90年代典型路线，8省覆盖,冯平安 (湖北阳新),,,3000,beekeeper_case,,,,,,,300,2,,,,,,,,,,,,,,1990-03-01,1,3,,,,,,,,,,,,,,,45,,,,,36.585,109.49,陕西 延安,,,,,,,,公路,,,,,,,,,,,,,,
data_migration_routes_detailed,,,,,,,,,,,,,,,,,,,,冯平安,湖北阳新,,,,,,,,,,,1990,,,,,,,,,,,,,,,,,,,,,,,,900,,,,,,,1990-05-25,25,5,,1990s,,,,,,,,,,,,,,,,,,36.585,109.49,陕西 延安,,,,,,,,,,,,,,,,,,,,,,,,,,,,,,,,,,,,,,,,,,,,,,,,,,,,,,槐花,,,,,,,,,,,,,,,,,,,,,,,,,,,,,,,,,,,,,,,,,,,,,,,,,,,,,,,,,,,,,,,,,,,,,,,,90年代典型路线，8省覆盖,冯平安 (湖北阳新),,,3000,beekeeper_case,,,,,,,500,3,,,,,,,,,,,,,,1990-04-20,20,4,,,,,,,,,,,,,,,35,,,,,38.0455,114.502,河北 保定/张家口,,,,,,,,公路,,,,,,,,,,,,,,
data_migration_routes_detailed,,,,,,,,,,,,,,,,,,,,冯平安,湖北阳新,,,,,,,,,,,1990,,,,,,,,,,,,,,,,,,,,,,,,1400,,,,,,,1990-06-30,30,6,,1990s,,,,,,,,,,,,,,,,,,38.0455,114.502,河北 保定/张家口,,,,,,,,,,,,,,,,,,,,,,,,,,,,,,,,,,,,,,,,,,,,,,,,,,,,,,荆条,,,,,,,,,,,,,,,,,,,,,,,,,,,,,,,,,,,,,,,,,,,,,,,,,,,,,,,,,,,,,,,,,,,,,,,,90年代典型路线，8省覆盖,冯平安 (湖北阳新),,,3000,beekeeper_case,,,,,,,500,4,,,,,,,,,,,,,,1990-06-01,1,6,,,,,,,,,,,,,,,29,,,,,43.8961,125.3265,吉林 长白山,,,,,,,,公路,,,,,,,,,,,,,,
data_migration_routes_detailed,,,,,,,,,,,,,,,,,,,,冯平安,湖北阳新,,,,,,,,,,,1990,,,,,,,,,,,,,,,,,,,,,,,,2100,,,,,,,1990-07-30,30,7,,1990s,,,,,,,,,,,,,,,,,,43.8961,125.3265,吉林 长白山,,,,,,,,,,,,,,,,,,,,,,,,,,,,,,,,,,,,,,,,,,,,,,,,,,,,,,椴树,,,,,,,,,,,,,,,,,,,,,,,,,,,,,,,,,,,,,,,,,,,,,,,,,,,,,,,,,,,,,,,,,,,,,,,,90年代典型路线，8省覆盖,冯平安 (湖北阳新),,,3000,beekeeper_case,,,,,,,700,5,,,,,,,,,,,,,,1990-07-05,5,7,,,,,,,,,,,,,,,25,,,,,49.2108,119.7586,内蒙古 呼伦贝尔,,,,,,,,公路,,,,,,,,,,,,,,
data_migration_routes_detailed,,,,,,,,,,,,,,,,,,,,冯平安,湖北阳新,,,,,,,,,,,1990,,,,,,,,,,,,,,,,,,,,,,,,2600,,,,,,,1990-09-05,5,9,,1990s,,,,,,,,,,,,,,,,,,49.2108,119.7586,内蒙古 呼伦贝尔,,,,,,,,,,,,,,,,,,,,,,,,,,,,,,,,,,,,,,,,,,,,,,,,,,,,,,油菜花,,,,,,,,,,,,,,,,,,,,,,,,,,,,,,,,,,,,,,,,,,,,,,,,,,,,,,,,,,,,,,,,,,,,,,,,90年代典型路线，8省覆盖,冯平安 (湖北阳新),,,3000,beekeeper_case,,,,,,,500,6,,,,,,,,,,,,,,1990-08-05,5,8,,,,,,,,,,,,,,,31,,,,,42.2586,118.9558,内蒙古 赤峰,,,,,,,,公路,,,,,,,,,,,,,,
data_migration_routes_detailed,,,,,,,,,,,,,,,,,,,,冯平安,湖北阳新,,,,,,,,,,,1990,,,,,,,,,,,,,,,,,,,,,,,,3000,,,,,,,1990-10-15,15,10,,1990s,,,,,,,,,,,,,,,,,,42.2586,118.9558,内蒙古 赤峰,,,,,,,,,,,,,,,,,,,,,,,,,,,,,,,,,,,,,,,,,,,,,,,,,,,,,,葵花/荞麦,,,,,,,,,,,,,,,,,,,,,,,,,,,,,,,,,,,,,,,,,,,,,,,,,,,,,,,,,,,,,,,,,,,,,,,,90年代典型路线，8省覆盖,冯平安 (湖北阳新),,,3000,beekeeper_case,,,,,,,400,7,,,,,,,,,,,,,,1990-09-10,10,9,,,,,,,,,,,,,,,35,,,,,,,,,,,,,,,公路,,,,,,,,,,,,,,
data_migration_routes_detailed,,,,,,,,,,,,,,,,,,,,吴钻才,浙江江山,,,,,,,,,,,1995,,,,,,,,,,,,,,,,,,,,,,,,50,,,,,,,1995-01-15,15,1,,1990s,,,,,,,,,,,,,,,,,,28.737,118.628,浙江 江山,,,,,,,,,,,,,,,,,,,,,,,,,,,,,,,,,,,,,,,,,,,,,,,,,,,,,,越冬,,,,,,,,,,,,,,,,,,,,,,,,,,,,,,,,,,,,,,,,,,,,,,,,,,,,,,,,,,,,,,,,,,,,,,,,1987年15箱起家，90年代33箱跑全国,吴钻才 (浙江江山),,,4950,beekeeper_case,,,,,,,50,1,,,,,,,,,,,,,,1995-12-01,1,12,,,,,,,,,,,,,,,45,,,,,25.0389,102.7183,云南 昆明,,,,,,,,公路,,,,,,,,,,,,,,
data_migration_routes_detailed,,,,,,,,,,,,,,,,,,,,吴钻才,浙江江山,,,,,,,,,,,1995,,,,,,,,,,,,,,,,,,,,,,,,1550,,,,,,,1995-03-10,10,3,,1990s,,,,,,,,,,,,,,,,,,25.0389,102.7183,云南 昆明,,,,,,,,,,,,,,,,,,,,,,,,,,,,,,,,,,,,,,,,,,,,,,,,,,,,,,早油菜,,,,,,,,,,,,,,,,,,,,,,,,,,,,,,,,,,,,,,,,,,,,,,,,,,,,,,,,,,,,,,,,,,,,,,,,1987年15箱起家，90年代33箱跑全国,吴钻才 (浙江江山),,,4950,beekeeper_case,,,,,,,1500,2,,,,,,,,,,,,,,1995-01-20,20,1,,,,,,,,,,,,,,,49,,,,,30.5728,104.0668,四川 成都,,,,,,,,公路,,,,,,,,,,,,,,
data_migration_routes_detailed,,,,,,,,,,,,,,,,,,,,吴钻才,浙江江山,,,,,,,,,,,1995,,,,,,,,,,,,,,,,,,,,,,,,2050,,,,,,,1995-04-15,15,4,,1990s,,,,,,,,,,,,,,,,,,30.5728,104.0668,四川 成都,,,,,,,,,,,,,,,,,,,,,,,,,,,,,,,,,,,,,,,,,,,,,,,,,,,,,,油菜,,,,,,,,,,,,,,,,,,,,,,,,,,,,,,,,,,,,,,,,,,,,,,,,,,,,,,,,,,,,,,,,,,,,,,,,1987年15箱起家，90年代33箱跑全国,吴钻才 (浙江江山),,,4950,beekeeper_case,,,,,,,500,3,,,,,,,,,,,,,,1995-03-15,15,3,,,,,,,,,,,,,,,31,,,,,34.3416,108.9398,陕西 西安,,,,,,,,公路,,,,,,,,,,,,,,
data_migration_routes_detailed,,,,,,,,,,,,,,,,,,,,吴钻才,浙江江山,,,,,,,,,,,1995,,,,,,,,,,,,,,,,,,,,,,,,2650,,,,,,,1995-05-20,20,5,,1990s,,,,,,,,,,,,,,,,,,34.3416,108.9398,陕西 西安,,,,,,,,,,,,,,,,,,,,,,,,,,,,,,,,,,,,,,,,,,,,,,,,,,,,,,洋槐,,,,,,,,,,,,,,,,,,,,,,,,,,,,,,,,,,,,,,,,,,,,,,,,,,,,,,,,,,,,,,,,,,,,,,,,1987年15箱起家，90年代33箱跑全国,吴钻才 (浙江江山),,,4950,beekeeper_case,,,,,,,600,4,,,,,,,,,,,,,,1995-04-20,20,4,,,,,,,,,,,,,,,30,,,,,36.6516,117.1201,山东 济南,,,,,,,,公路,,,,,,,,,,,,,,
data_migration_routes_detailed,,,,,,,,,,,,,,,,,,,,吴钻才,浙江江山,,,,,,,,,,,1995,,,,,,,,,,,,,,,,,,,,,,,,3350,,,,,,,1995-06-20,20,6,,1990s,,,,,,,,,,,,,,,,,,36.6516,117.1201,山东 济南,,,,,,,,,,,,,,,,,,,,,,,,,,,,,,,,,,,,,,,,,,,,,,,,,,,,,,枣花,,,,,,,,,,,,,,,,,,,,,,,,,,,,,,,,,,,,,,,,,,,,,,,,,,,,,,,,,,,,,,,,,,,,,,,,1987年15箱起家，90年代33箱跑全国,吴钻才 (浙江江山),,,4950,beekeeper_case,,,,,,,700,5,,,,,,,,,,,,,,1995-05-25,25,5,,,,,,,,,,,,,,,26,,,,,43.8961,125.3265,吉林 长春,,,,,,,,公路,,,,,,,,,,,,,,
data_migration_routes_detailed,,,,,,,,,,,,,,,,,,,,吴钻才,浙江江山,,,,,,,,,,,1995,,,,,,,,,,,,,,,,,,,,,,,,4150,,,,,,,1995-07-25,25,7,,1990s,,,,,,,,,,,,,,,,,,43.8961,125.3265,吉林 长春,,,,,,,,,,,,,,,,,,,,,,,,,,,,,,,,,,,,,,,,,,,,,,,,,,,,,,椴树,,,,,,,,,,,,,,,,,,,,,,,,,,,,,,,,,,,,,,,,,,,,,,,,,,,,,,,,,,,,,,,,,,,,,,,,1987年15箱起家，90年代33箱跑全国,吴钻才 (浙江江山),,,4950,beekeeper_case,,,,,,,800,6,,,,,,,,,,,,,,1995-06-25,25,6,,,,,,,,,,,,,,,30,,,,,45.8038,126.535,黑龙江 哈尔滨,,,,,,,,公路,,,,,,,,,,,,,,
data_migration_routes_detailed,,,,,,,,,,,,,,,,,,,,吴钻才,浙江江山,,,,,,,,,,,1995,,,,,,,,,,,,,,,,,,,,,,,,4450,,,,,,,1995-08-20,20,8,,1990s,,,,,,,,,,,,,,,,,,45.8038,126.535,黑龙江 哈尔滨,,,,,,,,,,,,,,,,,,,,,,,,,,,,,,,,,,,,,,,,,,,,,,,,,,,,,,向日葵,,,,,,,,,,,,,,,,,,,,,,,,,,,,,,,,,,,,,,,,,,,,,,,,,,,,,,,,,,,,,,,,,,,,,,,,1987年15箱起家，90年代33箱跑全国,吴钻才 (浙江江山),,,4950,beekeeper_case,,,,,,,300,7,,,,,,,,,,,,,,1995-07-28,28,7,,,,,,,,,,,,,,,23,,,,,42.2586,118.9558,内蒙古 赤峰,,,,,,,,公路,,,,,,,,,,,,,,
data_migration_routes_detailed,,,,,,,,,,,,,,,,,,,,吴钻才,浙江江山,,,,,,,,,,,1995,,,,,,,,,,,,,,,,,,,,,,,,4950,,,,,,,1995-09-20,20,9,,1990s,,,,,,,,,,,,,,,,,,42.2586,118.9558,内蒙古 赤峰,,,,,,,,,,,,,,,,,,,,,,,,,,,,,,,,,,,,,,,,,,,,,,,,,,,,,,荞麦,,,,,,,,,,,,,,,,,,,,,,,,,,,,,,,,,,,,,,,,,,,,,,,,,,,,,,,,,,,,,,,,,,,,,,,,1987年15箱起家，90年代33箱跑全国,吴钻才 (浙江江山),,,4950,beekeeper_case,,,,,,,500,8,,,,,,,,,,,,,,1995-08-25,25,8,,,,,,,,,,,,,,,26,,,,,,,,,,,,,,,公路,,,,,,,,,,,,,,
data_migration_routes_detailed,,,,,,,,,,,,,,,,,,,,贵州安顺蜂农,贵州安顺,,,,,,,,,,,2025,,,,,,,,,,,,,,,,,,,,,,,,200,,,,,,,2025-03-05,5,3,,2020s,,,,,,,,,,,,,,,,,,24.8842,104.3087,云南 罗平,,,,,,,,,,,,,,,,,,,,,,,,,,,,,,,,,,,,,,,,,,,,,,,,,,,,,,油菜花（繁蜂）,,,,,,,,,,,,,,,,,,,,,,,,,,,,,,,,,,,,,,,,,,,,,,,,,,,,,,,,,,,,,,,,,,,,,,,,安顺市农业农村局提案中的意蜂迁徙路线,贵州安顺蜂农 (贵州安顺),,,800,beekeeper_case,,,,,,,200,1,,,,,,,,,,,,,,2025-01-01,1,1,,,,,,,,,,,,,,,63,,,,,26.6477,106.6302,贵州 安顺西秀/镇宁/关岭,,,,,,,,公路,,,,,,,,,,,,,,
data_migration_routes_detailed,,,,,,,,,,,,,,,,,,,,贵州安顺蜂农,贵州安顺,,,,,,,,,,,2025,,,,,,,,,,,,,,,,,,,,,,,,350,,,,,,,2025-04-10,10,4,,2020s,,,,,,,,,,,,,,,,,,26.6477,106.6302,贵州 安顺西秀/镇宁/关岭,,,,,,,,,,,,,,,,,,,,,,,,,,,,,,,,,,,,,,,,,,,,,,,,,,,,,,油菜花,,,,,,,,,,,,,,,,,,,,,,,,,,,,,,,,,,,,,,,,,,,,,,,,,,,,,,,,,,,,,,,,,,,,,,,,安顺市农业农村局提案中的意蜂迁徙路线,贵州安顺蜂农 (贵州安顺),,,800,beekeeper_case,,,,,,,150,2,,,,,,,,,,,,,,2025-03-10,10,3,,,,,,,,,,,,,,,31,,,,,26.6477,106.6302,贵州 贵阳,,,,,,,,公路,,,,,,,,,,,,,,
data_migration_routes_detailed,,,,,,,,,,,,,,,,,,,,贵州安顺蜂农,贵州安顺,,,,,,,,,,,2025,,,,,,,,,,,,,,,,,,,,,,,,450,,,,,,,2025-05-15,15,5,,2020s,,,,,,,,,,,,,,,,,,26.6477,106.6302,贵州 贵阳,,,,,,,,,,,,,,,,,,,,,,,,,,,,,,,,,,,,,,,,,,,,,,,,,,,,,,槐花,,,,,,,,,,,,,,,,,,,,,,,,,,,,,,,,,,,,,,,,,,,,,,,,,,,,,,,,,,,,,,,,,,,,,,,,安顺市农业农村局提案中的意蜂迁徙路线,贵州安顺蜂农 (贵州安顺),,,800,beekeeper_case,,,,,,,100,3,,,,,,,,,,,,,,2025-04-15,15,4,,,,,,,,,,,,,,,30,,,,,27.7047,106.9314,贵州 遵义,,,,,,,,公路,,,,,,,,,,,,,,
data_migration_routes_detailed,,,,,,,,,,,,,,,,,,,,贵州安顺蜂农,贵州安顺,,,,,,,,,,,2025,,,,,,,,,,,,,,,,,,,,,,,,600,,,,,,,2025-07-20,20,7,,2020s,,,,,,,,,,,,,,,,,,27.7047,106.9314,贵州 遵义,,,,,,,,,,,,,,,,,,,,,,,,,,,,,,,,,,,,,,,,,,,,,,,,,,,,,,荆条,,,,,,,,,,,,,,,,,,,,,,,,,,,,,,,,,,,,,,,,,,,,,,,,,,,,,,,,,,,,,,,,,,,,,,,,安顺市农业农村局提案中的意蜂迁徙路线,贵州安顺蜂农 (贵州安顺),,,800,beekeeper_case,,,,,,,150,4,,,,,,,,,,,,,,2025-06-01,1,6,,,,,,,,,,,,,,,49,,,,,24.8842,104.3087,云南 罗平,,,,,,,,公路,,,,,,,,,,,,,,
data_migration_routes_detailed,,,,,,,,,,,,,,,,,,,,贵州安顺蜂农,贵州安顺,,,,,,,,,,,2025,,,,,,,,,,,,,,,,,,,,,,,,800,,,,,,,2025-12-31,31,12,,2020s,,,,,,,,,,,,,,,,,,24.8842,104.3087,云南 罗平,,,,,,,,,,,,,,,,,,,,,,,,,,,,,,,,,,,,,,,,,,,,,,,,,,,,,,返回越冬,,,,,,,,,,,,,,,,,,,,,,,,,,,,,,,,,,,,,,,,,,,,,,,,,,,,,,,,,,,,,,,,,,,,,,,,安顺市农业农村局提案中的意蜂迁徙路线,贵州安顺蜂农 (贵州安顺),,,800,beekeeper_case,,,,,,,200,5,,,,,,,,,,,,,,2025-11-01,1,11,,,,,,,,,,,,,,,60,,,,,,,,,,,,,,,公路,,,,,,,,,,,,,,
data_migration_routes_detailed,,,,,,,,,,,,,,,,,,,,河北百家蜂场代表,河北各地,,,,,,,,,,,2024,,,,,,,,,,,,,,,,,,,,,,,,100,,,,,,,2024-11-25,25,11,,2020s,,,,,,,,,,,,,,,,,,37.0731,114.5613,河北 邢台,,,,,,,,,,,,,,,,,,,,,,,,,,,,,,,,,,,,,,,,,,,,,,,,,,,,,,集合出发,,,,,,,,,,,,,,,,,,,,,,,,,,,,,,,,,,,,,,,,,,,,,,,,,,,,,,,,,,,,,,,,,,,,,,,,2024年养蜂欠年，河北百余蜂场提前南迁,河北百家蜂场代表 (河北各地),,,2400,beekeeper_case,,,,,,,100,1,,,,,,,,,,,,,,2024-11-15,15,11,,,,,,,,,,,,,,,10,,,,,34.7466,113.6254,河南 郑州,,,,,,,,公路,,,,,,,,,,,,,,
data_migration_routes_detailed,,,,,,,,,,,,,,,,,,,,河北百家蜂场代表,河北各地,,,,,,,,,,,2024,,,,,,,,,,,,,,,,,,,,,,,,400,,,,,,,2024-12-05,5,12,,2020s,,,,,,,,,,,,,,,,,,34.7466,113.6254,河南 郑州,,,,,,,,,,,,,,,,,,,,,,,,,,,,,,,,,,,,,,,,,,,,,,,,,,,,,,中转,,,,,,,,,,,,,,,,,,,,,,,,,,,,,,,,,,,,,,,,,,,,,,,,,,,,,,,,,,,,,,,,,,,,,,,,2024年养蜂欠年，河北百余蜂场提前南迁,河北百家蜂场代表 (河北各地),,,2400,beekeeper_case,,,,,,,300,2,,,,,,,,,,,,,,2024-11-28,28,11,,,,,,,,,,,,,,,7,,,,,30.5928,114.3055,湖北 孝感,,,,,,,,公路,,,,,,,,,,,,,,
data_migration_routes_detailed,,,,,,,,,,,,,,,,,,,,河北百家蜂场代表,河北各地,,,,,,,,,,,2024,,,,,,,,,,,,,,,,,,,,,,,,800,,,,,,,2024-12-20,20,12,,2020s,,,,,,,,,,,,,,,,,,30.5928,114.3055,湖北 孝感,,,,,,,,,,,,,,,,,,,,,,,,,,,,,,,,,,,,,,,,,,,,,,,,,,,,,,中转,,,,,,,,,,,,,,,,,,,,,,,,,,,,,,,,,,,,,,,,,,,,,,,,,,,,,,,,,,,,,,,,,,,,,,,,2024年养蜂欠年，河北百余蜂场提前南迁,河北百家蜂场代表 (河北各地),,,2400,beekeeper_case,,,,,,,400,3,,,,,,,,,,,,,,2024-12-08,8,12,,,,,,,,,,,,,,,12,,,,,26.6477,106.6302,贵州 贵阳,,,,,,,,公路,,,,,,,,,,,,,,
data_migration_routes_detailed,,,,,,,,,,,,,,,,,,,,河北百家蜂场代表,河北各地,,,,,,,,,,,2024,,,,,,,,,,,,,,,,,,,,,,,,1600,,,,,,,2024-02-15,15,2,,2020s,,,,,,,,,,,,,,,,,,26.6477,106.6302,贵州 贵阳,,,,,,,,,,,,,,,,,,,,,,,,,,,,,,,,,,,,,,,,,,,,,,,,,,,,,,春繁,,,,,,,,,,,,,,,,,,,,,,,,,,,,,,,,,,,,,,,,,,,,,,,,,,,,,,,,,,,,,,,,,,,,,,,,2024年养蜂欠年，河北百余蜂场提前南迁,河北百家蜂场代表 (河北各地),,,2400,beekeeper_case,,,,,,,800,4,,,,,,,,,,,,,,2024-12-22,22,12,,,,,,,,,,,,,,,55,,,,,27.8277,113.1317,湖南 株洲,,,,,,,,公路,,,,,,,,,,,,,,
data_migration_routes_detailed,,,,,,,,,,,,,,,,,,,,河北百家蜂场代表,河北各地,,,,,,,,,,,2024,,,,,,,,,,,,,,,,,,,,,,,,2100,,,,,,,2024-03-20,20,3,,2020s,,,,,,,,,,,,,,,,,,27.8277,113.1317,湖南 株洲,,,,,,,,,,,,,,,,,,,,,,,,,,,,,,,,,,,,,,,,,,,,,,,,,,,,,,油菜,,,,,,,,,,,,,,,,,,,,,,,,,,,,,,,,,,,,,,,,,,,,,,,,,,,,,,,,,,,,,,,,,,,,,,,,2024年养蜂欠年，河北百余蜂场提前南迁,河北百家蜂场代表 (河北各地),,,2400,beekeeper_case,,,,,,,500,5,,,,,,,,,,,,,,2024-02-20,20,2,,,,,,,,,,,,,,,28,,,,,30.5928,114.3055,湖北 武汉,,,,,,,,公路,,,,,,,,,,,,,,
data_migration_routes_detailed,,,,,,,,,,,,,,,,,,,,河北百家蜂场代表,河北各地,,,,,,,,,,,2024,,,,,,,,,,,,,,,,,,,,,,,,2400,,,,,,,2024-04-20,20,4,,2020s,,,,,,,,,,,,,,,,,,30.5928,114.3055,湖北 武汉,,,,,,,,,,,,,,,,,,,,,,,,,,,,,,,,,,,,,,,,,,,,,,,,,,,,,,紫云英,,,,,,,,,,,,,,,,,,,,,,,,,,,,,,,,,,,,,,,,,,,,,,,,,,,,,,,,,,,,,,,,,,,,,,,,2024年养蜂欠年，河北百余蜂场提前南迁,河北百家蜂场代表 (河北各地),,,2400,beekeeper_case,,,,,,,300,6,,,,,,,,,,,,,,2024-03-25,25,3,,,,,,,,,,,,,,,26,,,,,,,,,,,,,,,公路,,,,,,,,,,,,,,
flowering_calendar_by_province,,,,,,,,,,,,,,,,,,,,,,,,,,,,,,,,,,,,,,,,,,,,,,,,,,,,,,,,,,,,,,,,,1,,,,,,,,,,,,,,,,,1,,,,,,,,,,,,,,,一等,,,油菜,,,,,,,,,,,,,,,,,,,,,,,,,,,,,,,,,,,,,,,,,,10~30,,,,,,,,,,,,1,,,,,,,,,,草本(农作物),,,,,,,,,,,,,,,,,,,,,,,,,,广东,,23.1291,113.2644,,,,,,,,,,,,,,,,,,,,,,,,,,,,,,,,,,,,,,,,,,主要蜜源,,,,,,,1,,,,,,,,,,,,,,,,,,,18~25,,,,,,,,,,,,,,,,,,,,,,,,,
flowering_calendar_by_province,,,,,,,,,,,,,,,,,,,,,,,,,,,,,,,,,,,,,,,,,,,,,,,,,,,,,,,,,,,,,,,,,2,,,,,,,早熟品种如三月红,,,,,,,,,,1,,,,,,,,,,,,,,,10~20,,,荔枝(早),,,,,,,,,,,,,,,,,,,,,,,,,,,,,,,,,,,,,,,,,,2,,,,,,,,,,,,1,,,,,,,,,,乔木,,,,,,,,,,,,,,,,,,,,,,,,,,广东,,23.1291,113.2644,,,,,,,,,,,,,,,,,,,,,,,,,,,,,,,,,,,,,,,,,,主要蜜源,,,,,,,1,,,,,,,,,,,,,,,,,,,二等,,,,,,,,,,,,,,,,,,,,,,,,,
flowering_calendar_by_province,,,,,,,,,,,,,,,,,,,,,,,,,,,,,,,,,,,,,,,,,,,,,,,,,,,,,,,,,,,,,,,,,2,,,,,,,,,,,,,,,,,2,,,,,,,,,,,,,,,二等,,,柑橘,,,,,,,,,,,,,,,,,,,,,,,,,,,,,,,,,,,,,,,,,,10~20,,,,,,,,,,,,2,,,,,,,,,,乔木,,,,,,,,,,,,,,,,,,,,,,,,,,广东,,23.1291,113.2644,,,,,,,,,,,,,,,,,,,,,,,,,,,,,,,,,,,,,,,,,,主要蜜源,,,,,,,2,,,,,,,,,,,,,,,,,,,22,,,,,,,,,,,,,,,,,,,,,,,,,
flowering_calendar_by_province,,,,,,,,,,,,,,,,,,,,,,,,,,,,,,,,,,,,,,,,,,,,,,,,,,,,,,,,,,,,,,,,,3,,,,,,,,,,,,,,,,,3,,,,,,,,,,,,,,,二等,,,荔枝(中),,,,,,,,,,,,,,,,,,,,,,,,,,,,,,,,,,,,,,,,,,10~20,,,,,,,,,,,,3,,,,,,,,,,乔木,,,,,,,,,,,,,,,,,,,,,,,,,,广东,,23.1291,113.2644,,,,,,,,,,,,,,,,,,,,,,,,,,,,,,,,,,,,,,,,,,主要蜜源,,,,,,,3,,,,,,,,,,,,,,,,,,,20~28,,,,,,,,,,,,,,,,,,,,,,,,,
flowering_calendar_by_province,,,,,,,,,,,,,,,,,,,,,,,,,,,,,,,,,,,,,,,,,,,,,,,,,,,,,,,,,,,,,,,,,4,,,,,,,,,,,,,,,,,4,,,,,,,,,,,,,,,二等,,,荔枝(晚),,,,,,,,,,,,,,,,,,,,,,,,,,,,,,,,,,,,,,,,,,10~20,,,,,,,,,,,,4,,,,,,,,,,乔木,,,,,,,,,,,,,,,,,,,,,,,,,,广东,,23.1291,113.2644,,,,,,,,,,,,,,,,,,,,,,,,,,,,,,,,,,,,,,,,,,主要蜜源,,,,,,,4,,,,,,,,,,,,,,,,,,,20~28,,,,,,,,,,,,,,,,,,,,,,,,,
flowering_calendar_by_province,,,,,,,,,,,,,,,,,,,,,,,,,,,,,,,,,,,,,,,,,,,,,,,,,,,,,,,,,,,,,,,,,4,,,,,,,优质蜜源有明显大小年,,,,,,,,,,3,,,,,,,,,,,,,,,15~25,,,龙眼,,,,,,,,,,,,,,,,,,,,,,,,,,,,,,,,,,,,,,,,,,4,,,,,,,,,,,,3,,,,,,,,,,乔木,,,,,,,,,,,,,,,,,,,,,,,,,,广东,,23.1291,113.2644,,,,,,,,,,,,,,,,,,,,,,,,,,,,,,,,,,,,,,,,,,主要蜜源,,,,,,,3,,,,,,,,,,,,,,,,,,,一等,,,,,,,,,,,,,,,,,,,,,,,,,
flowering_calendar_by_province,,,,,,,,,,,,,,,,,,,,,,,,,,,,,,,,,,,,,,,,,,,,,,,,,,,,,,,,,,,,,,,,,12,,,,,,,鹅掌柴闽粤桂秋冬蜜源,,,,,,,,,,10,,,,,,,,,,,,,,,12,,,鸭脚木,,,,,,,,,,,,,,,,,,,,,,,,,,,,,,,,,,,,,,,,,,11,,,,,,,,,,,,11,,,,,,,,,,乔木,,,,,,,,,,,,,,,,,,,,,,,,,,广东,,23.1291,113.2644,,,,,,,,,,,,,,,,,,,,,,,,,,,,,,,,,,,,,,,,,,主要蜜源,,,,,,,10,,,,,,,,,,,,,,,,,,,10~15,,,,,,,,,,,,,,,,,,,,,,,,,
flowering_calendar_by_province,,,,,,,,,,,,,,,,,,,,,,,,,,,,,,,,,,,,,,,,,,,,,,,,,,,,,,,,,,,,,,,,,12,,,,,,,柃属植物华南秋冬优质蜜源,,,,,,,,,,11,,,,,,,,,,,,,,,20~30,,,野桂花,,,,,,,,,,,,,,,,,,,,,,,,,,,,,,,,,,,,,,,,,,12,,,,,,,,,,,,12,,,,,,,,,,灌木/小乔木,,,,,,,,,,,,,,,,,,,,,,,,,,广东,,23.1291,113.2644,,,,,,,,,,,,,,,,,,,,,,,,,,,,,,,,,,,,,,,,,,主要蜜源,,,,,,,11,,,,,,,,,,,,,,,,,,,一等,,,,,,,,,,,,,,,,,,,,,,,,,
flowering_calendar_by_province,,,,,,,,,,,,,,,,,,,,,,,,,,,,,,,,,,,,,,,,,,,,,,,,,,,,,,,,,,,,,,,,,2,,,,,,,分布最广的蜜源植物,,,,,,,,,,1,,,,,,,,,,,,,,,10~30,,,油菜,,,,,,,,,,,,,,,,,,,,,,,,,,,,,,,,,,,,,,,,,,2,,,,,,,,,,,,1,,,,,,,,,,草本(农作物),,,,,,,,,,,,,,,,,,,,,,,,,,广西,,22.817,108.3665,,,,,,,,,,,,,,,,,,,,,,,,,,,,,,,,,,,,,,,,,,主要蜜源,,,,,,,1,,,,,,,,,,,,,,,,,,,一等,,,,,,,,,,,,,,,,,,,,,,,,,
flowering_calendar_by_province,,,,,,,,,,,,,,,,,,,,,,,,,,,,,,,,,,,,,,,,,,,,,,,,,,,,,,,,,,,,,,,,,3,,,,,,,,,,,,,,,,,3,,,,,,,,,,,,,,,二等,,,荔枝,,,,,,,,,,,,,,,,,,,,,,,,,,,,,,,,,,,,,,,,,,10~20,,,,,,,,,,,,3,,,,,,,,,,乔木,,,,,,,,,,,,,,,,,,,,,,,,,,广西,,22.817,108.3665,,,,,,,,,,,,,,,,,,,,,,,,,,,,,,,,,,,,,,,,,,主要蜜源,,,,,,,3,,,,,,,,,,,,,,,,,,,20~28,,,,,,,,,,,,,,,,,,,,,,,,,
flowering_calendar_by_province,,,,,,,,,,,,,,,,,,,,,,,,,,,,,,,,,,,,,,,,,,,,,,,,,,,,,,,,,,,,,,,,,4,,,,,,,优质蜜源有明显大小年,,,,,,,,,,3,,,,,,,,,,,,,,,15~25,,,龙眼,,,,,,,,,,,,,,,,,,,,,,,,,,,,,,,,,,,,,,,,,,4,,,,,,,,,,,,4,,,,,,,,,,乔木,,,,,,,,,,,,,,,,,,,,,,,,,,广西,,22.817,108.3665,,,,,,,,,,,,,,,,,,,,,,,,,,,,,,,,,,,,,,,,,,主要蜜源,,,,,,,3,,,,,,,,,,,,,,,,,,,一等,,,,,,,,,,,,,,,,,,,,,,,,,
flowering_calendar_by_province,,,,,,,,,,,,,,,,,,,,,,,,,,,,,,,,,,,,,,,,,,,,,,,,,,,,,,,,,,,,,,,,,8,,,,,,,,,,,,,,,,,8,,,,,,,,,,,,,,,二等,,,桉树,,,,,,,,,,,,,,,,,,,,,,,,,,,,,,,,,,,,,,,,,,8~15,,,,,,,,,,,,8,,,,,,,,,,乔木,,,,,,,,,,,,,,,,,,,,,,,,,,广西,,22.817,108.3665,,,,,,,,,,,,,,,,,,,,,,,,,,,,,,,,,,,,,,,,,,辅助蜜源,,,,,,,8,,,,,,,,,,,,,,,,,,,20~30,,,,,,,,,,,,,,,,,,,,,,,,,
flowering_calendar_by_province,,,,,,,,,,,,,,,,,,,,,,,,,,,,,,,,,,,,,,,,,,,,,,,,,,,,,,,,,,,,,,,,,12,,,,,,,柃属植物华南秋冬优质蜜源,,,,,,,,,,11,,,,,,,,,,,,,,,20~30,,,野桂花,,,,,,,,,,,,,,,,,,,,,,,,,,,,,,,,,,,,,,,,,,12,,,,,,,,,,,,12,,,,,,,,,,灌木/小乔木,,,,,,,,,,,,,,,,,,,,,,,,,,广西,,22.817,108.3665,,,,,,,,,,,,,,,,,,,,,,,,,,,,,,,,,,,,,,,,,,主要蜜源,,,,,,,11,,,,,,,,,,,,,,,,,,,一等,,,,,,,,,,,,,,,,,,,,,,,,,
flowering_calendar_by_province,,,,,,,,,,,,,,,,,,,,,,,,,,,,,,,,,,,,,,,,,,,,,,,,,,,,,,,,,,,,,,,,,2,,,,,,,分布最广的蜜源植物,,,,,,,,,,1,,,,,,,,,,,,,,,10~30,,,油菜,,,,,,,,,,,,,,,,,,,,,,,,,,,,,,,,,,,,,,,,,,2,,,,,,,,,,,,1,,,,,,,,,,草本(农作物),,,,,,,,,,,,,,,,,,,,,,,,,,云南,,25.0389,102.7183,,,,,,,,,,,,,,,,,,,,,,,,,,,,,,,,,,,,,,,,,,主要蜜源,,,,,,,1,,,,,,,,,,,,,,,,,,,一等,,,,,,,,,,,,,,,,,,,,,,,,,
flowering_calendar_by_province,,,,,,,,,,,,,,,,,,,,,,,,,,,,,,,,,,,,,,,,,,,,,,,,,,,,,,,,,,,,,,,,,4,,,,,,,云南高原春夏蜜源,,,,,,,,,,2,,,,,,,,,,,,,,,4,,,白刺花,,,,,,,,,,,,,,,,,,,,,,,,,,,,,,,,,,,,,,,,,,3,,,,,,,,,,,,3,,,,,,,,,,灌木,,,,,,,,,,,,,,,,,,,,,,,,,,云南,,25.0389,102.7183,,,,,,,,,,,,,,,,,,,,,,,,,,,,,,,,,,,,,,,,,,主要蜜源,,,,,,,2,,,,,,,,,,,,,,,,,,,20~30,,,,,,,,,,,,,,,,,,,,,,,,,
flowering_calendar_by_province,,,,,,,,,,,,,,,,,,,,,,,,,,,,,,,,,,,,,,,,,,,,,,,,,,,,,,,,,,,,,,,,,8,,,,,,,,,,,,,,,,,8,,,,,,,,,,,,,,,三等,,,荞麦,,,,,,,,,,,,,,,,,,,,,,,,,,,,,,,,,,,,,,,,,,30~40,,,,,,,,,,,,8,,,,,,,,,,草本(农作物),,,,,,,,,,,,,,,,,,,,,,,,,,云南,,25.0389,102.7183,,,,,,,,,,,,,,,,,,,,,,,,,,,,,,,,,,,,,,,,,,主要蜜源,,,,,,,8,,,,,,,,,,,,,,,,,,,25~28,,,,,,,,,,,,,,,,,,,,,,,,,
flowering_calendar_by_province,,,,,,,,,,,,,,,,,,,,,,,,,,,,,,,,,,,,,,,,,,,,,,,,,,,,,,,,,,,,,,,,,11,,,,,,,云南高原秋冬季重要蜜源,,,,,,,,,,9,,,,,,,,,,,,,,,11,,,野坝子,,,,,,,,,,,,,,,,,,,,,,,,,,,,,,,,,,,,,,,,,,10,,,,,,,,,,,,10,,,,,,,,,,灌木,,,,,,,,,,,,,,,,,,,,,,,,,,云南,,25.0389,102.7183,,,,,,,,,,,,,,,,,,,,,,,,,,,,,,,,,,,,,,,,,,主要蜜源,,,,,,,9,,,,,,,,,,,,,,,,,,,15~20,,,,,,,,,,,,,,,,,,,,,,,,,
flowering_calendar_by_province,,,,,,,,,,,,,,,,,,,,,,,,,,,,,,,,,,,,,,,,,,,,,,,,,,,,,,,,,,,,,,,,,12,,,,,,,,,,,,,,,,,12,,,,,,,,,,,,,,,一等,,,野桂花,,,,,,,,,,,,,,,,,,,,,,,,,,,,,,,,,,,,,,,,,,20~30,,,,,,,,,,,,12,,,,,,,,,,灌木/小乔木,,,,,,,,,,,,,,,,,,,,,,,,,,云南,,25.0389,102.7183,,,,,,,,,,,,,,,,,,,,,,,,,,,,,,,,,,,,,,,,,,主要蜜源,,,,,,,12,,,,,,,,,,,,,,,,,,,14~20,,,,,,,,,,,,,,,,,,,,,,,,,
flowering_calendar_by_province,,,,,,,,,,,,,,,,,,,,,,,,,,,,,,,,,,,,,,,,,,,,,,,,,,,,,,,,,,,,,,,,,1,,,,,,,,,,,,,,,,,1,,,,,,,,,,,,,,,一等,,,油菜,,,,,,,,,,,,,,,,,,,,,,,,,,,,,,,,,,,,,,,,,,10~30,,,,,,,,,,,,1,,,,,,,,,,草本(农作物),,,,,,,,,,,,,,,,,,,,,,,,,,福建,,26.0745,119.2965,,,,,,,,,,,,,,,,,,,,,,,,,,,,,,,,,,,,,,,,,,主要蜜源,,,,,,,1,,,,,,,,,,,,,,,,,,,18~25,,,,,,,,,,,,,,,,,,,,,,,,,
flowering_calendar_by_province,,,,,,,,,,,,,,,,,,,,,,,,,,,,,,,,,,,,,,,,,,,,,,,,,,,,,,,,,,,,,,,,,3,,,,,,,有明显大小年,,,,,,,,,,2,,,,,,,,,,,,,,,10~20,,,荔枝,,,,,,,,,,,,,,,,,,,,,,,,,,,,,,,,,,,,,,,,,,3,,,,,,,,,,,,2,,,,,,,,,,乔木,,,,,,,,,,,,,,,,,,,,,,,,,,福建,,26.0745,119.2965,,,,,,,,,,,,,,,,,,,,,,,,,,,,,,,,,,,,,,,,,,主要蜜源,,,,,,,2,,,,,,,,,,,,,,,,,,,二等,,,,,,,,,,,,,,,,,,,,,,,,,
flowering_calendar_by_province,,,,,,,,,,,,,,,,,,,,,,,,,,,,,,,,,,,,,,,,,,,,,,,,,,,,,,,,,,,,,,,,,4,,,,,,,优质蜜源有明显大小年,,,,,,,,,,3,,,,,,,,,,,,,,,15~25,,,龙眼,,,,,,,,,,,,,,,,,,,,,,,,,,,,,,,,,,,,,,,,,,4,,,,,,,,,,,,3,,,,,,,,,,乔木,,,,,,,,,,,,,,,,,,,,,,,,,,福建,,26.0745,119.2965,,,,,,,,,,,,,,,,,,,,,,,,,,,,,,,,,,,,,,,,,,主要蜜源,,,,,,,3,,,,,,,,,,,,,,,,,,,一等,,,,,,,,,,,,,,,,,,,,,,,,,
flowering_calendar_by_province,,,,,,,,,,,,,,,,,,,,,,,,,,,,,,,,,,,,,,,,,,,,,,,,,,,,,,,,,,,,,,,,,7,,,,,,,鄂湘黔闽主要蜜源,,,,,,,,,,6,,,,,,,,,,,,,,,20~40,,,乌桕,,,,,,,,,,,,,,,,,,,,,,,,,,,,,,,,,,,,,,,,,,7,,,,,,,,,,,,6,,,,,,,,,,乔木,,,,,,,,,,,,,,,,,,,,,,,,,,福建,,26.0745,119.2965,,,,,,,,,,,,,,,,,,,,,,,,,,,,,,,,,,,,,,,,,,主要蜜源,,,,,,,6,,,,,,,,,,,,,,,,,,,二等,,,,,,,,,,,,,,,,,,,,,,,,,
flowering_calendar_by_province,,,,,,,,,,,,,,,,,,,,,,,,,,,,,,,,,,,,,,,,,,,,,,,,,,,,,,,,,,,,,,,,,10,,,,,,,,,,,,,,,,,10,,,,,,,,,,,,,,,一等,,,野桂花,,,,,,,,,,,,,,,,,,,,,,,,,,,,,,,,,,,,,,,,,,20~30,,,,,,,,,,,,10,,,,,,,,,,灌木/小乔木,,,,,,,,,,,,,,,,,,,,,,,,,,福建,,26.0745,119.2965,,,,,,,,,,,,,,,,,,,,,,,,,,,,,,,,,,,,,,,,,,主要蜜源,,,,,,,10,,,,,,,,,,,,,,,,,,,14~20,,,,,,,,,,,,,,,,,,,,,,,,,
flowering_calendar_by_province,,,,,,,,,,,,,,,,,,,,,,,,,,,,,,,,,,,,,,,,,,,,,,,,,,,,,,,,,,,,,,,,,11,,,,,,,,,,,,,,,,,11,,,,,,,,,,,,,,,二等,,,枇杷,,,,,,,,,,,,,,,,,,,,,,,,,,,,,,,,,,,,,,,,,,5~10,,,,,,,,,,,,11,,,,,,,,,,乔木,,,,,,,,,,,,,,,,,,,,,,,,,,福建,,26.0745,119.2965,,,,,,,,,,,,,,,,,,,,,,,,,,,,,,,,,,,,,,,,,,辅助蜜源,,,,,,,11,,,,,,,,,,,,,,,,,,,18~22,,,,,,,,,,,,,,,,,,,,,,,,,
flowering_calendar_by_province,,,,,,,,,,,,,,,,,,,,,,,,,,,,,,,,,,,,,,,,,,,,,,,,,,,,,,,,,,,,,,,,,12,,,,,,,鹅掌柴闽粤桂秋冬蜜源,,,,,,,,,,11,,,,,,,,,,,,,,,10~15,,,鸭脚木,,,,,,,,,,,,,,,,,,,,,,,,,,,,,,,,,,,,,,,,,,12,,,,,,,,,,,,12,,,,,,,,,,乔木,,,,,,,,,,,,,,,,,,,,,,,,,,福建,,26.0745,119.2965,,,,,,,,,,,,,,,,,,,,,,,,,,,,,,,,,,,,,,,,,,主要蜜源,,,,,,,11,,,,,,,,,,,,,,,,,,,二等,,,,,,,,,,,,,,,,,,,,,,,,,
flowering_calendar_by_province,,,,,,,,,,,,,,,,,,,,,,,,,,,,,,,,,,,,,,,,,,,,,,,,,,,,,,,,,,,,,,,,,3,,,,,,,分布最广的蜜源植物,,,,,,,,,,2,,,,,,,,,,,,,,,10~30,,,油菜,,,,,,,,,,,,,,,,,,,,,,,,,,,,,,,,,,,,,,,,,,3,,,,,,,,,,,,2,,,,,,,,,,草本(农作物),,,,,,,,,,,,,,,,,,,,,,,,,,四川,,30.5728,104.0668,,,,,,,,,,,,,,,,,,,,,,,,,,,,,,,,,,,,,,,,,,主要蜜源,,,,,,,2,,,,,,,,,,,,,,,,,,,一等,,,,,,,,,,,,,,,,,,,,,,,,,
flowering_calendar_by_province,,,,,,,,,,,,,,,,,,,,,,,,,,,,,,,,,,,,,,,,,,,,,,,,,,,,,,,,,,,,,,,,,4,,,,,,,,,,,,,,,,,4,,,,,,,,,,,,,,,二等,,,柑橘,,,,,,,,,,,,,,,,,,,,,,,,,,,,,,,,,,,,,,,,,,10~20,,,,,,,,,,,,4,,,,,,,,,,乔木,,,,,,,,,,,,,,,,,,,,,,,,,,四川,,30.5728,104.0668,,,,,,,,,,,,,,,,,,,,,,,,,,,,,,,,,,,,,,,,,,主要蜜源,,,,,,,4,,,,,,,,,,,,,,,,,,,22,,,,,,,,,,,,,,,,,,,,,,,,,
flowering_calendar_by_province,,,,,,,,,,,,,,,,,,,,,,,,,,,,,,,,,,,,,,,,,,,,,,,,,,,,,,,,,,,,,,,,,5,,,,,,,,,,,,,,,,,5,,,,,,,,,,,,,,,一等,,,刺槐,,,,,,,,,,,,,,,,,,,,,,,,,,,,,,,,,,,,,,,,,,20~40,,,,,,,,,,,,5,,,,,,,,,,乔木,,,,,,,,,,,,,,,,,,,,,,,,,,四川,,30.5728,104.0668,,,,,,,,,,,,,,,,,,,,,,,,,,,,,,,,,,,,,,,,,,主要蜜源,,,,,,,5,,,,,,,,,,,,,,,,,,,27,,,,,,,,,,,,,,,,,,,,,,,,,
flowering_calendar_by_province,,,,,,,,,,,,,,,,,,,,,,,,,,,,,,,,,,,,,,,,,,,,,,,,,,,,,,,,,,,,,,,,,6,,,,,,,,,,,,,,,,,6,,,,,,,,,,,,,,,二等,,,乌桕,,,,,,,,,,,,,,,,,,,,,,,,,,,,,,,,,,,,,,,,,,20~40,,,,,,,,,,,,6,,,,,,,,,,乔木,,,,,,,,,,,,,,,,,,,,,,,,,,四川,,30.5728,104.0668,,,,,,,,,,,,,,,,,,,,,,,,,,,,,,,,,,,,,,,,,,主要蜜源,,,,,,,6,,,,,,,,,,,,,,,,,,,25~32,,,,,,,,,,,,,,,,,,,,,,,,,
flowering_calendar_by_province,,,,,,,,,,,,,,,,,,,,,,,,,,,,,,,,,,,,,,,,,,,,,,,,,,,,,,,,,,,,,,,,,7,,,,,,,,,,,,,,,,,7,,,,,,,,,,,,,,,一等,,,荆条,,,,,,,,,,,,,,,,,,,,,,,,,,,,,,,,,,,,,,,,,,20~40,,,,,,,,,,,,7,,,,,,,,,,灌木,,,,,,,,,,,,,,,,,,,,,,,,,,四川,,30.5728,104.0668,,,,,,,,,,,,,,,,,,,,,,,,,,,,,,,,,,,,,,,,,,主要蜜源,,,,,,,7,,,,,,,,,,,,,,,,,,,25~28,,,,,,,,,,,,,,,,,,,,,,,,,
flowering_calendar_by_province,,,,,,,,,,,,,,,,,,,,,,,,,,,,,,,,,,,,,,,,,,,,,,,,,,,,,,,,,,,,,,,,,9,,,,,,,,,,,,,,,,,9,,,,,,,,,,,,,,,三等,,,荞麦,,,,,,,,,,,,,,,,,,,,,,,,,,,,,,,,,,,,,,,,,,30~40,,,,,,,,,,,,9,,,,,,,,,,草本(农作物),,,,,,,,,,,,,,,,,,,,,,,,,,四川,,30.5728,104.0668,,,,,,,,,,,,,,,,,,,,,,,,,,,,,,,,,,,,,,,,,,主要蜜源,,,,,,,9,,,,,,,,,,,,,,,,,,,25~28,,,,,,,,,,,,,,,,,,,,,,,,,
flowering_calendar_by_province,,,,,,,,,,,,,,,,,,,,,,,,,,,,,,,,,,,,,,,,,,,,,,,,,,,,,,,,,,,,,,,,,3,,,,,,,,,,,,,,,,,3,,,,,,,,,,,,,,,一等,,,油菜,,,,,,,,,,,,,,,,,,,,,,,,,,,,,,,,,,,,,,,,,,10~30,,,,,,,,,,,,3,,,,,,,,,,草本(农作物),,,,,,,,,,,,,,,,,,,,,,,,,,江西,,28.6829,115.858,,,,,,,,,,,,,,,,,,,,,,,,,,,,,,,,,,,,,,,,,,主要蜜源,,,,,,,3,,,,,,,,,,,,,,,,,,,18~25,,,,,,,,,,,,,,,,,,,,,,,,,
flowering_calendar_by_province,,,,,,,,,,,,,,,,,,,,,,,,,,,,,,,,,,,,,,,,,,,,,,,,,,,,,,,,,,,,,,,,,4,,,,,,,长江中下游主要绿肥作物,,,,,,,,,,3,,,,,,,,,,,,,,,20~50,,,紫云英,,,,,,,,,,,,,,,,,,,,,,,,,,,,,,,,,,,,,,,,,,4,,,,,,,,,,,,3,,,,,,,,,,草本,,,,,,,,,,,,,,,,,,,,,,,,,,江西,,28.6829,115.858,,,,,,,,,,,,,,,,,,,,,,,,,,,,,,,,,,,,,,,,,,主要蜜源,,,,,,,3,,,,,,,,,,,,,,,,,,,一等,,,,,,,,,,,,,,,,,,,,,,,,,
flowering_calendar_by_province,,,,,,,,,,,,,,,,,,,,,,,,,,,,,,,,,,,,,,,,,,,,,,,,,,,,,,,,,,,,,,,,,5,,,,,,,,,,,,,,,,,5,,,,,,,,,,,,,,,二等,,,柑橘,,,,,,,,,,,,,,,,,,,,,,,,,,,,,,,,,,,,,,,,,,10~20,,,,,,,,,,,,5,,,,,,,,,,乔木,,,,,,,,,,,,,,,,,,,,,,,,,,江西,,28.6829,115.858,,,,,,,,,,,,,,,,,,,,,,,,,,,,,,,,,,,,,,,,,,主要蜜源,,,,,,,5,,,,,,,,,,,,,,,,,,,22,,,,,,,,,,,,,,,,,,,,,,,,,
flowering_calendar_by_province,,,,,,,,,,,,,,,,,,,,,,,,,,,,,,,,,,,,,,,,,,,,,,,,,,,,,,,,,,,,,,,,,7,,,,,,,,,,,,,,,,,7,,,,,,,,,,,,,,,三等,,,棉花,,,,,,,,,,,,,,,,,,,,,,,,,,,,,,,,,,,,,,,,,,50~100,,,,,,,,,,,,7,,,,,,,,,,草本(农作物),,,,,,,,,,,,,,,,,,,,,,,,,,江西,,28.6829,115.858,,,,,,,,,,,,,,,,,,,,,,,,,,,,,,,,,,,,,,,,,,主要蜜源,,,,,,,7,,,,,,,,,,,,,,,,,,,35~38,,,,,,,,,,,,,,,,,,,,,,,,,
flowering_calendar_by_province,,,,,,,,,,,,,,,,,,,,,,,,,,,,,,,,,,,,,,,,,,,,,,,,,,,,,,,,,,,,,,,,,10,,,,,,,,,,,,,,,,,10,,,,,,,,,,,,,,,一等,,,野桂花,,,,,,,,,,,,,,,,,,,,,,,,,,,,,,,,,,,,,,,,,,20~30,,,,,,,,,,,,10,,,,,,,,,,灌木/小乔木,,,,,,,,,,,,,,,,,,,,,,,,,,江西,,28.6829,115.858,,,,,,,,,,,,,,,,,,,,,,,,,,,,,,,,,,,,,,,,,,主要蜜源,,,,,,,10,,,,,,,,,,,,,,,,,,,14~20,,,,,,,,,,,,,,,,,,,,,,,,,
flowering_calendar_by_province,,,,,,,,,,,,,,,,,,,,,,,,,,,,,,,,,,,,,,,,,,,,,,,,,,,,,,,,,,,,,,,,,3,,,,,,,分布最广的蜜源植物,,,,,,,,,,2,,,,,,,,,,,,,,,10~30,,,油菜,,,,,,,,,,,,,,,,,,,,,,,,,,,,,,,,,,,,,,,,,,3,,,,,,,,,,,,2,,,,,,,,,,草本(农作物),,,,,,,,,,,,,,,,,,,,,,,,,,湖南,,28.2282,112.9388,,,,,,,,,,,,,,,,,,,,,,,,,,,,,,,,,,,,,,,,,,主要蜜源,,,,,,,2,,,,,,,,,,,,,,,,,,,一等,,,,,,,,,,,,,,,,,,,,,,,,,
flowering_calendar_by_province,,,,,,,,,,,,,,,,,,,,,,,,,,,,,,,,,,,,,,,,,,,,,,,,,,,,,,,,,,,,,,,,,3,,,,,,,,,,,,,,,,,3,,,,,,,,,,,,,,,一等,,,紫云英,,,,,,,,,,,,,,,,,,,,,,,,,,,,,,,,,,,,,,,,,,20~50,,,,,,,,,,,,3,,,,,,,,,,草本,,,,,,,,,,,,,,,,,,,,,,,,,,湖南,,28.2282,112.9388,,,,,,,,,,,,,,,,,,,,,,,,,,,,,,,,,,,,,,,,,,主要蜜源,,,,,,,3,,,,,,,,,,,,,,,,,,,25,,,,,,,,,,,,,,,,,,,,,,,,,
flowering_calendar_by_province,,,,,,,,,,,,,,,,,,,,,,,,,,,,,,,,,,,,,,,,,,,,,,,,,,,,,,,,,,,,,,,,,4,,,,,,,,,,,,,,,,,4,,,,,,,,,,,,,,,二等,,,柑橘,,,,,,,,,,,,,,,,,,,,,,,,,,,,,,,,,,,,,,,,,,10~20,,,,,,,,,,,,4,,,,,,,,,,乔木,,,,,,,,,,,,,,,,,,,,,,,,,,湖南,,28.2282,112.9388,,,,,,,,,,,,,,,,,,,,,,,,,,,,,,,,,,,,,,,,,,主要蜜源,,,,,,,4,,,,,,,,,,,,,,,,,,,22,,,,,,,,,,,,,,,,,,,,,,,,,
flowering_calendar_by_province,,,,,,,,,,,,,,,,,,,,,,,,,,,,,,,,,,,,,,,,,,,,,,,,,,,,,,,,,,,,,,,,,8,,,,,,,泌蜜量大但蜜质一般,,,,,,,,,,7,,,,,,,,,,,,,,,50~100,,,棉花,,,,,,,,,,,,,,,,,,,,,,,,,,,,,,,,,,,,,,,,,,8,,,,,,,,,,,,7,,,,,,,,,,草本(农作物),,,,,,,,,,,,,,,,,,,,,,,,,,湖南,,28.2282,112.9388,,,,,,,,,,,,,,,,,,,,,,,,,,,,,,,,,,,,,,,,,,主要蜜源,,,,,,,7,,,,,,,,,,,,,,,,,,,三等,,,,,,,,,,,,,,,,,,,,,,,,,
flowering_calendar_by_province,,,,,,,,,,,,,,,,,,,,,,,,,,,,,,,,,,,,,,,,,,,,,,,,,,,,,,,,,,,,,,,,,9,,,,,,,,,,,,,,,,,9,,,,,,,,,,,,,,,三等,,,荞麦,,,,,,,,,,,,,,,,,,,,,,,,,,,,,,,,,,,,,,,,,,30~40,,,,,,,,,,,,9,,,,,,,,,,草本(农作物),,,,,,,,,,,,,,,,,,,,,,,,,,湖南,,28.2282,112.9388,,,,,,,,,,,,,,,,,,,,,,,,,,,,,,,,,,,,,,,,,,主要蜜源,,,,,,,9,,,,,,,,,,,,,,,,,,,25~28,,,,,,,,,,,,,,,,,,,,,,,,,
flowering_calendar_by_province,,,,,,,,,,,,,,,,,,,,,,,,,,,,,,,,,,,,,,,,,,,,,,,,,,,,,,,,,,,,,,,,,3,,,,,,,,,,,,,,,,,3,,,,,,,,,,,,,,,一等,,,油菜,,,,,,,,,,,,,,,,,,,,,,,,,,,,,,,,,,,,,,,,,,10~30,,,,,,,,,,,,3,,,,,,,,,,草本(农作物),,,,,,,,,,,,,,,,,,,,,,,,,,湖北,,30.5928,114.3055,,,,,,,,,,,,,,,,,,,,,,,,,,,,,,,,,,,,,,,,,,主要蜜源,,,,,,,3,,,,,,,,,,,,,,,,,,,18~25,,,,,,,,,,,,,,,,,,,,,,,,,
flowering_calendar_by_province,,,,,,,,,,,,,,,,,,,,,,,,,,,,,,,,,,,,,,,,,,,,,,,,,,,,,,,,,,,,,,,,,4,,,,,,,长江中下游主要绿肥作物,,,,,,,,,,3,,,,,,,,,,,,,,,20~50,,,紫云英,,,,,,,,,,,,,,,,,,,,,,,,,,,,,,,,,,,,,,,,,,4,,,,,,,,,,,,3,,,,,,,,,,草本,,,,,,,,,,,,,,,,,,,,,,,,,,湖北,,30.5928,114.3055,,,,,,,,,,,,,,,,,,,,,,,,,,,,,,,,,,,,,,,,,,主要蜜源,,,,,,,3,,,,,,,,,,,,,,,,,,,一等,,,,,,,,,,,,,,,,,,,,,,,,,
flowering_calendar_by_province,,,,,,,,,,,,,,,,,,,,,,,,,,,,,,,,,,,,,,,,,,,,,,,,,,,,,,,,,,,,,,,,,5,,,,,,,,,,,,,,,,,5,,,,,,,,,,,,,,,一等,,,荆条,,,,,,,,,,,,,,,,,,,,,,,,,,,,,,,,,,,,,,,,,,20~40,,,,,,,,,,,,5,,,,,,,,,,灌木,,,,,,,,,,,,,,,,,,,,,,,,,,湖北,,30.5928,114.3055,,,,,,,,,,,,,,,,,,,,,,,,,,,,,,,,,,,,,,,,,,主要蜜源,,,,,,,5,,,,,,,,,,,,,,,,,,,25~28,,,,,,,,,,,,,,,,,,,,,,,,,
flowering_calendar_by_province,,,,,,,,,,,,,,,,,,,,,,,,,,,,,,,,,,,,,,,,,,,,,,,,,,,,,,,,,,,,,,,,,5,,,,,,,,,,,,,,,,,5,,,,,,,,,,,,,,,二等,,,柑橘,,,,,,,,,,,,,,,,,,,,,,,,,,,,,,,,,,,,,,,,,,10~20,,,,,,,,,,,,5,,,,,,,,,,乔木,,,,,,,,,,,,,,,,,,,,,,,,,,湖北,,30.5928,114.3055,,,,,,,,,,,,,,,,,,,,,,,,,,,,,,,,,,,,,,,,,,主要蜜源,,,,,,,5,,,,,,,,,,,,,,,,,,,22,,,,,,,,,,,,,,,,,,,,,,,,,
flowering_calendar_by_province,,,,,,,,,,,,,,,,,,,,,,,,,,,,,,,,,,,,,,,,,,,,,,,,,,,,,,,,,,,,,,,,,8,,,,,,,泌蜜量大但蜜质一般,,,,,,,,,,7,,,,,,,,,,,,,,,50~100,,,棉花,,,,,,,,,,,,,,,,,,,,,,,,,,,,,,,,,,,,,,,,,,8,,,,,,,,,,,,7,,,,,,,,,,草本(农作物),,,,,,,,,,,,,,,,,,,,,,,,,,湖北,,30.5928,114.3055,,,,,,,,,,,,,,,,,,,,,,,,,,,,,,,,,,,,,,,,,,主要蜜源,,,,,,,7,,,,,,,,,,,,,,,,,,,三等,,,,,,,,,,,,,,,,,,,,,,,,,
flowering_calendar_by_province,,,,,,,,,,,,,,,,,,,,,,,,,,,,,,,,,,,,,,,,,,,,,,,,,,,,,,,,,,,,,,,,,4,,,,,,,分布最广的蜜源植物,,,,,,,,,,2,,,,,,,,,,,,,,,4,,,油菜,,,,,,,,,,,,,,,,,,,,,,,,,,,,,,,,,,,,,,,,,,3,,,,,,,,,,,,3,,,,,,,,,,草本(农作物),,,,,,,,,,,,,,,,,,,,,,,,,,江苏,,32.0603,118.7969,,,,,,,,,,,,,,,,,,,,,,,,,,,,,,,,,,,,,,,,,,主要蜜源,,,,,,,2,,,,,,,,,,,,,,,,,,,10~30,,,,,,,,,,,,,,,,,,,,,,,,,
flowering_calendar_by_province,,,,,,,,,,,,,,,,,,,,,,,,,,,,,,,,,,,,,,,,,,,,,,,,,,,,,,,,,,,,,,,,,4,,,,,,,,,,,,,,,,,4,,,,,,,,,,,,,,,一等,,,刺槐,,,,,,,,,,,,,,,,,,,,,,,,,,,,,,,,,,,,,,,,,,20~40,,,,,,,,,,,,4,,,,,,,,,,乔木,,,,,,,,,,,,,,,,,,,,,,,,,,江苏,,32.0603,118.7969,,,,,,,,,,,,,,,,,,,,,,,,,,,,,,,,,,,,,,,,,,主要蜜源,,,,,,,4,,,,,,,,,,,,,,,,,,,27,,,,,,,,,,,,,,,,,,,,,,,,,
flowering_calendar_by_province,,,,,,,,,,,,,,,,,,,,,,,,,,,,,,,,,,,,,,,,,,,,,,,,,,,,,,,,,,,,,,,,,6,,,,,,,,,,,,,,,,,6,,,,,,,,,,,,,,,二等,,,枣树,,,,,,,,,,,,,,,,,,,,,,,,,,,,,,,,,,,,,,,,,,15~30,,,,,,,,,,,,6,,,,,,,,,,乔木,,,,,,,,,,,,,,,,,,,,,,,,,,江苏,,32.0603,118.7969,,,,,,,,,,,,,,,,,,,,,,,,,,,,,,,,,,,,,,,,,,主要蜜源,,,,,,,6,,,,,,,,,,,,,,,,,,,26~32,,,,,,,,,,,,,,,,,,,,,,,,,
flowering_calendar_by_province,,,,,,,,,,,,,,,,,,,,,,,,,,,,,,,,,,,,,,,,,,,,,,,,,,,,,,,,,,,,,,,,,3,,,,,,,分布最广的蜜源植物,,,,,,,,,,2,,,,,,,,,,,,,,,10~30,,,油菜,,,,,,,,,,,,,,,,,,,,,,,,,,,,,,,,,,,,,,,,,,3,,,,,,,,,,,,2,,,,,,,,,,草本(农作物),,,,,,,,,,,,,,,,,,,,,,,,,,浙江,,30.2741,120.1551,,,,,,,,,,,,,,,,,,,,,,,,,,,,,,,,,,,,,,,,,,主要蜜源,,,,,,,2,,,,,,,,,,,,,,,,,,,一等,,,,,,,,,,,,,,,,,,,,,,,,,
flowering_calendar_by_province,,,,,,,,,,,,,,,,,,,,,,,,,,,,,,,,,,,,,,,,,,,,,,,,,,,,,,,,,,,,,,,,,3,,,,,,,,,,,,,,,,,3,,,,,,,,,,,,,,,一等,,,紫云英,,,,,,,,,,,,,,,,,,,,,,,,,,,,,,,,,,,,,,,,,,20~50,,,,,,,,,,,,3,,,,,,,,,,草本,,,,,,,,,,,,,,,,,,,,,,,,,,浙江,,30.2741,120.1551,,,,,,,,,,,,,,,,,,,,,,,,,,,,,,,,,,,,,,,,,,主要蜜源,,,,,,,3,,,,,,,,,,,,,,,,,,,25,,,,,,,,,,,,,,,,,,,,,,,,,
flowering_calendar_by_province,,,,,,,,,,,,,,,,,,,,,,,,,,,,,,,,,,,,,,,,,,,,,,,,,,,,,,,,,,,,,,,,,5,,,,,,,包括柑桔橙柚等,,,,,,,,,,4,,,,,,,,,,,,,,,10~20,,,柑橘,,,,,,,,,,,,,,,,,,,,,,,,,,,,,,,,,,,,,,,,,,5,,,,,,,,,,,,4,,,,,,,,,,乔木,,,,,,,,,,,,,,,,,,,,,,,,,,浙江,,30.2741,120.1551,,,,,,,,,,,,,,,,,,,,,,,,,,,,,,,,,,,,,,,,,,主要蜜源,,,,,,,4,,,,,,,,,,,,,,,,,,,二等,,,,,,,,,,,,,,,,,,,,,,,,,
flowering_calendar_by_province,,,,,,,,,,,,,,,,,,,,,,,,,,,,,,,,,,,,,,,,,,,,,,,,,,,,,,,,,,,,,,,,,10,,,,,,,,,,,,,,,,,10,,,,,,,,,,,,,,,一等,,,野桂花,,,,,,,,,,,,,,,,,,,,,,,,,,,,,,,,,,,,,,,,,,20~30,,,,,,,,,,,,10,,,,,,,,,,灌木/小乔木,,,,,,,,,,,,,,,,,,,,,,,,,,浙江,,30.2741,120.1551,,,,,,,,,,,,,,,,,,,,,,,,,,,,,,,,,,,,,,,,,,主要蜜源,,,,,,,10,,,,,,,,,,,,,,,,,,,14~20,,,,,,,,,,,,,,,,,,,,,,,,,
flowering_calendar_by_province,,,,,,,,,,,,,,,,,,,,,,,,,,,,,,,,,,,,,,,,,,,,,,,,,,,,,,,,,,,,,,,,,12,,,,,,,秋冬开花蜜质优,,,,,,,,,,11,,,,,,,,,,,,,,,5~10,,,枇杷,,,,,,,,,,,,,,,,,,,,,,,,,,,,,,,,,,,,,,,,,,12,,,,,,,,,,,,11,,,,,,,,,,乔木,,,,,,,,,,,,,,,,,,,,,,,,,,浙江,,30.2741,120.1551,,,,,,,,,,,,,,,,,,,,,,,,,,,,,,,,,,,,,,,,,,辅助蜜源,,,,,,,11,,,,,,,,,,,,,,,,,,,二等,,,,,,,,,,,,,,,,,,,,,,,,,
flowering_calendar_by_province,,,,,,,,,,,,,,,,,,,,,,,,,,,,,,,,,,,,,,,,,,,,,,,,,,,,,,,,,,,,,,,,,3,,,,,,,分布最广的蜜源植物,,,,,,,,,,2,,,,,,,,,,,,,,,10~30,,,油菜,,,,,,,,,,,,,,,,,,,,,,,,,,,,,,,,,,,,,,,,,,3,,,,,,,,,,,,2,,,,,,,,,,草本(农作物),,,,,,,,,,,,,,,,,,,,,,,,,,安徽,,31.8206,117.2272,,,,,,,,,,,,,,,,,,,,,,,,,,,,,,,,,,,,,,,,,,主要蜜源,,,,,,,2,,,,,,,,,,,,,,,,,,,一等,,,,,,,,,,,,,,,,,,,,,,,,,
flowering_calendar_by_province,,,,,,,,,,,,,,,,,,,,,,,,,,,,,,,,,,,,,,,,,,,,,,,,,,,,,,,,,,,,,,,,,3,,,,,,,,,,,,,,,,,3,,,,,,,,,,,,,,,一等,,,紫云英,,,,,,,,,,,,,,,,,,,,,,,,,,,,,,,,,,,,,,,,,,20~50,,,,,,,,,,,,3,,,,,,,,,,草本,,,,,,,,,,,,,,,,,,,,,,,,,,安徽,,31.8206,117.2272,,,,,,,,,,,,,,,,,,,,,,,,,,,,,,,,,,,,,,,,,,主要蜜源,,,,,,,3,,,,,,,,,,,,,,,,,,,25,,,,,,,,,,,,,,,,,,,,,,,,,
flowering_calendar_by_province,,,,,,,,,,,,,,,,,,,,,,,,,,,,,,,,,,,,,,,,,,,,,,,,,,,,,,,,,,,,,,,,,4,,,,,,,,,,,,,,,,,4,,,,,,,,,,,,,,,一等,,,刺槐,,,,,,,,,,,,,,,,,,,,,,,,,,,,,,,,,,,,,,,,,,20~40,,,,,,,,,,,,4,,,,,,,,,,乔木,,,,,,,,,,,,,,,,,,,,,,,,,,安徽,,31.8206,117.2272,,,,,,,,,,,,,,,,,,,,,,,,,,,,,,,,,,,,,,,,,,主要蜜源,,,,,,,4,,,,,,,,,,,,,,,,,,,27,,,,,,,,,,,,,,,,,,,,,,,,,
flowering_calendar_by_province,,,,,,,,,,,,,,,,,,,,,,,,,,,,,,,,,,,,,,,,,,,,,,,,,,,,,,,,,,,,,,,,,5,,,,,,,,,,,,,,,,,5,,,,,,,,,,,,,,,二等,,,枣树,,,,,,,,,,,,,,,,,,,,,,,,,,,,,,,,,,,,,,,,,,15~30,,,,,,,,,,,,5,,,,,,,,,,乔木,,,,,,,,,,,,,,,,,,,,,,,,,,安徽,,31.8206,117.2272,,,,,,,,,,,,,,,,,,,,,,,,,,,,,,,,,,,,,,,,,,主要蜜源,,,,,,,5,,,,,,,,,,,,,,,,,,,26~32,,,,,,,,,,,,,,,,,,,,,,,,,
flowering_calendar_by_province,,,,,,,,,,,,,,,,,,,,,,,,,,,,,,,,,,,,,,,,,,,,,,,,,,,,,,,,,,,,,,,,,7,,,,,,,,,,,,,,,,,7,,,,,,,,,,,,,,,三等,,,棉花,,,,,,,,,,,,,,,,,,,,,,,,,,,,,,,,,,,,,,,,,,50~100,,,,,,,,,,,,7,,,,,,,,,,草本(农作物),,,,,,,,,,,,,,,,,,,,,,,,,,安徽,,31.8206,117.2272,,,,,,,,,,,,,,,,,,,,,,,,,,,,,,,,,,,,,,,,,,主要蜜源,,,,,,,7,,,,,,,,,,,,,,,,,,,35~38,,,,,,,,,,,,,,,,,,,,,,,,,
flowering_calendar_by_province,,,,,,,,,,,,,,,,,,,,,,,,,,,,,,,,,,,,,,,,,,,,,,,,,,,,,,,,,,,,,,,,,5,,,,,,,洋槐蜜花期仅7-10天水白透明,,,,,,,,,,4,,,,,,,,,,,,,,,20~40,,,刺槐,,,,,,,,,,,,,,,,,,,,,,,,,,,,,,,,,,,,,,,,,,5,,,,,,,,,,,,4,,,,,,,,,,乔木,,,,,,,,,,,,,,,,,,,,,,,,,,山东,,36.6516,117.1201,,,,,,,,,,,,,,,,,,,,,,,,,,,,,,,,,,,,,,,,,,主要蜜源,,,,,,,4,,,,,,,,,,,,,,,,,,,一等,,,,,,,,,,,,,,,,,,,,,,,,,
flowering_calendar_by_province,,,,,,,,,,,,,,,,,,,,,,,,,,,,,,,,,,,,,,,,,,,,,,,,,,,,,,,,,,,,,,,,,5,,,,,,,,,,,,,,,,,5,,,,,,,,,,,,,,,二等,,,枣树,,,,,,,,,,,,,,,,,,,,,,,,,,,,,,,,,,,,,,,,,,15~30,,,,,,,,,,,,5,,,,,,,,,,乔木,,,,,,,,,,,,,,,,,,,,,,,,,,山东,,36.6516,117.1201,,,,,,,,,,,,,,,,,,,,,,,,,,,,,,,,,,,,,,,,,,主要蜜源,,,,,,,5,,,,,,,,,,,,,,,,,,,26~32,,,,,,,,,,,,,,,,,,,,,,,,,
flowering_calendar_by_province,,,,,,,,,,,,,,,,,,,,,,,,,,,,,,,,,,,,,,,,,,,,,,,,,,,,,,,,,,,,,,,,,8,,,,,,,泌蜜量大但蜜质一般,,,,,,,,,,7,,,,,,,,,,,,,,,50~100,,,棉花,,,,,,,,,,,,,,,,,,,,,,,,,,,,,,,,,,,,,,,,,,8,,,,,,,,,,,,7,,,,,,,,,,草本(农作物),,,,,,,,,,,,,,,,,,,,,,,,,,山东,,36.6516,117.1201,,,,,,,,,,,,,,,,,,,,,,,,,,,,,,,,,,,,,,,,,,主要蜜源,,,,,,,7,,,,,,,,,,,,,,,,,,,三等,,,,,,,,,,,,,,,,,,,,,,,,,
flowering_calendar_by_province,,,,,,,,,,,,,,,,,,,,,,,,,,,,,,,,,,,,,,,,,,,,,,,,,,,,,,,,,,,,,,,,,3,,,,,,,,,,,,,,,,,3,,,,,,,,,,,,,,,一等,,,油菜,,,,,,,,,,,,,,,,,,,,,,,,,,,,,,,,,,,,,,,,,,10~30,,,,,,,,,,,,3,,,,,,,,,,草本(农作物),,,,,,,,,,,,,,,,,,,,,,,,,,河南,,34.7466,113.6254,,,,,,,,,,,,,,,,,,,,,,,,,,,,,,,,,,,,,,,,,,主要蜜源,,,,,,,3,,,,,,,,,,,,,,,,,,,18~25,,,,,,,,,,,,,,,,,,,,,,,,,
flowering_calendar_by_province,,,,,,,,,,,,,,,,,,,,,,,,,,,,,,,,,,,,,,,,,,,,,,,,,,,,,,,,,,,,,,,,,4,,,,,,,,,,,,,,,,,4,,,,,,,,,,,,,,,一等,,,刺槐,,,,,,,,,,,,,,,,,,,,,,,,,,,,,,,,,,,,,,,,,,20~40,,,,,,,,,,,,4,,,,,,,,,,乔木,,,,,,,,,,,,,,,,,,,,,,,,,,河南,,34.7466,113.6254,,,,,,,,,,,,,,,,,,,,,,,,,,,,,,,,,,,,,,,,,,主要蜜源,,,,,,,4,,,,,,,,,,,,,,,,,,,27,,,,,,,,,,,,,,,,,,,,,,,,,
flowering_calendar_by_province,,,,,,,,,,,,,,,,,,,,,,,,,,,,,,,,,,,,,,,,,,,,,,,,,,,,,,,,,,,,,,,,,5,,,,,,,,,,,,,,,,,5,,,,,,,,,,,,,,,二等,,,枣花,,,,,,,,,,,,,,,,,,,,,,,,,,,,,,,,,,,,,,,,,,15~30,,,,,,,,,,,,5,,,,,,,,,,乔木,,,,,,,,,,,,,,,,,,,,,,,,,,河南,,34.7466,113.6254,,,,,,,,,,,,,,,,,,,,,,,,,,,,,,,,,,,,,,,,,,主要蜜源,,,,,,,5,,,,,,,,,,,,,,,,,,,26~32,,,,,,,,,,,,,,,,,,,,,,,,,
flowering_calendar_by_province,,,,,,,,,,,,,,,,,,,,,,,,,,,,,,,,,,,,,,,,,,,,,,,,,,,,,,,,,,,,,,,,,6,,,,,,,,,,,,,,,,,6,,,,,,,,,,,,,,,一等,,,荆条,,,,,,,,,,,,,,,,,,,,,,,,,,,,,,,,,,,,,,,,,,20~40,,,,,,,,,,,,6,,,,,,,,,,灌木,,,,,,,,,,,,,,,,,,,,,,,,,,河南,,34.7466,113.6254,,,,,,,,,,,,,,,,,,,,,,,,,,,,,,,,,,,,,,,,,,主要蜜源,,,,,,,6,,,,,,,,,,,,,,,,,,,25~28,,,,,,,,,,,,,,,,,,,,,,,,,
flowering_calendar_by_province,,,,,,,,,,,,,,,,,,,,,,,,,,,,,,,,,,,,,,,,,,,,,,,,,,,,,,,,,,,,,,,,,7,,,,,,,,,,,,,,,,,7,,,,,,,,,,,,,,,三等,,,棉花,,,,,,,,,,,,,,,,,,,,,,,,,,,,,,,,,,,,,,,,,,50~100,,,,,,,,,,,,7,,,,,,,,,,草本(农作物),,,,,,,,,,,,,,,,,,,,,,,,,,河南,,34.7466,113.6254,,,,,,,,,,,,,,,,,,,,,,,,,,,,,,,,,,,,,,,,,,主要蜜源,,,,,,,7,,,,,,,,,,,,,,,,,,,35~38,,,,,,,,,,,,,,,,,,,,,,,,,
flowering_calendar_by_province,,,,,,,,,,,,,,,,,,,,,,,,,,,,,,,,,,,,,,,,,,,,,,,,,,,,,,,,,,,,,,,,,9,,,,,,,,,,,,,,,,,9,,,,,,,,,,,,,,,三等,,,荞麦,,,,,,,,,,,,,,,,,,,,,,,,,,,,,,,,,,,,,,,,,,30~40,,,,,,,,,,,,9,,,,,,,,,,草本(农作物),,,,,,,,,,,,,,,,,,,,,,,,,,河南,,34.7466,113.6254,,,,,,,,,,,,,,,,,,,,,,,,,,,,,,,,,,,,,,,,,,主要蜜源,,,,,,,9,,,,,,,,,,,,,,,,,,,25~28,,,,,,,,,,,,,,,,,,,,,,,,,
flowering_calendar_by_province,,,,,,,,,,,,,,,,,,,,,,,,,,,,,,,,,,,,,,,,,,,,,,,,,,,,,,,,,,,,,,,,,5,,,,,,,,,,,,,,,,,5,,,,,,,,,,,,,,,一等,,,刺槐,,,,,,,,,,,,,,,,,,,,,,,,,,,,,,,,,,,,,,,,,,20~40,,,,,,,,,,,,5,,,,,,,,,,乔木,,,,,,,,,,,,,,,,,,,,,,,,,,河北,,38.0455,114.502,,,,,,,,,,,,,,,,,,,,,,,,,,,,,,,,,,,,,,,,,,主要蜜源,,,,,,,5,,,,,,,,,,,,,,,,,,,27,,,,,,,,,,,,,,,,,,,,,,,,,
flowering_calendar_by_province,,,,,,,,,,,,,,,,,,,,,,,,,,,,,,,,,,,,,,,,,,,,,,,,,,,,,,,,,,,,,,,,,7,,,,,,,华北主要蜜源花期长达30天+,,,,,,,,,,6,,,,,,,,,,,,,,,20~40,,,荆条,,,,,,,,,,,,,,,,,,,,,,,,,,,,,,,,,,,,,,,,,,7,,,,,,,,,,,,6,,,,,,,,,,灌木,,,,,,,,,,,,,,,,,,,,,,,,,,河北,,38.0455,114.502,,,,,,,,,,,,,,,,,,,,,,,,,,,,,,,,,,,,,,,,,,主要蜜源,,,,,,,6,,,,,,,,,,,,,,,,,,,一等,,,,,,,,,,,,,,,,,,,,,,,,,
flowering_calendar_by_province,,,,,,,,,,,,,,,,,,,,,,,,,,,,,,,,,,,,,,,,,,,,,,,,,,,,,,,,,,,,,,,,,6,,,,,,,,,,,,,,,,,6,,,,,,,,,,,,,,,二等,,,枣花,,,,,,,,,,,,,,,,,,,,,,,,,,,,,,,,,,,,,,,,,,15~30,,,,,,,,,,,,6,,,,,,,,,,乔木,,,,,,,,,,,,,,,,,,,,,,,,,,河北,,38.0455,114.502,,,,,,,,,,,,,,,,,,,,,,,,,,,,,,,,,,,,,,,,,,主要蜜源,,,,,,,6,,,,,,,,,,,,,,,,,,,26~32,,,,,,,,,,,,,,,,,,,,,,,,,
flowering_calendar_by_province,,,,,,,,,,,,,,,,,,,,,,,,,,,,,,,,,,,,,,,,,,,,,,,,,,,,,,,,,,,,,,,,,8,,,,,,,,,,,,,,,,,8,,,,,,,,,,,,,,,三等,,,向日葵,,,,,,,,,,,,,,,,,,,,,,,,,,,,,,,,,,,,,,,,,,30~50,,,,,,,,,,,,8,,,,,,,,,,草本(农作物),,,,,,,,,,,,,,,,,,,,,,,,,,河北,,38.0455,114.502,,,,,,,,,,,,,,,,,,,,,,,,,,,,,,,,,,,,,,,,,,主要蜜源,,,,,,,8,,,,,,,,,,,,,,,,,,,22~27,,,,,,,,,,,,,,,,,,,,,,,,,
flowering_calendar_by_province,,,,,,,,,,,,,,,,,,,,,,,,,,,,,,,,,,,,,,,,,,,,,,,,,,,,,,,,,,,,,,,,,9,,,,,,,,,,,,,,,,,9,,,,,,,,,,,,,,,三等,,,荞麦,,,,,,,,,,,,,,,,,,,,,,,,,,,,,,,,,,,,,,,,,,30~40,,,,,,,,,,,,9,,,,,,,,,,草本(农作物),,,,,,,,,,,,,,,,,,,,,,,,,,河北,,38.0455,114.502,,,,,,,,,,,,,,,,,,,,,,,,,,,,,,,,,,,,,,,,,,主要蜜源,,,,,,,9,,,,,,,,,,,,,,,,,,,25~28,,,,,,,,,,,,,,,,,,,,,,,,,
flowering_calendar_by_province,,,,,,,,,,,,,,,,,,,,,,,,,,,,,,,,,,,,,,,,,,,,,,,,,,,,,,,,,,,,,,,,,5,,,,,,,洋槐蜜花期仅7-10天水白透明,,,,,,,,,,4,,,,,,,,,,,,,,,20~40,,,刺槐,,,,,,,,,,,,,,,,,,,,,,,,,,,,,,,,,,,,,,,,,,5,,,,,,,,,,,,4,,,,,,,,,,乔木,,,,,,,,,,,,,,,,,,,,,,,,,,山西,,37.8706,112.5489,,,,,,,,,,,,,,,,,,,,,,,,,,,,,,,,,,,,,,,,,,主要蜜源,,,,,,,4,,,,,,,,,,,,,,,,,,,一等,,,,,,,,,,,,,,,,,,,,,,,,,
flowering_calendar_by_province,,,,,,,,,,,,,,,,,,,,,,,,,,,,,,,,,,,,,,,,,,,,,,,,,,,,,,,,,,,,,,,,,5,,,,,,,,,,,,,,,,,5,,,,,,,,,,,,,,,二等,,,枣花,,,,,,,,,,,,,,,,,,,,,,,,,,,,,,,,,,,,,,,,,,15~30,,,,,,,,,,,,5,,,,,,,,,,乔木,,,,,,,,,,,,,,,,,,,,,,,,,,山西,,37.8706,112.5489,,,,,,,,,,,,,,,,,,,,,,,,,,,,,,,,,,,,,,,,,,主要蜜源,,,,,,,5,,,,,,,,,,,,,,,,,,,26~32,,,,,,,,,,,,,,,,,,,,,,,,,
flowering_calendar_by_province,,,,,,,,,,,,,,,,,,,,,,,,,,,,,,,,,,,,,,,,,,,,,,,,,,,,,,,,,,,,,,,,,7,,,,,,,华北主要蜜源花期长达30天+,,,,,,,,,,6,,,,,,,,,,,,,,,20~40,,,荆条,,,,,,,,,,,,,,,,,,,,,,,,,,,,,,,,,,,,,,,,,,7,,,,,,,,,,,,6,,,,,,,,,,灌木,,,,,,,,,,,,,,,,,,,,,,,,,,山西,,37.8706,112.5489,,,,,,,,,,,,,,,,,,,,,,,,,,,,,,,,,,,,,,,,,,主要蜜源,,,,,,,6,,,,,,,,,,,,,,,,,,,一等,,,,,,,,,,,,,,,,,,,,,,,,,
flowering_calendar_by_province,,,,,,,,,,,,,,,,,,,,,,,,,,,,,,,,,,,,,,,,,,,,,,,,,,,,,,,,,,,,,,,,,8,,,,,,,,,,,,,,,,,8,,,,,,,,,,,,,,,三等,,,向日葵,,,,,,,,,,,,,,,,,,,,,,,,,,,,,,,,,,,,,,,,,,30~50,,,,,,,,,,,,8,,,,,,,,,,草本(农作物),,,,,,,,,,,,,,,,,,,,,,,,,,山西,,37.8706,112.5489,,,,,,,,,,,,,,,,,,,,,,,,,,,,,,,,,,,,,,,,,,主要蜜源,,,,,,,8,,,,,,,,,,,,,,,,,,,22~27,,,,,,,,,,,,,,,,,,,,,,,,,
flowering_calendar_by_province,,,,,,,,,,,,,,,,,,,,,,,,,,,,,,,,,,,,,,,,,,,,,,,,,,,,,,,,,,,,,,,,,9,,,,,,,,,,,,,,,,,9,,,,,,,,,,,,,,,三等,,,荞麦,,,,,,,,,,,,,,,,,,,,,,,,,,,,,,,,,,,,,,,,,,30~40,,,,,,,,,,,,9,,,,,,,,,,草本(农作物),,,,,,,,,,,,,,,,,,,,,,,,,,山西,,37.8706,112.5489,,,,,,,,,,,,,,,,,,,,,,,,,,,,,,,,,,,,,,,,,,主要蜜源,,,,,,,9,,,,,,,,,,,,,,,,,,,25~28,,,,,,,,,,,,,,,,,,,,,,,,,
flowering_calendar_by_province,,,,,,,,,,,,,,,,,,,,,,,,,,,,,,,,,,,,,,,,,,,,,,,,,,,,,,,,,,,,,,,,,3,,,,,,,,,,,,,,,,,3,,,,,,,,,,,,,,,一等,,,油菜,,,,,,,,,,,,,,,,,,,,,,,,,,,,,,,,,,,,,,,,,,10~30,,,,,,,,,,,,3,,,,,,,,,,草本(农作物),,,,,,,,,,,,,,,,,,,,,,,,,,陕西,,34.3416,108.9398,,,,,,,,,,,,,,,,,,,,,,,,,,,,,,,,,,,,,,,,,,主要蜜源,,,,,,,3,,,,,,,,,,,,,,,,,,,18~25,,,,,,,,,,,,,,,,,,,,,,,,,
flowering_calendar_by_province,,,,,,,,,,,,,,,,,,,,,,,,,,,,,,,,,,,,,,,,,,,,,,,,,,,,,,,,,,,,,,,,,4,,,,,,,,,,,,,,,,,4,,,,,,,,,,,,,,,一等,,,刺槐,,,,,,,,,,,,,,,,,,,,,,,,,,,,,,,,,,,,,,,,,,20~40,,,,,,,,,,,,4,,,,,,,,,,乔木,,,,,,,,,,,,,,,,,,,,,,,,,,陕西,,34.3416,108.9398,,,,,,,,,,,,,,,,,,,,,,,,,,,,,,,,,,,,,,,,,,主要蜜源,,,,,,,4,,,,,,,,,,,,,,,,,,,27,,,,,,,,,,,,,,,,,,,,,,,,,
flowering_calendar_by_province,,,,,,,,,,,,,,,,,,,,,,,,,,,,,,,,,,,,,,,,,,,,,,,,,,,,,,,,,,,,,,,,,5,,,,,,,,,,,,,,,,,5,,,,,,,,,,,,,,,二等,,,枣花,,,,,,,,,,,,,,,,,,,,,,,,,,,,,,,,,,,,,,,,,,15~30,,,,,,,,,,,,5,,,,,,,,,,乔木,,,,,,,,,,,,,,,,,,,,,,,,,,陕西,,34.3416,108.9398,,,,,,,,,,,,,,,,,,,,,,,,,,,,,,,,,,,,,,,,,,主要蜜源,,,,,,,5,,,,,,,,,,,,,,,,,,,26~32,,,,,,,,,,,,,,,,,,,,,,,,,
flowering_calendar_by_province,,,,,,,,,,,,,,,,,,,,,,,,,,,,,,,,,,,,,,,,,,,,,,,,,,,,,,,,,,,,,,,,,6,,,,,,,,,,,,,,,,,6,,,,,,,,,,,,,,,一等,,,荆条,,,,,,,,,,,,,,,,,,,,,,,,,,,,,,,,,,,,,,,,,,20~40,,,,,,,,,,,,6,,,,,,,,,,灌木,,,,,,,,,,,,,,,,,,,,,,,,,,陕西,,34.3416,108.9398,,,,,,,,,,,,,,,,,,,,,,,,,,,,,,,,,,,,,,,,,,主要蜜源,,,,,,,6,,,,,,,,,,,,,,,,,,,25~28,,,,,,,,,,,,,,,,,,,,,,,,,
flowering_calendar_by_province,,,,,,,,,,,,,,,,,,,,,,,,,,,,,,,,,,,,,,,,,,,,,,,,,,,,,,,,,,,,,,,,,8,,,,,,,,,,,,,,,,,8,,,,,,,,,,,,,,,三等,,,荞麦,,,,,,,,,,,,,,,,,,,,,,,,,,,,,,,,,,,,,,,,,,30~40,,,,,,,,,,,,8,,,,,,,,,,草本(农作物),,,,,,,,,,,,,,,,,,,,,,,,,,陕西,,34.3416,108.9398,,,,,,,,,,,,,,,,,,,,,,,,,,,,,,,,,,,,,,,,,,主要蜜源,,,,,,,8,,,,,,,,,,,,,,,,,,,25~28,,,,,,,,,,,,,,,,,,,,,,,,,
flowering_calendar_by_province,,,,,,,,,,,,,,,,,,,,,,,,,,,,,,,,,,,,,,,,,,,,,,,,,,,,,,,,,,,,,,,,,5,,,,,,,,,,,,,,,,,5,,,,,,,,,,,,,,,一等,,,刺槐,,,,,,,,,,,,,,,,,,,,,,,,,,,,,,,,,,,,,,,,,,20~40,,,,,,,,,,,,5,,,,,,,,,,乔木,,,,,,,,,,,,,,,,,,,,,,,,,,甘肃,,36.0613,103.834,,,,,,,,,,,,,,,,,,,,,,,,,,,,,,,,,,,,,,,,,,主要蜜源,,,,,,,5,,,,,,,,,,,,,,,,,,,27,,,,,,,,,,,,,,,,,,,,,,,,,
flowering_calendar_by_province,,,,,,,,,,,,,,,,,,,,,,,,,,,,,,,,,,,,,,,,,,,,,,,,,,,,,,,,,,,,,,,,,7,,,,,,,,,,,,,,,,,7,,,,,,,,,,,,,,,三等,,,紫花苜蓿,,,,,,,,,,,,,,,,,,,,,,,,,,,,,,,,,,,,,,,,,,5~10,,,,,,,,,,,,7,,,,,,,,,,草本(农作物),,,,,,,,,,,,,,,,,,,,,,,,,,甘肃,,36.0613,103.834,,,,,,,,,,,,,,,,,,,,,,,,,,,,,,,,,,,,,,,,,,辅助蜜源,,,,,,,7,,,,,,,,,,,,,,,,,,,25~30,,,,,,,,,,,,,,,,,,,,,,,,,
flowering_calendar_by_province,,,,,,,,,,,,,,,,,,,,,,,,,,,,,,,,,,,,,,,,,,,,,,,,,,,,,,,,,,,,,,,,,9,,,,,,,蜜色深褐味重多作越冬饲料,,,,,,,,,,8,,,,,,,,,,,,,,,30~40,,,荞麦,,,,,,,,,,,,,,,,,,,,,,,,,,,,,,,,,,,,,,,,,,9,,,,,,,,,,,,8,,,,,,,,,,草本(农作物),,,,,,,,,,,,,,,,,,,,,,,,,,甘肃,,36.0613,103.834,,,,,,,,,,,,,,,,,,,,,,,,,,,,,,,,,,,,,,,,,,主要蜜源,,,,,,,8,,,,,,,,,,,,,,,,,,,三等,,,,,,,,,,,,,,,,,,,,,,,,,
flowering_calendar_by_province,,,,,,,,,,,,,,,,,,,,,,,,,,,,,,,,,,,,,,,,,,,,,,,,,,,,,,,,,,,,,,,,,7,,,,,,,内蒙古宁夏干旱地区重要蜜源,,,,,,,,,,6,,,,,,,,,,,,,,,50~60,,,老瓜头,,,,,,,,,,,,,,,,,,,,,,,,,,,,,,,,,,,,,,,,,,7,,,,,,,,,,,,6,,,,,,,,,,草本,,,,,,,,,,,,,,,,,,,,,,,,,,内蒙古,,40.8422,111.7498,,,,,,,,,,,,,,,,,,,,,,,,,,,,,,,,,,,,,,,,,,主要蜜源,,,,,,,6,,,,,,,,,,,,,,,,,,,二等,,,,,,,,,,,,,,,,,,,,,,,,,
flowering_calendar_by_province,,,,,,,,,,,,,,,,,,,,,,,,,,,,,,,,,,,,,,,,,,,,,,,,,,,,,,,,,,,,,,,,,8,,,,,,,,,,,,,,,,,8,,,,,,,,,,,,,,,三等,,,向日葵,,,,,,,,,,,,,,,,,,,,,,,,,,,,,,,,,,,,,,,,,,30~50,,,,,,,,,,,,8,,,,,,,,,,草本(农作物),,,,,,,,,,,,,,,,,,,,,,,,,,内蒙古,,40.8422,111.7498,,,,,,,,,,,,,,,,,,,,,,,,,,,,,,,,,,,,,,,,,,主要蜜源,,,,,,,8,,,,,,,,,,,,,,,,,,,22~27,,,,,,,,,,,,,,,,,,,,,,,,,
flowering_calendar_by_province,,,,,,,,,,,,,,,,,,,,,,,,,,,,,,,,,,,,,,,,,,,,,,,,,,,,,,,,,,,,,,,,,9,,,,,,,蜜色深褐味重多作越冬饲料,,,,,,,,,,8,,,,,,,,,,,,,,,30~40,,,荞麦,,,,,,,,,,,,,,,,,,,,,,,,,,,,,,,,,,,,,,,,,,9,,,,,,,,,,,,8,,,,,,,,,,草本(农作物),,,,,,,,,,,,,,,,,,,,,,,,,,内蒙古,,40.8422,111.7498,,,,,,,,,,,,,,,,,,,,,,,,,,,,,,,,,,,,,,,,,,主要蜜源,,,,,,,8,,,,,,,,,,,,,,,,,,,三等,,,,,,,,,,,,,,,,,,,,,,,,,
flowering_calendar_by_province,,,,,,,,,,,,,,,,,,,,,,,,,,,,,,,,,,,,,,,,,,,,,,,,,,,,,,,,,,,,,,,,,5,,,,,,,,,,,,,,,,,5,,,,,,,,,,,,,,,二等,,,沙枣,,,,,,,,,,,,,,,,,,,,,,,,,,,,,,,,,,,,,,,,,,10~15,,,,,,,,,,,,5,,,,,,,,,,乔木,,,,,,,,,,,,,,,,,,,,,,,,,,新疆,,43.7928,87.617,,,,,,,,,,,,,,,,,,,,,,,,,,,,,,,,,,,,,,,,,,辅助蜜源,,,,,,,5,,,,,,,,,,,,,,,,,,,25~30,,,,,,,,,,,,,,,,,,,,,,,,,
flowering_calendar_by_province,,,,,,,,,,,,,,,,,,,,,,,,,,,,,,,,,,,,,,,,,,,,,,,,,,,,,,,,,,,,,,,,,5,,,,,,,,,,,,,,,,,5,,,,,,,,,,,,,,,一等,,,刺槐,,,,,,,,,,,,,,,,,,,,,,,,,,,,,,,,,,,,,,,,,,20~40,,,,,,,,,,,,5,,,,,,,,,,乔木,,,,,,,,,,,,,,,,,,,,,,,,,,新疆,,43.7928,87.617,,,,,,,,,,,,,,,,,,,,,,,,,,,,,,,,,,,,,,,,,,主要蜜源,,,,,,,5,,,,,,,,,,,,,,,,,,,27,,,,,,,,,,,,,,,,,,,,,,,,,
flowering_calendar_by_province,,,,,,,,,,,,,,,,,,,,,,,,,,,,,,,,,,,,,,,,,,,,,,,,,,,,,,,,,,,,,,,,,7,,,,,,,,,,,,,,,,,7,,,,,,,,,,,,,,,三等,,,紫花苜蓿,,,,,,,,,,,,,,,,,,,,,,,,,,,,,,,,,,,,,,,,,,5~10,,,,,,,,,,,,7,,,,,,,,,,草本(农作物),,,,,,,,,,,,,,,,,,,,,,,,,,新疆,,43.7928,87.617,,,,,,,,,,,,,,,,,,,,,,,,,,,,,,,,,,,,,,,,,,辅助蜜源,,,,,,,7,,,,,,,,,,,,,,,,,,,25~30,,,,,,,,,,,,,,,,,,,,,,,,,
flowering_calendar_by_province,,,,,,,,,,,,,,,,,,,,,,,,,,,,,,,,,,,,,,,,,,,,,,,,,,,,,,,,,,,,,,,,,9,,,,,,,泌蜜量大但蜜质一般,,,,,,,,,,8,,,,,,,,,,,,,,,50~100,,,棉花,,,,,,,,,,,,,,,,,,,,,,,,,,,,,,,,,,,,,,,,,,9,,,,,,,,,,,,8,,,,,,,,,,草本(农作物),,,,,,,,,,,,,,,,,,,,,,,,,,新疆,,43.7928,87.617,,,,,,,,,,,,,,,,,,,,,,,,,,,,,,,,,,,,,,,,,,主要蜜源,,,,,,,8,,,,,,,,,,,,,,,,,,,三等,,,,,,,,,,,,,,,,,,,,,,,,,
flowering_calendar_by_province,,,,,,,,,,,,,,,,,,,,,,,,,,,,,,,,,,,,,,,,,,,,,,,,,,,,,,,,,,,,,,,,,5,,,,,,,洋槐蜜花期仅7-10天水白透明,,,,,,,,,,4,,,,,,,,,,,,,,,20~40,,,刺槐,,,,,,,,,,,,,,,,,,,,,,,,,,,,,,,,,,,,,,,,,,5,,,,,,,,,,,,4,,,,,,,,,,乔木,,,,,,,,,,,,,,,,,,,,,,,,,,辽宁,,41.8057,123.4315,,,,,,,,,,,,,,,,,,,,,,,,,,,,,,,,,,,,,,,,,,主要蜜源,,,,,,,4,,,,,,,,,,,,,,,,,,,一等,,,,,,,,,,,,,,,,,,,,,,,,,
flowering_calendar_by_province,,,,,,,,,,,,,,,,,,,,,,,,,,,,,,,,,,,,,,,,,,,,,,,,,,,,,,,,,,,,,,,,,7,,,,,,,华北主要蜜源花期长达30天+,,,,,,,,,,6,,,,,,,,,,,,,,,20~40,,,荆条,,,,,,,,,,,,,,,,,,,,,,,,,,,,,,,,,,,,,,,,,,7,,,,,,,,,,,,6,,,,,,,,,,灌木,,,,,,,,,,,,,,,,,,,,,,,,,,辽宁,,41.8057,123.4315,,,,,,,,,,,,,,,,,,,,,,,,,,,,,,,,,,,,,,,,,,主要蜜源,,,,,,,6,,,,,,,,,,,,,,,,,,,一等,,,,,,,,,,,,,,,,,,,,,,,,,
flowering_calendar_by_province,,,,,,,,,,,,,,,,,,,,,,,,,,,,,,,,,,,,,,,,,,,,,,,,,,,,,,,,,,,,,,,,,7,,,,,,,,,,,,,,,,,7,,,,,,,,,,,,,,,一等,,,椴树,,,,,,,,,,,,,,,,,,,,,,,,,,,,,,,,,,,,,,,,,,20~30,,,,,,,,,,,,7,,,,,,,,,,乔木,,,,,,,,,,,,,,,,,,,,,,,,,,辽宁,,41.8057,123.4315,,,,,,,,,,,,,,,,,,,,,,,,,,,,,,,,,,,,,,,,,,主要蜜源,,,,,,,7,,,,,,,,,,,,,,,,,,,22~25,,,,,,,,,,,,,,,,,,,,,,,,,
flowering_calendar_by_province,,,,,,,,,,,,,,,,,,,,,,,,,,,,,,,,,,,,,,,,,,,,,,,,,,,,,,,,,,,,,,,,,8,,,,,,,,,,,,,,,,,8,,,,,,,,,,,,,,,三等,,,向日葵,,,,,,,,,,,,,,,,,,,,,,,,,,,,,,,,,,,,,,,,,,30~50,,,,,,,,,,,,8,,,,,,,,,,草本(农作物),,,,,,,,,,,,,,,,,,,,,,,,,,辽宁,,41.8057,123.4315,,,,,,,,,,,,,,,,,,,,,,,,,,,,,,,,,,,,,,,,,,主要蜜源,,,,,,,8,,,,,,,,,,,,,,,,,,,22~27,,,,,,,,,,,,,,,,,,,,,,,,,
flowering_calendar_by_province,,,,,,,,,,,,,,,,,,,,,,,,,,,,,,,,,,,,,,,,,,,,,,,,,,,,,,,,,,,,,,,,,9,,,,,,,,,,,,,,,,,9,,,,,,,,,,,,,,,三等,,,荞麦,,,,,,,,,,,,,,,,,,,,,,,,,,,,,,,,,,,,,,,,,,30~40,,,,,,,,,,,,9,,,,,,,,,,草本(农作物),,,,,,,,,,,,,,,,,,,,,,,,,,辽宁,,41.8057,123.4315,,,,,,,,,,,,,,,,,,,,,,,,,,,,,,,,,,,,,,,,,,主要蜜源,,,,,,,9,,,,,,,,,,,,,,,,,,,25~28,,,,,,,,,,,,,,,,,,,,,,,,,
flowering_calendar_by_province,,,,,,,,,,,,,,,,,,,,,,,,,,,,,,,,,,,,,,,,,,,,,,,,,,,,,,,,,,,,,,,,,7,,,,,,,,,,,,,,,,,7,,,,,,,,,,,,,,,一等,,,椴树,,,,,,,,,,,,,,,,,,,,,,,,,,,,,,,,,,,,,,,,,,20~30,,,,,,,,,,,,7,,,,,,,,,,乔木,,,,,,,,,,,,,,,,,,,,,,,,,,吉林,,43.8961,125.3265,,,,,,,,,,,,,,,,,,,,,,,,,,,,,,,,,,,,,,,,,,主要蜜源,,,,,,,7,,,,,,,,,,,,,,,,,,,22~25,,,,,,,,,,,,,,,,,,,,,,,,,
flowering_calendar_by_province,,,,,,,,,,,,,,,,,,,,,,,,,,,,,,,,,,,,,,,,,,,,,,,,,,,,,,,,,,,,,,,,,8,,,,,,,,,,,,,,,,,8,,,,,,,,,,,,,,,三等,,,胡枝子,,,,,,,,,,,,,,,,,,,,,,,,,,,,,,,,,,,,,,,,,,10~15,,,,,,,,,,,,8,,,,,,,,,,灌木,,,,,,,,,,,,,,,,,,,,,,,,,,吉林,,43.8961,125.3265,,,,,,,,,,,,,,,,,,,,,,,,,,,,,,,,,,,,,,,,,,辅助蜜源,,,,,,,8,,,,,,,,,,,,,,,,,,,25~30,,,,,,,,,,,,,,,,,,,,,,,,,
flowering_calendar_by_province,,,,,,,,,,,,,,,,,,,,,,,,,,,,,,,,,,,,,,,,,,,,,,,,,,,,,,,,,,,,,,,,,8,,,,,,,,,,,,,,,,,8,,,,,,,,,,,,,,,三等,,,向日葵,,,,,,,,,,,,,,,,,,,,,,,,,,,,,,,,,,,,,,,,,,30~50,,,,,,,,,,,,8,,,,,,,,,,草本(农作物),,,,,,,,,,,,,,,,,,,,,,,,,,吉林,,43.8961,125.3265,,,,,,,,,,,,,,,,,,,,,,,,,,,,,,,,,,,,,,,,,,主要蜜源,,,,,,,8,,,,,,,,,,,,,,,,,,,22~27,,,,,,,,,,,,,,,,,,,,,,,,,
flowering_calendar_by_province,,,,,,,,,,,,,,,,,,,,,,,,,,,,,,,,,,,,,,,,,,,,,,,,,,,,,,,,,,,,,,,,,5,,,,,,,,,,,,,,,,,5,,,,,,,,,,,,,,,一等,,,油菜,,,,,,,,,,,,,,,,,,,,,,,,,,,,,,,,,,,,,,,,,,10~30,,,,,,,,,,,,5,,,,,,,,,,草本(农作物),,,,,,,,,,,,,,,,,,,,,,,,,,黑龙江,,45.8038,126.535,,,,,,,,,,,,,,,,,,,,,,,,,,,,,,,,,,,,,,,,,,主要蜜源,,,,,,,5,,,,,,,,,,,,,,,,,,,18~25,,,,,,,,,,,,,,,,,,,,,,,,,
flowering_calendar_by_province,,,,,,,,,,,,,,,,,,,,,,,,,,,,,,,,,,,,,,,,,,,,,,,,,,,,,,,,,,,,,,,,,7,,,,,,,东北著名蜜源含紫椴糠椴,,,,,,,,,,6,,,,,,,,,,,,,,,20~30,,,椴树,,,,,,,,,,,,,,,,,,,,,,,,,,,,,,,,,,,,,,,,,,7,,,,,,,,,,,,7,,,,,,,,,,乔木,,,,,,,,,,,,,,,,,,,,,,,,,,黑龙江,,45.8038,126.535,,,,,,,,,,,,,,,,,,,,,,,,,,,,,,,,,,,,,,,,,,主要蜜源,,,,,,,6,,,,,,,,,,,,,,,,,,,一等,,,,,,,,,,,,,,,,,,,,,,,,,
flowering_calendar_by_province,,,,,,,,,,,,,,,,,,,,,,,,,,,,,,,,,,,,,,,,,,,,,,,,,,,,,,,,,,,,,,,,,8,,,,,,,,,,,,,,,,,8,,,,,,,,,,,,,,,三等,,,向日葵,,,,,,,,,,,,,,,,,,,,,,,,,,,,,,,,,,,,,,,,,,30~50,,,,,,,,,,,,8,,,,,,,,,,草本(农作物),,,,,,,,,,,,,,,,,,,,,,,,,,黑龙江,,45.8038,126.535,,,,,,,,,,,,,,,,,,,,,,,,,,,,,,,,,,,,,,,,,,主要蜜源,,,,,,,8,,,,,,,,,,,,,,,,,,,22~27,,,,,,,,,,,,,,,,,,,,,,,,,
flowering_calendar_by_province,,,,,,,,,,,,,,,,,,,,,,,,,,,,,,,,,,,,,,,,,,,,,,,,,,,,,,,,,,,,,,,,,3,,,,,,,分布最广的蜜源植物,,,,,,,,,,2,,,,,,,,,,,,,,,10~30,,,油菜,,,,,,,,,,,,,,,,,,,,,,,,,,,,,,,,,,,,,,,,,,3,,,,,,,,,,,,2,,,,,,,,,,草本(农作物),,,,,,,,,,,,,,,,,,,,,,,,,,贵州,,26.6477,106.6302,,,,,,,,,,,,,,,,,,,,,,,,,,,,,,,,,,,,,,,,,,主要蜜源,,,,,,,2,,,,,,,,,,,,,,,,,,,一等,,,,,,,,,,,,,,,,,,,,,,,,,
flowering_calendar_by_province,,,,,,,,,,,,,,,,,,,,,,,,,,,,,,,,,,,,,,,,,,,,,,,,,,,,,,,,,,,,,,,,,4,,,,,,,,,,,,,,,,,4,,,,,,,,,,,,,,,一等,,,刺槐,,,,,,,,,,,,,,,,,,,,,,,,,,,,,,,,,,,,,,,,,,20~40,,,,,,,,,,,,4,,,,,,,,,,乔木,,,,,,,,,,,,,,,,,,,,,,,,,,贵州,,26.6477,106.6302,,,,,,,,,,,,,,,,,,,,,,,,,,,,,,,,,,,,,,,,,,主要蜜源,,,,,,,4,,,,,,,,,,,,,,,,,,,27,,,,,,,,,,,,,,,,,,,,,,,,,
flowering_calendar_by_province,,,,,,,,,,,,,,,,,,,,,,,,,,,,,,,,,,,,,,,,,,,,,,,,,,,,,,,,,,,,,,,,,4,,,,,,,,,,,,,,,,,4,,,,,,,,,,,,,,,二等,,,柑橘,,,,,,,,,,,,,,,,,,,,,,,,,,,,,,,,,,,,,,,,,,10~20,,,,,,,,,,,,4,,,,,,,,,,乔木,,,,,,,,,,,,,,,,,,,,,,,,,,贵州,,26.6477,106.6302,,,,,,,,,,,,,,,,,,,,,,,,,,,,,,,,,,,,,,,,,,主要蜜源,,,,,,,4,,,,,,,,,,,,,,,,,,,22,,,,,,,,,,,,,,,,,,,,,,,,,
flowering_calendar_by_province,,,,,,,,,,,,,,,,,,,,,,,,,,,,,,,,,,,,,,,,,,,,,,,,,,,,,,,,,,,,,,,,,6,,,,,,,华北主要蜜源花期长达30天+,,,,,,,,,,5,,,,,,,,,,,,,,,20~40,,,荆条,,,,,,,,,,,,,,,,,,,,,,,,,,,,,,,,,,,,,,,,,,6,,,,,,,,,,,,5,,,,,,,,,,灌木,,,,,,,,,,,,,,,,,,,,,,,,,,贵州,,26.6477,106.6302,,,,,,,,,,,,,,,,,,,,,,,,,,,,,,,,,,,,,,,,,,主要蜜源,,,,,,,5,,,,,,,,,,,,,,,,,,,一等,,,,,,,,,,,,,,,,,,,,,,,,,
flowering_calendar_by_province,,,,,,,,,,,,,,,,,,,,,,,,,,,,,,,,,,,,,,,,,,,,,,,,,,,,,,,,,,,,,,,,,9,,,,,,,,,,,,,,,,,9,,,,,,,,,,,,,,,三等,,,荞麦,,,,,,,,,,,,,,,,,,,,,,,,,,,,,,,,,,,,,,,,,,30~40,,,,,,,,,,,,9,,,,,,,,,,草本(农作物),,,,,,,,,,,,,,,,,,,,,,,,,,贵州,,26.6477,106.6302,,,,,,,,,,,,,,,,,,,,,,,,,,,,,,,,,,,,,,,,,,主要蜜源,,,,,,,9,,,,,,,,,,,,,,,,,,,25~28,,,,,,,,,,,,,,,,,,,,,,,,,
flowering_calendar_by_province,,,,,,,,,,,,,,,,,,,,,,,,,,,,,,,,,,,,,,,,,,,,,,,,,,,,,,,,,,,,,,,,,7,,,,,,,内蒙古宁夏干旱地区重要蜜源,,,,,,,,,,6,,,,,,,,,,,,,,,50~60,,,老瓜头,,,,,,,,,,,,,,,,,,,,,,,,,,,,,,,,,,,,,,,,,,7,,,,,,,,,,,,6,,,,,,,,,,草本,,,,,,,,,,,,,,,,,,,,,,,,,,宁夏,,38.472,106.2589,,,,,,,,,,,,,,,,,,,,,,,,,,,,,,,,,,,,,,,,,,主要蜜源,,,,,,,6,,,,,,,,,,,,,,,,,,,二等,,,,,,,,,,,,,,,,,,,,,,,,,
flowering_calendar_by_province,,,,,,,,,,,,,,,,,,,,,,,,,,,,,,,,,,,,,,,,,,,,,,,,,,,,,,,,,,,,,,,,,9,,,,,,,蜜色深褐味重多作越冬饲料,,,,,,,,,,8,,,,,,,,,,,,,,,30~40,,,荞麦,,,,,,,,,,,,,,,,,,,,,,,,,,,,,,,,,,,,,,,,,,9,,,,,,,,,,,,8,,,,,,,,,,草本(农作物),,,,,,,,,,,,,,,,,,,,,,,,,,宁夏,,38.472,106.2589,,,,,,,,,,,,,,,,,,,,,,,,,,,,,,,,,,,,,,,,,,主要蜜源,,,,,,,8,,,,,,,,,,,,,,,,,,,三等,,,,,,,,,,,,,,,,,,,,,,,,,
fruit_data_merged,,,,,,,,,,,高,,,,,,,,,,,,,,,3月中旬-4月上旬,,4月上旬-4月下旬,,2月中旬-3月中旬,,,,,,,,,,,,,,,,,,,,,,,,,,,,,,,,,,,,,,,,,,,,,,,,两性花,,10-15,,,,,,,,,李,Plum,Prunus salicina,,,,,,,,,,,,,,,,,,,,,,,,,,,,,,,,,,,,,,,,蜜蜂科(蜜蜂属)、壁蜂属,山东、河北、河南、辽宁、四川,,,,,,,,,,,,,,16-24,,,,,,,,,,,,,,,,,,,,,,,,,,,,异花授粉,,,,,,,,,,,,,,,,,,,,,,,,,7-12,,,,,,,,,,,,,,,,,,,,,,,,,,,,否（多数品种需异花授粉）,,,,,,,,,,,,,,,,,,,,,,,,,,,,,,,,,,,,,,,,,,,,,,,,,,,,,,,20-50,,,,
fruit_data_merged,,,,,,,,,,,中,甘肃:4月-5月; 山西:4月-5月; 新疆:4月下旬-6月,,,,,,,,,,,,,,3月上旬-3月下旬,"3,4",3月下旬-4月中旬,7,2月上旬-3月上旬,,,,,,,,,,,,,,,,,,,,,,,,,,,,,,,,,,,,,,,,,,,,,,,,两性花,,7-12,,,,,,,,,杏,Apricot,Prunus armeniaca,,,,,,,,,,,,,,,,,,,,,,,,,,,,,,,,,,,,,,,,蜜蜂科(蜜蜂属)、壁蜂属,河北、山东、山西、陕西、新疆,,,,,,,,,,,,,,18-24,,,"山西, 新疆, 甘肃",,,,,,,,,,,,,,,,,,,,,,,,,自花/异花授粉,,,,,,,,,,,,,,,,,"高(1省), 中高(1省), 中(1省)",,,,,,,,5-10,,,,,,,,,,,,,,,,,,,,,,,,,,,,部分品种自交结实,,,,,,,,,,,,,,,,,,,,,,,,,,,,,,,,,,,,,,,,,,,,,,,,,,,,,,,15-35,,,,
fruit_data_merged,,,133,,,,,,,,中,福建:2月-5月,,,,,,,,,,,,,,11月-12月,"1,4,11,12",,4,10月-12月,,,,,,,,,,,,,,,,,,,,,,,,,,,,,,,,,,,,,,,,,,,,,,,,两性花,,20-30,,,,,,,,,枇杷,Loquat,Eriobotrya japonica,,,,,,,,,,,,,,,,,,,,,,,,,,,,,,,,,,,,,,,,蜜蜂科(蜜蜂属)—中蜂较意蜂更适应低温,浙江、江苏、福建、安徽、湖北,,,,,,,,,,,,,,18-22,,,福建,,,,稳定,,,,,,,,,,,,,,,,,,,,,昆虫授粉,,,,,,,,,,,,,,,,,中高(1省),,,,,,,,5-10,,,,,,,,,,,,,,,,,,,,,,,,,,,,多数品种自交结实，但昆虫授粉可提高产量,,,,,,,,,,,,,,,,,,,,,,,,,,,,,,,,,,,,,,,,,,,,,,,,国家统计局,,,,,,2022,10-25,,,,
fruit_data_merged,,,133,0.00,,,,,,,中,福建:2月-5月,,,,,,,,,,,,,,11月-12月,"1,4,11,12",,4,10月-12月,,,,,,,,,,,,,,,,,,,,,,,,,,,,,,,,,,,,,,,,,,,,,,,,两性花,,20-30,,,,,,,,,枇杷,Loquat,Eriobotrya japonica,,,,,,,,,,,,,,,,,,,,,,,,,,,,,,,,,,,,,,,,蜜蜂科(蜜蜂属)—中蜂较意蜂更适应低温,浙江、江苏、福建、安徽、湖北,,,,,,,,,,,,,,18-22,,,福建,,,80.00,,,,,,,,,,,,,,,,,,,,,,昆虫授粉,,,,,,,,,,,,,,,,,中高(1省),,,,,,,,5-10,,,,,,,,,,,,,,,,,,,,,,,,,,,,多数品种自交结实，但昆虫授粉可提高产量,,,,,,,,,,,,,,,,,,,,,,,,,,,,,,,,,,,,,,,,,,,,,,,,稳定,,,,,,2023,10-25,,,,
fruit_data_merged,,,133,0.00,,,,,,,中,福建:2月-5月,,,,,,,,,,,,,,11月-12月,"1,4,11,12",,4,10月-12月,,,,,,,,,,,,,,,,,,,,,,,,,,,,,,,,,,,,,,,,,,,,,,,,两性花,,20-30,,,,,,,,,枇杷,Loquat,Eriobotrya japonica,,,,,,,,,,,,,,,,,,,,,,,,,,,,,,,,,,,,,,,,蜜蜂科(蜜蜂属)—中蜂较意蜂更适应低温,浙江、江苏、福建、安徽、湖北,,,,,,,,,,,,,,18-22,,,福建,,,82.00,2.50,,,,,,,,,,,,,,,,,,,,,昆虫授粉,,,,,,,,,,,,,,,,,中高(1省),,,,,,,,5-10,,,,,,,,,,,,,,,,,,,,,,,,,,,,多数品种自交结实，但昆虫授粉可提高产量,,,,,,,,,,,,,,,,,,,,,,,,,,,,,,,,,,,,,,,,,,,,,,,,稳定,,,,,,2024,10-25,,,,
fruit_data_merged,,,2000,,,,,,,,中高,山东:3月中旬-5月; 陕西:4月上旬-5月; 河北:3月下旬-5月; 山西:4月-5月; 河南:3月下旬-5月; 新疆:4月下旬-6月,,,,,,,,,,,,,,5月-6月,"5,6,7",6月-7月,6,4月下旬-5月,,,,,,,,,,,,,,,,,,,,,,,,,,,,,,,,,,,,,,,,,,,,,,,,两性花,,30-40,,,,,,,,,枣,Jujube,Ziziphus jujuba,,,,,,,,,,,,,,,,,,,,,,,,,,,,,,,,,,,,,,,,蜜蜂科(蜜蜂属)、蝇类,新疆、河北、山东、山西、陕西,,,,,,,,,,,,,,26-32,,,"山东, 山西, 新疆, 河北, 河南, 陕西",,,,稳定,,,,,,,,,,,,,,,,,,,,,虫媒+风媒,,,,,,,,,,,,,,,,,"极高(2省), 高(2省), 中高(1省), 中(1省)",,,,,,,,3-8,,,,,,,,,,,,,,,,,,,,,,,,,,,,多数品种可自花结实，但虫媒提高产量,,,,,,,,,,,,,,,,,,,,,,,,,,,,,,,,,,,,,,,,,,,,,,,,国家统计局,,,,,,2022,15-30,,,,
fruit_data_merged,,,2000,0.00,,,,,,,中高,山东:3月中旬-5月; 陕西:4月上旬-5月; 河北:3月下旬-5月; 山西:4月-5月; 河南:3月下旬-5月; 新疆:4月下旬-6月,,,,,,,,,,,,,,5月-6月,"5,6,7",6月-7月,6,4月下旬-5月,,,,,,,,,,,,,,,,,,,,,,,,,,,,,,,,,,,,,,,,,,,,,,,,两性花,,30-40,,,,,,,,,枣,Jujube,Ziziphus jujuba,,,,,,,,,,,,,,,,,,,,,,,,,,,,,,,,,,,,,,,,蜜蜂科(蜜蜂属)、蝇类,新疆、河北、山东、山西、陕西,,,,,,,,,,,,,,26-32,,,"山东, 山西, 新疆, 河北, 河南, 陕西",,,734.00,,,,,,,,,,,,,,,,,,,,,,虫媒+风媒,,,,,,,,,,,,,,,,,"极高(2省), 高(2省), 中高(1省), 中(1省)",,,,,,,,3-8,,,,,,,,,,,,,,,,,,,,,,,,,,,,多数品种可自花结实，但虫媒提高产量,,,,,,,,,,,,,,,,,,,,,,,,,,,,,,,,,,,,,,,,,,,,,,,,稳定,,,,,,2023,15-30,,,,
fruit_data_merged,,,2000,0.00,,,,,,,中高,山东:3月中旬-5月; 陕西:4月上旬-5月; 河北:3月下旬-5月; 山西:4月-5月; 河南:3月下旬-5月; 新疆:4月下旬-6月,,,,,,,,,,,,,,5月-6月,"5,6,7",6月-7月,6,4月下旬-5月,,,,,,,,,,,,,,,,,,,,,,,,,,,,,,,,,,,,,,,,,,,,,,,,两性花,,30-40,,,,,,,,,枣,Jujube,Ziziphus jujuba,,,,,,,,,,,,,,,,,,,,,,,,,,,,,,,,,,,,,,,,蜜蜂科(蜜蜂属)、蝇类,新疆、河北、山东、山西、陕西,,,,,,,,,,,,,,26-32,,,"山东, 山西, 新疆, 河北, 河南, 陕西",,,740.00,0.82,,,,,,,,,,,,,,,,,,,,,虫媒+风媒,,,,,,,,,,,,,,,,,"极高(2省), 高(2省), 中高(1省), 中(1省)",,,,,,,,3-8,,,,,,,,,,,,,,,,,,,,,,,,,,,,多数品种可自花结实，但虫媒提高产量,,,,,,,,,,,,,,,,,,,,,,,,,,,,,,,,,,,,,,,,,,,,,,,,稳定,,,,,,2024,15-30,,,,
fruit_data_merged,,,3033,,,,,,,,中低,四川:3月-5月; 广西:2月-5月; 广东:2月-4月; 福建:2月-5月; 湖南:3月-5月; 湖北:3月-5月; 贵州:3月-5月,,,,,,,,,,,,,,3月-4月,"2,3,4",4月-5月,9,2月-3月,,,,,,,,,,,,,,,,,,,,,,,,,,,,,,,,,,,,,,,,,,,,,,,,两性花,,15-25,,,,,,,,,柑橘,Citrus,Citrus reticulata,,,,,,,,,,,,,,,,,,,,,,,,,,,,,,,,,,,,,,,,蜜蜂科(蜜蜂属),广西、湖南、四川、广东、湖北、江西,,,,,,,,,,,,,,20-24,,,"四川, 广东, 广西, 湖北, 湖南, 福建, 贵州",,,,稳定增长,,,,,,,,,,,,,,,,,,,,,自花授粉/单性结实,,,,,,,,,,,,,,,,,"中高(5省), 高(2省)",,,,,,,,3-8,,,,,,,,,,,,,,,,,,,,,,,,,,,,是（多数品种单性结实或自花授粉）,,,,,,,,,,,,,,,,,,,,,,,,,,,,,,,,,,,,,,,,,,,,,,,,国家统计局,,,,,,2022,5-15,,,,
fruit_data_merged,,,3050,0.56,,,,,,,中低,四川:3月-5月; 广西:2月-5月; 广东:2月-4月; 福建:2月-5月; 湖南:3月-5月; 湖北:3月-5月; 贵州:3月-5月,,,,,,,,,,,,,,3月-4月,"2,3,4",4月-5月,9,2月-3月,,,,,,,,,,,,,,,,,,,,,,,,,,,,,,,,,,,,,,,,,,,,,,,,两性花,,15-25,,,,,,,,,柑橘,Citrus,Citrus reticulata,,,,,,,,,,,,,,,,,,,,,,,,,,,,,,,,,,,,,,,,蜜蜂科(蜜蜂属),广西、湖南、四川、广东、湖北、江西,,,,,,,,,,,,,,20-24,,,"四川, 广东, 广西, 湖北, 湖南, 福建, 贵州",,,6003.00,,,,,,,,,,,,,,,,,,,,,,自花授粉/单性结实,,,,,,,,,,,,,,,,,"中高(5省), 高(2省)",,,,,,,,3-8,,,,,,,,,,,,,,,,,,,,,,,,,,,,是（多数品种单性结实或自花授粉）,,,,,,,,,,,,,,,,,,,,,,,,,,,,,,,,,,,,,,,,,,,,,,,,稳定增长,,,,,,2023,5-15,,,,
fruit_data_merged,,,3080,0.98,,,,,,,中低,四川:3月-5月; 广西:2月-5月; 广东:2月-4月; 福建:2月-5月; 湖南:3月-5月; 湖北:3月-5月; 贵州:3月-5月,,,,,,,,,,,,,,3月-4月,"2,3,4",4月-5月,9,2月-3月,,,,,,,,,,,,,,,,,,,,,,,,,,,,,,,,,,,,,,,,,,,,,,,,两性花,,15-25,,,,,,,,,柑橘,Citrus,Citrus reticulata,,,,,,,,,,,,,,,,,,,,,,,,,,,,,,,,,,,,,,,,蜜蜂科(蜜蜂属),广西、湖南、四川、广东、湖北、江西,,,,,,,,,,,,,,20-24,,,"四川, 广东, 广西, 湖北, 湖南, 福建, 贵州",,,6791.49,13.14,,,,,,,,,,,,,,,,,,,,,自花授粉/单性结实,,,,,,,,,,,,,,,,,"中高(5省), 高(2省)",,,,,,,,3-8,,,,,,,,,,,,,,,,,,,,,,,,,,,,是（多数品种单性结实或自花授粉）,,,,,,,,,,,,,,,,,,,,,,,,,,,,,,,,,,,,,,,,,,,,,,,,稳定增长,,,,,,2024,5-15,,,,
fruit_data_merged,,,1006,,,,,,,,中,陕西:4月上旬-5月; 河北:3月下旬-5月; 广西:2月-5月,,,,,,,,,,,,,,5月上旬-5月下旬,"4,5",5月中旬-6月上旬,1,4月-5月,,,,,,,,,,,,,,,,,,,,,,,,,,,,,,,,,,,,,,,,,,,,,,,,雌雄异株(部分品种雌雄同株),,10-15,,,,,,,,,柿子,Persimmon,Diospyros kaki,,,,,,,,,,,,,,,,,,,,,,,,,,,,,,,,,,,,,,,,蜜蜂科(蜜蜂属)、风媒,广西、河北、河南、陕西、山东,,,,,,,,,,,,,,20-26,,,"广西, 河北, 陕西",,,,稳定增长,,,,,,,,,,,,,,,,,,,,,虫媒+单性结实,,,,,,,,,,,,,,,,,"高(2省), 极高(1省)",,,,,,,,3-8,,,,,,,,,,,,,,,,,,,,,,,,,,,,部分品种单性结实，有籽品种需授粉,,,,,,,,,,,,,,,,,,,,,,,,,,,,,,,,,,,,,,,,,,,,,,,,国家统计局,,,,,,2022,10-20,,,,
fruit_data_merged,,,1010,0.40,,,,,,,中,陕西:4月上旬-5月; 河北:3月下旬-5月; 广西:2月-5月,,,,,,,,,,,,,,5月上旬-5月下旬,"4,5",5月中旬-6月上旬,1,4月-5月,,,,,,,,,,,,,,,,,,,,,,,,,,,,,,,,,,,,,,,,,,,,,,,,雌雄异株(部分品种雌雄同株),,10-15,,,,,,,,,柿子,Persimmon,Diospyros kaki,,,,,,,,,,,,,,,,,,,,,,,,,,,,,,,,,,,,,,,,蜜蜂科(蜜蜂属)、风媒,广西、河北、河南、陕西、山东,,,,,,,,,,,,,,20-26,,,"广西, 河北, 陕西",,,405.00,,,,,,,,,,,,,,,,,,,,,,虫媒+单性结实,,,,,,,,,,,,,,,,,"高(2省), 极高(1省)",,,,,,,,3-8,,,,,,,,,,,,,,,,,,,,,,,,,,,,部分品种单性结实，有籽品种需授粉,,,,,,,,,,,,,,,,,,,,,,,,,,,,,,,,,,,,,,,,,,,,,,,,稳定增长,,,,,,2023,10-20,,,,
fruit_data_merged,,,1010,0.00,,,,,,,中,陕西:4月上旬-5月; 河北:3月下旬-5月; 广西:2月-5月,,,,,,,,,,,,,,5月上旬-5月下旬,"4,5",5月中旬-6月上旬,1,4月-5月,,,,,,,,,,,,,,,,,,,,,,,,,,,,,,,,,,,,,,,,,,,,,,,,雌雄异株(部分品种雌雄同株),,10-15,,,,,,,,,柿子,Persimmon,Diospyros kaki,,,,,,,,,,,,,,,,,,,,,,,,,,,,,,,,,,,,,,,,蜜蜂科(蜜蜂属)、风媒,广西、河北、河南、陕西、山东,,,,,,,,,,,,,,20-26,,,"广西, 河北, 陕西",,,410.00,1.23,,,,,,,,,,,,,,,,,,,,,虫媒+单性结实,,,,,,,,,,,,,,,,,"高(2省), 极高(1省)",,,,,,,,3-8,,,,,,,,,,,,,,,,,,,,,,,,,,,,部分品种单性结实，有籽品种需授粉,,,,,,,,,,,,,,,,,,,,,,,,,,,,,,,,,,,,,,,,,,,,,,,,稳定增长,,,,,,2024,10-20,,,,
fruit_data_merged,,,840,,,,,,,,中低,山东:3月中旬-5月; 河北:3月下旬-5月; 山西:4月-5月; 河南:3月下旬-5月; 四川:3月-5月; 湖南:3月-5月; 湖北:3月-5月; 云南:2月-5月; 安徽:3月-5月,,,,,,,,,,,,,,3月中旬-4月上旬,"2,3,4,5",4月上旬-4月下旬,14,2月中旬-3月中旬,,,,,,,,,,,,,,,,,,,,,,,,,,,,,,,,,,,,,,,,,,,,,,,,两性花,,10-15,,,,,,,,,桃,Peach,Prunus persica,,,,,,,,,,,,,,,,,,,,,,,,,,,,,,,,,,,,,,,,蜜蜂科(蜜蜂属)、壁蜂属,山东、河南、河北、湖北、四川,,,,,,,,,,,,,,18-25,,,"云南, 四川, 安徽, 山东, 山西, 河北, 河南, 湖北, 湖南",,,,稳定,,,,,,,,,,,,,,,,,,,,,自花授粉为主,,,,,,,,,,,,,,,,,"高(4省), 中高(3省), 极高(1省), 中(1省)",,,,,,,,5-10,,,,,,,,,,,,,,,,,,,,,,,,,,,,是（多数品种自交结实）,,,,,,,,,,,,,,,,,,,,,,,,,,,,,,,,,,,,,,,,,,,,,,,,国家统计局,,,,,,2022,10-25,,,,
fruit_data_merged,,,838,-0.24,,,,,,,中低,山东:3月中旬-5月; 河北:3月下旬-5月; 山西:4月-5月; 河南:3月下旬-5月; 四川:3月-5月; 湖南:3月-5月; 湖北:3月-5月; 云南:2月-5月; 安徽:3月-5月,,,,,,,,,,,,,,3月中旬-4月上旬,"2,3,4,5",4月上旬-4月下旬,14,2月中旬-3月中旬,,,,,,,,,,,,,,,,,,,,,,,,,,,,,,,,,,,,,,,,,,,,,,,,两性花,,10-15,,,,,,,,,桃,Peach,Prunus persica,,,,,,,,,,,,,,,,,,,,,,,,,,,,,,,,,,,,,,,,蜜蜂科(蜜蜂属)、壁蜂属,山东、河南、河北、湖北、四川,,,,,,,,,,,,,,18-25,,,"云南, 四川, 安徽, 山东, 山西, 河北, 河南, 湖北, 湖南",,,1750.00,,,,,,,,,,,,,,,,,,,,,,自花授粉为主,,,,,,,,,,,,,,,,,"高(4省), 中高(3省), 极高(1省), 中(1省)",,,,,,,,5-10,,,,,,,,,,,,,,,,,,,,,,,,,,,,是（多数品种自交结实）,,,,,,,,,,,,,,,,,,,,,,,,,,,,,,,,,,,,,,,,,,,,,,,,稳定,,,,,,2023,10-25,,,,
fruit_data_merged,,,838,0.00,,,,,,,中低,山东:3月中旬-5月; 河北:3月下旬-5月; 山西:4月-5月; 河南:3月下旬-5月; 四川:3月-5月; 湖南:3月-5月; 湖北:3月-5月; 云南:2月-5月; 安徽:3月-5月,,,,,,,,,,,,,,3月中旬-4月上旬,"2,3,4,5",4月上旬-4月下旬,14,2月中旬-3月中旬,,,,,,,,,,,,,,,,,,,,,,,,,,,,,,,,,,,,,,,,,,,,,,,,两性花,,10-15,,,,,,,,,桃,Peach,Prunus persica,,,,,,,,,,,,,,,,,,,,,,,,,,,,,,,,,,,,,,,,蜜蜂科(蜜蜂属)、壁蜂属,山东、河南、河北、湖北、四川,,,,,,,,,,,,,,18-25,,,"云南, 四川, 安徽, 山东, 山西, 河北, 河南, 湖北, 湖南",,,1780.00,1.71,,,,,,,,,,,,,,,,,,,,,自花授粉为主,,,,,,,,,,,,,,,,,"高(4省), 中高(3省), 极高(1省), 中(1省)",,,,,,,,5-10,,,,,,,,,,,,,,,,,,,,,,,,,,,,是（多数品种自交结实）,,,,,,,,,,,,,,,,,,,,,,,,,,,,,,,,,,,,,,,,,,,,,,,,稳定,,,,,,2024,10-25,,,,
fruit_data_merged,,,910,,,,,,,,高,山东:3月中旬-5月; 陕西:4月上旬-5月; 甘肃:4月-5月; 河北:3月下旬-5月; 山西:4月-5月; 河南:3月下旬-5月; 辽宁:4月中旬-5月; 新疆:4月下旬-6月; 四川:3月-5月; 广西:2月-5月; 湖南:3月-5月; 湖北:3月-5月; 江西:3月-4月; 云南:2月-5月; 安徽:3月-5月,,,,,,,,,,,,,,3月下旬-4月中旬,"3,4,5,6",4月中旬-5月上旬,16,2月下旬-3月下旬,,,,,,,,,,,,,,,,,,,,,,,,,,,,,,,,,,,,,,,,,,,,,,,,两性花,,10-20,,,,,,,,,梨,Pear,Pyrus spp.,,,,,,,,,,,,,,,,,,,,,,,,,,,,,,,,,,,,,,,,蜜蜂科(蜜蜂属)、壁蜂属、熊蜂属,河北、辽宁、新疆、四川、河南、山西,,,,,,,,,,,,,,16-25,,,"云南, 四川, 安徽, 山东, 山西, 广西, 新疆, 江西, 河北, 河南, 湖北, 湖南, 甘肃, 辽宁, 陕西",,,,面积略降,,,,,,,,,,,,,,,,,,,,,异花授粉,,,,,,,,,,,,,,,,,"高(6省), 中高(4省), 中(3省), 极高(2省)",,,,,,,,7-12,,,,,,,,,,,,,,,,,,,,,,,,,,,,否（大部分品种自交不实）,,,,,,,,,,,,,,,,,,,,,,,,,,,,,,,,,,,,,,,,,,,,,,,,国家统计局,,,,,,2022,25-60,,,,
fruit_data_merged,,,905,-0.55,,,,,,,高,山东:3月中旬-5月; 陕西:4月上旬-5月; 甘肃:4月-5月; 河北:3月下旬-5月; 山西:4月-5月; 河南:3月下旬-5月; 辽宁:4月中旬-5月; 新疆:4月下旬-6月; 四川:3月-5月; 广西:2月-5月; 湖南:3月-5月; 湖北:3月-5月; 江西:3月-4月; 云南:2月-5月; 安徽:3月-5月,,,,,,,,,,,,,,3月下旬-4月中旬,"3,4,5,6",4月中旬-5月上旬,16,2月下旬-3月下旬,,,,,,,,,,,,,,,,,,,,,,,,,,,,,,,,,,,,,,,,,,,,,,,,两性花,,10-20,,,,,,,,,梨,Pear,Pyrus spp.,,,,,,,,,,,,,,,,,,,,,,,,,,,,,,,,,,,,,,,,蜜蜂科(蜜蜂属)、壁蜂属、熊蜂属,河北、辽宁、新疆、四川、河南、山西,,,,,,,,,,,,,,16-25,,,"云南, 四川, 安徽, 山东, 山西, 广西, 新疆, 江西, 河北, 河南, 湖北, 湖南, 甘肃, 辽宁, 陕西",,,2099.00,,,,,,,,,,,,,,,,,,,,,,异花授粉,,,,,,,,,,,,,,,,,"高(6省), 中高(4省), 中(3省), 极高(2省)",,,,,,,,7-12,,,,,,,,,,,,,,,,,,,,,,,,,,,,否（大部分品种自交不实）,,,,,,,,,,,,,,,,,,,,,,,,,,,,,,,,,,,,,,,,,,,,,,,,面积略降,,,,,,2023,25-60,,,,
fruit_data_merged,,,895,-1.10,,,,,,,高,山东:3月中旬-5月; 陕西:4月上旬-5月; 甘肃:4月-5月; 河北:3月下旬-5月; 山西:4月-5月; 河南:3月下旬-5月; 辽宁:4月中旬-5月; 新疆:4月下旬-6月; 四川:3月-5月; 广西:2月-5月; 湖南:3月-5月; 湖北:3月-5月; 江西:3月-4月; 云南:2月-5月; 安徽:3月-5月,,,,,,,,,,,,,,3月下旬-4月中旬,"3,4,5,6",4月中旬-5月上旬,16,2月下旬-3月下旬,,,,,,,,,,,,,,,,,,,,,,,,,,,,,,,,,,,,,,,,,,,,,,,,两性花,,10-20,,,,,,,,,梨,Pear,Pyrus spp.,,,,,,,,,,,,,,,,,,,,,,,,,,,,,,,,,,,,,,,,蜜蜂科(蜜蜂属)、壁蜂属、熊蜂属,河北、辽宁、新疆、四川、河南、山西,,,,,,,,,,,,,,16-25,,,"云南, 四川, 安徽, 山东, 山西, 广西, 新疆, 江西, 河北, 河南, 湖北, 湖南, 甘肃, 辽宁, 陕西",,,2098.79,-0.01,,,,,,,,,,,,,,,,,,,,,异花授粉,,,,,,,,,,,,,,,,,"高(6省), 中高(4省), 中(3省), 极高(2省)",,,,,,,,7-12,,,,,,,,,,,,,,,,,,,,,,,,,,,,否（大部分品种自交不实）,,,,,,,,,,,,,,,,,,,,,,,,,,,,,,,,,,,,,,,,,,,,,,,,面积略降,,,,,,2024,25-60,,,,
fruit_data_merged,,,280,,,,,,,,极高,陕西:4月上旬-5月; 河南:3月下旬-5月; 四川:3月-5月; 湖南:3月-5月; 湖北:3月-5月; 贵州:3月-5月,,,,,,,,,,,,,,4月中旬-5月上旬,"4,5,6",5月上旬-5月下旬,6,3月下旬-4月中旬,,,,,,,,,,,,,,,,,,,,,,,,,,,,,,,,,,,,,,,,,,,,,,,,雌雄异株,,10-20,,,,,,,,,猕猴桃,Kiwifruit,Actinidia chinensis,,,,,,,,,,,,,,,,,,,,,,,,,,,,,,,,,,,,,,,,蜜蜂科(蜜蜂属)、熊蜂属、切叶蜂科、木蜂属,陕西、四川、贵州、河南、湖南,,,,,,,,,,,,,,20-28,,,"四川, 河南, 湖北, 湖南, 贵州, 陕西",,,,快速增长,,,,,,,,,,,,,,,,,,,,,雌雄异株（昆虫授粉）,,,,,,,,,,,,,,,,,"中高(3省), 高(2省), 极高(1省)",,,,,,,,8-15,,,,,,,,,,,,,,,,,,,,,,,,,,,,否（雌雄异株，依赖昆虫传粉）,,,,,,,,,,,,,,,,,,,,,,,,,,,,,,,,,,,,,,,,,,,,,,,,国家统计局,,,,,,2022,30-60,,,,
fruit_data_merged,,,292,4.29,,,,,,,极高,陕西:4月上旬-5月; 河南:3月下旬-5月; 四川:3月-5月; 湖南:3月-5月; 湖北:3月-5月; 贵州:3月-5月,,,,,,,,,,,,,,4月中旬-5月上旬,"4,5,6",5月上旬-5月下旬,6,3月下旬-4月中旬,,,,,,,,,,,,,,,,,,,,,,,,,,,,,,,,,,,,,,,,,,,,,,,,雌雄异株,,10-20,,,,,,,,,猕猴桃,Kiwifruit,Actinidia chinensis,,,,,,,,,,,,,,,,,,,,,,,,,,,,,,,,,,,,,,,,蜜蜂科(蜜蜂属)、熊蜂属、切叶蜂科、木蜂属,陕西、四川、贵州、河南、湖南,,,,,,,,,,,,,,20-28,,,"四川, 河南, 湖北, 湖南, 贵州, 陕西",,,383.00,,,,,,,,,,,,,,,,,,,,,,雌雄异株（昆虫授粉）,,,,,,,,,,,,,,,,,"中高(3省), 高(2省), 极高(1省)",,,,,,,,8-15,,,,,,,,,,,,,,,,,,,,,,,,,,,,否（雌雄异株，依赖昆虫传粉）,,,,,,,,,,,,,,,,,,,,,,,,,,,,,,,,,,,,,,,,,,,,,,,,快速增长,,,,,,2023,30-60,,,,
fruit_data_merged,,,305,4.45,,,,,,,极高,陕西:4月上旬-5月; 河南:3月下旬-5月; 四川:3月-5月; 湖南:3月-5月; 湖北:3月-5月; 贵州:3月-5月,,,,,,,,,,,,,,4月中旬-5月上旬,"4,5,6",5月上旬-5月下旬,6,3月下旬-4月中旬,,,,,,,,,,,,,,,,,,,,,,,,,,,,,,,,,,,,,,,,,,,,,,,,雌雄异株,,10-20,,,,,,,,,猕猴桃,Kiwifruit,Actinidia chinensis,,,,,,,,,,,,,,,,,,,,,,,,,,,,,,,,,,,,,,,,蜜蜂科(蜜蜂属)、熊蜂属、切叶蜂科、木蜂属,陕西、四川、贵州、河南、湖南,,,,,,,,,,,,,,20-28,,,"四川, 河南, 湖北, 湖南, 贵州, 陕西",,,400.00,4.44,,,,,,,,,,,,,,,,,,,,,雌雄异株（昆虫授粉）,,,,,,,,,,,,,,,,,"中高(3省), 高(2省), 极高(1省)",,,,,,,,8-15,,,,,,,,,,,,,,,,,,,,,,,,,,,,否（雌雄异株，依赖昆虫传粉）,,,,,,,,,,,,,,,,,,,,,,,,,,,,,,,,,,,,,,,,,,,,,,,,快速增长,,,,,,2024,30-60,,,,
fruit_data_merged,,,180,,,,,,,,极高,山东:3月中旬-5月; 甘肃:4月-5月; 辽宁:4月中旬-5月,,,,,,,,,,,,,,3月中旬-4月上旬,"2,3,4",4月上旬-4月下旬,6,2月下旬-3月中旬,,,,,,,,,,,,,,,,,,,,,,,,,,,,,,,,,,,,,,,,,,,,,,,,两性花,,7-14,,,,,,,,,甜樱桃,Sweet Cherry,Prunus avium,,,,,,,,,,,,,,,,,,,,,,,,,,,,,,,,,,,,,,,,蜜蜂科(蜜蜂属)、熊蜂属、壁蜂属,山东（烟台）、辽宁（大连）、陕西、甘肃、新疆、云南,,,,,,,,,,,,,,15-22,,,"山东, 甘肃, 辽宁",,,,快速增长,,,,,,,,,,,,,,,,,,,,,异花授粉,,,,,,,,,,,,,,,,,"极高(1省), 高(1省), 中高(1省)",,,,,,,,10-20,,,,,,,,,,,,,,,,,,,,,,,,,,,,否（绝大部分品种自交不亲和）,,,,,,,,,,,,,,,,,,,,,,,,,,,,,,,,,,,,,,,,,,,,,,,,国家统计局,,,,,,2022,30-80,,,,
fruit_data_merged,,,185,2.78,,,,,,,极高,山东:3月中旬-5月; 甘肃:4月-5月; 辽宁:4月中旬-5月,,,,,,,,,,,,,,3月中旬-4月上旬,"2,3,4",4月上旬-4月下旬,6,2月下旬-3月中旬,,,,,,,,,,,,,,,,,,,,,,,,,,,,,,,,,,,,,,,,,,,,,,,,两性花,,7-14,,,,,,,,,甜樱桃,Sweet Cherry,Prunus avium,,,,,,,,,,,,,,,,,,,,,,,,,,,,,,,,,,,,,,,,蜜蜂科(蜜蜂属)、熊蜂属、壁蜂属,山东（烟台）、辽宁（大连）、陕西、甘肃、新疆、云南,,,,,,,,,,,,,,15-22,,,"山东, 甘肃, 辽宁",,,76.00,,,,,,,,,,,,,,,,,,,,,,异花授粉,,,,,,,,,,,,,,,,,"极高(1省), 高(1省), 中高(1省)",,,,,,,,10-20,,,,,,,,,,,,,,,,,,,,,,,,,,,,否（绝大部分品种自交不亲和）,,,,,,,,,,,,,,,,,,,,,,,,,,,,,,,,,,,,,,,,,,,,,,,,快速增长,,,,,,2023,30-80,,,,
fruit_data_merged,,,190,2.70,,,,,,,极高,山东:3月中旬-5月; 甘肃:4月-5月; 辽宁:4月中旬-5月,,,,,,,,,,,,,,3月中旬-4月上旬,"2,3,4",4月上旬-4月下旬,6,2月下旬-3月中旬,,,,,,,,,,,,,,,,,,,,,,,,,,,,,,,,,,,,,,,,,,,,,,,,两性花,,7-14,,,,,,,,,甜樱桃,Sweet Cherry,Prunus avium,,,,,,,,,,,,,,,,,,,,,,,,,,,,,,,,,,,,,,,,蜜蜂科(蜜蜂属)、熊蜂属、壁蜂属,山东（烟台）、辽宁（大连）、陕西、甘肃、新疆、云南,,,,,,,,,,,,,,15-22,,,"山东, 甘肃, 辽宁",,,80.00,5.26,,,,,,,,,,,,,,,,,,,,,异花授粉,,,,,,,,,,,,,,,,,"极高(1省), 高(1省), 中高(1省)",,,,,,,,10-20,,,,,,,,,,,,,,,,,,,,,,,,,,,,否（绝大部分品种自交不亲和）,,,,,,,,,,,,,,,,,,,,,,,,,,,,,,,,,,,,,,,,,,,,,,,,快速增长,,,,,,2024,30-80,,,,
fruit_data_merged,,,395.5,,,,,,,,中高,,,,,,,,,,,,,,,1月-3月,"1,2,3,4,5,6",2月-4月,6,12月-2月,,,,,,,,,,,,,,,,,,,,,,,,,,,,,,,,,,,,,,,,,,,,,,,,两性花+雄花(圆锥花序),,20-30,,,,,,,,,芒果,Mango,Mangifera indica,,,,,,,,,,,,,,,,,,,,,,,,,,,,,,,,,,,,,,,,蝇类、蜜蜂科(蜜蜂属)、蓟马,海南、广东、广西、云南、四川,,,,,,,,,,,,,,24-30,,,,,,489.90,,,,,,,,,,,,,,,,,,,,,,昆虫授粉（蝇类/蜜蜂）,,,,,,,,,,,,,,,,,,,,,,,,,5-10,,,,,,,,,,,,,,,,,,,,,,,,,,,,多数品种可自花授粉但虫媒提高坐果率,,,,,,,,,,,,,,,,,,,,,,,,,,,,,,,,,,,,,,,,,,,,,,,,快速增长,,,,,,2023,20-40,,,,
fruit_data_merged,,,1929,,,,,,,,高,山东:3月中旬-5月; 陕西:4月上旬-5月; 甘肃:4月-5月; 河北:3月下旬-5月; 山西:4月-5月; 河南:3月下旬-5月; 辽宁:4月中旬-5月; 新疆:4月下旬-6月; 四川:3月-5月; 云南:2月-5月,,,,,,,,,,,,,,4月上旬-4月下旬,"3,4,5,6",4月下旬-5月上旬,9,3月中旬-4月上旬,,,,,,,,,,,,,,,,,,,,,,,,,,,,,,,,,,,,,,,,,,,,,,,,两性花,,7-15,,,,,,,,,苹果,Apple,Malus domestica,,,,,,,,,,,,,,,,,,,,,,,,,,,,,,,,,,,,,,,,蜜蜂科(蜜蜂属)、壁蜂属、熊蜂属,陕西、甘肃、山东、山西、辽宁、河北、河南、新疆,,,,,,,,,,,,,,15-22,,,"云南, 四川, 山东, 山西, 新疆, 河北, 河南, 甘肃, 辽宁, 陕西",,,,面积略降产量上升,,,,,,,,,,,,,,,,,,,,,异花授粉,,,,,,,,,,,,,,,,,"高(5省), 极高(2省), 中高(2省), 中(1省)",,,,,,,,7-15,,,,,,,,,,,,,,,,,,,,,,,,,,,,否（大部分品种自交不亲和）,,,,,,,,,,,,,,,,,,,,,,,,,,,,,,,,,,,,,,,,,,,,,,,,国家统计局,,,,,,2022,20-50,,,,
fruit_data_merged,,,1893,-1.87,,,,,,,高,山东:3月中旬-5月; 陕西:4月上旬-5月; 甘肃:4月-5月; 河北:3月下旬-5月; 山西:4月-5月; 河南:3月下旬-5月; 辽宁:4月中旬-5月; 新疆:4月下旬-6月; 四川:3月-5月; 云南:2月-5月,,,,,,,,,,,,,,4月上旬-4月下旬,"3,4,5,6",4月下旬-5月上旬,9,3月中旬-4月上旬,,,,,,,,,,,,,,,,,,,,,,,,,,,,,,,,,,,,,,,,,,,,,,,,两性花,,7-15,,,,,,,,,苹果,Apple,Malus domestica,,,,,,,,,,,,,,,,,,,,,,,,,,,,,,,,,,,,,,,,蜜蜂科(蜜蜂属)、壁蜂属、熊蜂属,陕西、甘肃、山东、山西、辽宁、河北、河南、新疆,,,,,,,,,,,,,,15-22,,,"云南, 四川, 山东, 山西, 新疆, 河北, 河南, 甘肃, 辽宁, 陕西",,,4960.00,,,,,,,,,,,,,,,,,,,,,,异花授粉,,,,,,,,,,,,,,,,,"高(5省), 极高(2省), 中高(2省), 中(1省)",,,,,,,,7-15,,,,,,,,,,,,,,,,,,,,,,,,,,,,否（大部分品种自交不亲和）,,,,,,,,,,,,,,,,,,,,,,,,,,,,,,,,,,,,,,,,,,,,,,,,面积略降产量上升,,,,,,2023,20-50,,,,
fruit_data_merged,,,1870,-1.21,,,,,,,高,山东:3月中旬-5月; 陕西:4月上旬-5月; 甘肃:4月-5月; 河北:3月下旬-5月; 山西:4月-5月; 河南:3月下旬-5月; 辽宁:4月中旬-5月; 新疆:4月下旬-6月; 四川:3月-5月; 云南:2月-5月,,,,,,,,,,,,,,4月上旬-4月下旬,"3,4,5,6",4月下旬-5月上旬,9,3月中旬-4月上旬,,,,,,,,,,,,,,,,,,,,,,,,,,,,,,,,,,,,,,,,,,,,,,,,两性花,,7-15,,,,,,,,,苹果,Apple,Malus domestica,,,,,,,,,,,,,,,,,,,,,,,,,,,,,,,,,,,,,,,,蜜蜂科(蜜蜂属)、壁蜂属、熊蜂属,陕西、甘肃、山东、山西、辽宁、河北、河南、新疆,,,,,,,,,,,,,,15-22,,,"云南, 四川, 山东, 山西, 新疆, 河北, 河南, 甘肃, 辽宁, 陕西",,,5128.51,3.40,,,,,,,,,,,,,,,,,,,,,异花授粉,,,,,,,,,,,,,,,,,"高(5省), 极高(2省), 中高(2省), 中(1省)",,,,,,,,7-15,,,,,,,,,,,,,,,,,,,,,,,,,,,,否（大部分品种自交不亲和）,,,,,,,,,,,,,,,,,,,,,,,,,,,,,,,,,,,,,,,,,,,,,,,,面积略降产量上升,,,,,,2024,20-50,,,,
fruit_data_merged,,,139.3,,,,,,,,高,,,,,,,,,,,,,,,2月-4月,"1,2,3,4,5,6,7,8,11,12",3月-5月,21,11月-3月,,,,,,,,,,,,,,,,,,,,,,,,,,,,,,,,,,,,,,,,,,,,,,,,两性花,,20-40(花期延续),,,,,,,,,草莓,Strawberry,Fragaria × ananassa,,,,,,,,,,,,,,,,,,,,,,,,,,,,,,,,,,,,,,,,蜜蜂科(蜜蜂属)、熊蜂属（熊蜂更适合大棚环境）,江苏、山东、安徽、辽宁、河北、云南,,,,,,,,,,,,,,15-22,,,,,,371.51,,,,,,,,,,,,,,,,,,,,,,虫媒授粉,,,,,,,,,,,,,,,,,,,,,,,,,8-15,,,,,,,,,,,,,,,,,,,,,,,,,,,,多数品种自花可育但虫媒显著提高产量,,,,,,,,,,,,,,,,,,,,,,,,,,,,,,,,,,,,,,,,,,,,,,,,快速增长,,,,,,2021,20-50,,,,
fruit_data_merged,,,147.5,5.86,,,,,,,高,,,,,,,,,,,,,,,2月-4月,"1,2,3,4,5,6,7,8,11,12",3月-5月,21,11月-3月,,,,,,,,,,,,,,,,,,,,,,,,,,,,,,,,,,,,,,,,,,,,,,,,两性花,,20-40(花期延续),,,,,,,,,草莓,Strawberry,Fragaria × ananassa,,,,,,,,,,,,,,,,,,,,,,,,,,,,,,,,,,,,,,,,蜜蜂科(蜜蜂属)、熊蜂属（熊蜂更适合大棚环境）,江苏、山东、安徽、辽宁、河北、云南,,,,,,,,,,,,,,15-22,,,,,,398.16,7.17,,,,,,,,,,,,,,,,,,,,,虫媒授粉,,,,,,,,,,,,,,,,,,,,,,,,,8-15,,,,,,,,,,,,,,,,,,,,,,,,,,,,多数品种自花可育但虫媒显著提高产量,,,,,,,,,,,,,,,,,,,,,,,,,,,,,,,,,,,,,,,,,,,,,,,,快速增长,,,,,,2022,20-50,,,,
fruit_data_merged,,,156.3,5.97,,,,,,,高,,,,,,,,,,,,,,,2月-4月,"1,2,3,4,5,6,7,8,11,12",3月-5月,21,11月-3月,,,,,,,,,,,,,,,,,,,,,,,,,,,,,,,,,,,,,,,,,,,,,,,,两性花,,20-40(花期延续),,,,,,,,,草莓,Strawberry,Fragaria × ananassa,,,,,,,,,,,,,,,,,,,,,,,,,,,,,,,,,,,,,,,,蜜蜂科(蜜蜂属)、熊蜂属（熊蜂更适合大棚环境）,江苏、山东、安徽、辽宁、河北、云南,,,,,,,,,,,,,,15-22,,,,,,400.00,0.46,,,,,,,,,,,,,,,,,,,,,虫媒授粉,,,,,,,,,,,,,,,,,,,,,,,,,8-15,,,,,,,,,,,,,,,,,,,,,,,,,,,,多数品种自花可育但虫媒显著提高产量,,,,,,,,,,,,,,,,,,,,,,,,,,,,,,,,,,,,,,,,,,,,,,,,快速增长,,,,,,2023,20-50,,,,
fruit_data_merged,,,533,,,,,,,,高,广西:2月-5月; 广东:2月-4月; 福建:2月-5月,,,,,,,,,,,,,,2月-4月,"1,2,3,4",,4,1月下旬-3月,,,,,,,,,,,,,,,,,,,,,,,,,,,,,,,,,,,,,,,,,,,,,,,,雌雄同穗异熟,,20-35,,,,,,,,,荔枝,Lychee,Litchi chinensis,,,,,,,,,,,,,,,,,,,,,,,,,,,,,,,,,,,,,,,,蜜蜂科(蜜蜂属)、蝇类,广东、广西、海南、福建,,,,,,,,,,,,,,20-28,,,"广东, 广西, 福建",,,,稳定,,,,,,,,,,,,,,,,,,,,,昆虫授粉,,,,,,,,,,,,,,,,,"中高(2省), 高(1省)",,,,,,,,5-10,,,,,,,,,,,,,,,,,,,,,,,,,,,,雌雄同穗异熟，依赖昆虫传粉,,,,,,,,,,,,,,,,,,,,,,,,,,,,,,,,,,,,,,,,,,,,,,,,国家统计局,,,,,,2022,20-40,,,,
fruit_data_merged,,,535,0.38,,,,,,,高,广西:2月-5月; 广东:2月-4月; 福建:2月-5月,,,,,,,,,,,,,,2月-4月,"1,2,3,4",,4,1月下旬-3月,,,,,,,,,,,,,,,,,,,,,,,,,,,,,,,,,,,,,,,,,,,,,,,,雌雄同穗异熟,,20-35,,,,,,,,,荔枝,Lychee,Litchi chinensis,,,,,,,,,,,,,,,,,,,,,,,,,,,,,,,,,,,,,,,,蜜蜂科(蜜蜂属)、蝇类,广东、广西、海南、福建,,,,,,,,,,,,,,20-28,,,"广东, 广西, 福建",,,300.00,,,,,,,,,,,,,,,,,,,,,,昆虫授粉,,,,,,,,,,,,,,,,,"中高(2省), 高(1省)",,,,,,,,5-10,,,,,,,,,,,,,,,,,,,,,,,,,,,,雌雄同穗异熟，依赖昆虫传粉,,,,,,,,,,,,,,,,,,,,,,,,,,,,,,,,,,,,,,,,,,,,,,,,稳定,,,,,,2023,20-40,,,,
fruit_data_merged,,,535,0.00,,,,,,,高,广西:2月-5月; 广东:2月-4月; 福建:2月-5月,,,,,,,,,,,,,,2月-4月,"1,2,3,4",,4,1月下旬-3月,,,,,,,,,,,,,,,,,,,,,,,,,,,,,,,,,,,,,,,,,,,,,,,,雌雄同穗异熟,,20-35,,,,,,,,,荔枝,Lychee,Litchi chinensis,,,,,,,,,,,,,,,,,,,,,,,,,,,,,,,,,,,,,,,,蜜蜂科(蜜蜂属)、蝇类,广东、广西、海南、福建,,,,,,,,,,,,,,20-28,,,"广东, 广西, 福建",,,310.00,3.33,,,,,,,,,,,,,,,,,,,,,昆虫授粉,,,,,,,,,,,,,,,,,"中高(2省), 高(1省)",,,,,,,,5-10,,,,,,,,,,,,,,,,,,,,,,,,,,,,雌雄同穗异熟，依赖昆虫传粉,,,,,,,,,,,,,,,,,,,,,,,,,,,,,,,,,,,,,,,,,,,,,,,,稳定,,,,,,2024,20-40,,,,
fruit_data_merged,,,66.7,,,,,,,,低,,,,,,,,,,,,,,,3月-5月,"2,3,4,5,7,8",4月-6月,5,2月-4月,,,,,,,,,,,,,,,,,,,,,,,,,,,,,,,,,,,,,,,,,,,,,,,,两性花(聚花果),,10-20,,,,,,,,,菠萝,Pineapple,Ananas comosus,,,,,,,,,,,,,,,,,,,,,,,,,,,,,,,,,,,,,,,,蜂鸟、蜜蜂科（商业栽培单性结实不需授粉）,广东、海南、云南、广西,,,,,,,,,,,,,,25-32,,,,,,209.40,,,,,,,,,,,,,,,,,,,,,,单性结实（自花授粉）,,,,,,,,,,,,,,,,,,,,,,,,,0-3,,,,,,,,,,,,,,,,,,,,,,,,,,,,是（多数品种单性结实）,,,,,,,,,,,,,,,,,,,,,,,,,,,,,,,,,,,,,,,,,,,,,,,,稳定,,,,,,2023,0-5,,,,
fruit_data_merged,,,763,,,,,,,,低,山东:3月中旬-5月; 河北:3月下旬-5月; 河南:3月下旬-5月; 辽宁:4月中旬-5月; 新疆:4月下旬-6月; 云南:2月-5月; 安徽:3月-5月,,,,,,,,,,,,,,5月-6月,"5,6",5月下旬-6月,1,4月-5月,,,,,,,,,,,,,,,,,,,,,,,,,,,,,,,,,,,,,,,,,,,,,,,,两性花,,7-14,,,,,,,,,葡萄,Grape,Vitis vinifera,,,,,,,,,,,,,,,,,,,,,,,,,,,,,,,,,,,,,,,,风媒为主、蜜蜂科(蜜蜂属)辅助,新疆、河北、山东、云南、河南,,,,,,,,,,,,,,25-30,,,"云南, 安徽, 山东, 新疆, 河北, 河南, 辽宁",,,,面积略降,,,,,,,,,,,,,,,,,,,,,风媒/自花授粉,,,,,,,,,,,,,,,,,"高(3省), 中(2省), 极高(1省), 中高(1省)",,,,,,,,3-5,,,,,,,,,,,,,,,,,,,,,,,,,,,,是（多数品种两性花风媒自交）,,,,,,,,,,,,,,,,,,,,,,,,,,,,,,,,,,,,,,,,,,,,,,,,国家统计局,,,,,,2022,5-10,,,,
fruit_data_merged,,,755,-1.05,,,,,,,低,山东:3月中旬-5月; 河北:3月下旬-5月; 河南:3月下旬-5月; 辽宁:4月中旬-5月; 新疆:4月下旬-6月; 云南:2月-5月; 安徽:3月-5月,,,,,,,,,,,,,,5月-6月,"5,6",5月下旬-6月,1,4月-5月,,,,,,,,,,,,,,,,,,,,,,,,,,,,,,,,,,,,,,,,,,,,,,,,两性花,,7-14,,,,,,,,,葡萄,Grape,Vitis vinifera,,,,,,,,,,,,,,,,,,,,,,,,,,,,,,,,,,,,,,,,风媒为主、蜜蜂科(蜜蜂属)辅助,新疆、河北、山东、云南、河南,,,,,,,,,,,,,,25-30,,,"云南, 安徽, 山东, 新疆, 河北, 河南, 辽宁",,,1505.00,,,,,,,,,,,,,,,,,,,,,,风媒/自花授粉,,,,,,,,,,,,,,,,,"高(3省), 中(2省), 极高(1省), 中高(1省)",,,,,,,,3-5,,,,,,,,,,,,,,,,,,,,,,,,,,,,是（多数品种两性花风媒自交）,,,,,,,,,,,,,,,,,,,,,,,,,,,,,,,,,,,,,,,,,,,,,,,,面积略降,,,,,,2023,5-10,,,,
fruit_data_merged,,,748,-0.93,,,,,,,低,山东:3月中旬-5月; 河北:3月下旬-5月; 河南:3月下旬-5月; 辽宁:4月中旬-5月; 新疆:4月下旬-6月; 云南:2月-5月; 安徽:3月-5月,,,,,,,,,,,,,,5月-6月,"5,6",5月下旬-6月,1,4月-5月,,,,,,,,,,,,,,,,,,,,,,,,,,,,,,,,,,,,,,,,,,,,,,,,两性花,,7-14,,,,,,,,,葡萄,Grape,Vitis vinifera,,,,,,,,,,,,,,,,,,,,,,,,,,,,,,,,,,,,,,,,风媒为主、蜜蜂科(蜜蜂属)辅助,新疆、河北、山东、云南、河南,,,,,,,,,,,,,,25-30,,,"云南, 安徽, 山东, 新疆, 河北, 河南, 辽宁",,,1520.00,1.00,,,,,,,,,,,,,,,,,,,,,风媒/自花授粉,,,,,,,,,,,,,,,,,"高(3省), 中(2省), 极高(1省), 中高(1省)",,,,,,,,3-5,,,,,,,,,,,,,,,,,,,,,,,,,,,,是（多数品种两性花风媒自交）,,,,,,,,,,,,,,,,,,,,,,,,,,,,,,,,,,,,,,,,,,,,,,,,面积略降,,,,,,2024,5-10,,,,
fruit_data_merged,,,66,,,,,,,,极高,云南:2月-5月; 贵州:3月-5月; 安徽:3月-5月,,,,,,,,,,,,,,3月-4月,"2,3,4,5",4月-5月,3,2月-3月,,,,,,,,,,,,,,,,,,,,,,,,,,,,,,,,,,,,,,,,,,,,,,,,两性花,,15-25,,,,,,,,,蓝莓,Blueberry,Vaccinium spp.,,,,,,,,,,,,,,,,,,,,,,,,,,,,,,,,,,,,,,,,蜜蜂科(蜜蜂属)、熊蜂属、木蜂属、壁蜂属,贵州、山东、辽宁、云南、安徽,,,,,,,,,,,,,,18-25,,,"云南, 安徽, 贵州",,,,快速增长,,,,,,,,,,,,,,,,,,,,,昆虫授粉,,,,,,,,,,,,,,,,,"高(1省), 中高(1省), 中(1省)",,,,,,,,10-20,,,,,,,,,,,,,,,,,,,,,,,,,,,,多数品种自交不亲和，依赖蜜蜂传粉,,,,,,,,,,,,,,,,,,,,,,,,,,,,,,,,,,,,,,,,,,,,,,,,国家统计局,,,,,,2022,40-80,,,,
fruit_data_merged,,,78,18.18,,,,,,,极高,云南:2月-5月; 贵州:3月-5月; 安徽:3月-5月,,,,,,,,,,,,,,3月-4月,"2,3,4,5",4月-5月,3,2月-3月,,,,,,,,,,,,,,,,,,,,,,,,,,,,,,,,,,,,,,,,,,,,,,,,两性花,,15-25,,,,,,,,,蓝莓,Blueberry,Vaccinium spp.,,,,,,,,,,,,,,,,,,,,,,,,,,,,,,,,,,,,,,,,蜜蜂科(蜜蜂属)、熊蜂属、木蜂属、壁蜂属,贵州、山东、辽宁、云南、安徽,,,,,,,,,,,,,,18-25,,,"云南, 安徽, 贵州",,,55.00,,,,,,,,,,,,,,,,,,,,,,昆虫授粉,,,,,,,,,,,,,,,,,"高(1省), 中高(1省), 中(1省)",,,,,,,,10-20,,,,,,,,,,,,,,,,,,,,,,,,,,,,多数品种自交不亲和，依赖蜜蜂传粉,,,,,,,,,,,,,,,,,,,,,,,,,,,,,,,,,,,,,,,,,,,,,,,,快速增长,,,,,,2023,40-80,,,,
fruit_data_merged,,,90,15.38,,,,,,,极高,云南:2月-5月; 贵州:3月-5月; 安徽:3月-5月,,,,,,,,,,,,,,3月-4月,"2,3,4,5",4月-5月,3,2月-3月,,,,,,,,,,,,,,,,,,,,,,,,,,,,,,,,,,,,,,,,,,,,,,,,两性花,,15-25,,,,,,,,,蓝莓,Blueberry,Vaccinium spp.,,,,,,,,,,,,,,,,,,,,,,,,,,,,,,,,,,,,,,,,蜜蜂科(蜜蜂属)、熊蜂属、木蜂属、壁蜂属,贵州、山东、辽宁、云南、安徽,,,,,,,,,,,,,,18-25,,,"云南, 安徽, 贵州",,,65.00,18.18,,,,,,,,,,,,,,,,,,,,,昆虫授粉,,,,,,,,,,,,,,,,,"高(1省), 中高(1省), 中(1省)",,,,,,,,10-20,,,,,,,,,,,,,,,,,,,,,,,,,,,,多数品种自交不亲和，依赖蜜蜂传粉,,,,,,,,,,,,,,,,,,,,,,,,,,,,,,,,,,,,,,,,,,,,,,,,快速增长,,,,,,2024,40-80,,,,
fruit_data_merged,,,360.1,,,,,,,,极低,广东:2月-4月,,,,,,,,,,,,,,全年开花,"2,3,4,5,6,7,8,9",,5,,,,,,,,,,,,,,,,,,,,,,,,,,,,,,,,,,,,,,,,,,,,,,,,,雌雄同株,,全年开花,,,,,,,,,香蕉,Banana,Musa spp.,,,,,,,,,,,,,,,,,,,,,,,,,,,,,,,,,,,,,,,,蝙蝠、鸟类（商业栽培单性结实不需授粉）,广东、海南、云南、广西、福建,,,,,,,,,,,,,,25-30,,,广东,,,,面积略降产量稳定,,,,,,,,,,,,,,,,,,,,,单性结实（不需授粉）,,,,,,,,,,,,,,,,,中高(1省),,,,,,,,0-2,,,,,,,,,,,,,,,,,,,,,,,,,,,,是（商业品种单性结实）,,,,,,,,,,,,,,,,,,,,,,,,,,,,,,,,,,,,,,,,,,,,,,,,国家统计局,,,,,,2021,0-5,,,,
fruit_data_merged,,,336.7,-6.50,,,,,,,极低,广东:2月-4月,,,,,,,,,,,,,,全年开花,"2,3,4,5,6,7,8,9",,5,,,,,,,,,,,,,,,,,,,,,,,,,,,,,,,,,,,,,,,,,,,,,,,,,雌雄同株,,全年开花,,,,,,,,,香蕉,Banana,Musa spp.,,,,,,,,,,,,,,,,,,,,,,,,,,,,,,,,,,,,,,,,蝙蝠、鸟类（商业栽培单性结实不需授粉）,广东、海南、云南、广西、福建,,,,,,,,,,,,,,25-30,,,广东,,,1177.68,,,,,,,,,,,,,,,,,,,,,,单性结实（不需授粉）,,,,,,,,,,,,,,,,,中高(1省),,,,,,,,0-2,,,,,,,,,,,,,,,,,,,,,,,,,,,,是（商业品种单性结实）,,,,,,,,,,,,,,,,,,,,,,,,,,,,,,,,,,,,,,,,,,,,,,,,面积略降产量稳定,,,,,,2022,0-5,,,,
fruit_data_merged,,,333.3,-1.01,,,,,,,极低,广东:2月-4月,,,,,,,,,,,,,,全年开花,"2,3,4,5,6,7,8,9",,5,,,,,,,,,,,,,,,,,,,,,,,,,,,,,,,,,,,,,,,,,,,,,,,,,雌雄同株,,全年开花,,,,,,,,,香蕉,Banana,Musa spp.,,,,,,,,,,,,,,,,,,,,,,,,,,,,,,,,,,,,,,,,蝙蝠、鸟类（商业栽培单性结实不需授粉）,广东、海南、云南、广西、福建,,,,,,,,,,,,,,25-30,,,广东,,,1180.00,0.20,,,,,,,,,,,,,,,,,,,,,单性结实（不需授粉）,,,,,,,,,,,,,,,,,中高(1省),,,,,,,,0-2,,,,,,,,,,,,,,,,,,,,,,,,,,,,是（商业品种单性结实）,,,,,,,,,,,,,,,,,,,,,,,,,,,,,,,,,,,,,,,,,,,,,,,,面积略降产量稳定,,,,,,2023,0-5,,,,
fruit_data_merged,,,400,,,,,,,,高,广西:2月-5月; 广东:2月-4月; 福建:2月-5月,,,,,,,,,,,,,,4月-5月,"3,4",,4,3月中旬-4月,,,,,,,,,,,,,,,,,,,,,,,,,,,,,,,,,,,,,,,,,,,,,,,,雌雄同穗异熟,,25-40,,,,,,,,,龙眼,Longan,Dimocarpus longan,,,,,,,,,,,,,,,,,,,,,,,,,,,,,,,,,,,,,,,,蜜蜂科(蜜蜂属),广东、广西、福建、海南,,,,,,,,,,,,,,24-28,,,"广东, 广西, 福建",,,,稳定,,,,,,,,,,,,,,,,,,,,,昆虫授粉,,,,,,,,,,,,,,,,,"中高(2省), 高(1省)",,,,,,,,5-10,,,,,,,,,,,,,,,,,,,,,,,,,,,,雌雄同穗异熟，依赖昆虫传粉,,,,,,,,,,,,,,,,,,,,,,,,,,,,,,,,,,,,,,,,,,,,,,,,国家统计局,,,,,,2022,20-35,,,,
fruit_data_merged,,,400,0.00,,,,,,,高,广西:2月-5月; 广东:2月-4月; 福建:2月-5月,,,,,,,,,,,,,,4月-5月,"3,4",,4,3月中旬-4月,,,,,,,,,,,,,,,,,,,,,,,,,,,,,,,,,,,,,,,,,,,,,,,,雌雄同穗异熟,,25-40,,,,,,,,,龙眼,Longan,Dimocarpus longan,,,,,,,,,,,,,,,,,,,,,,,,,,,,,,,,,,,,,,,,蜜蜂科(蜜蜂属),广东、广西、福建、海南,,,,,,,,,,,,,,24-28,,,"广东, 广西, 福建",,,200.00,,,,,,,,,,,,,,,,,,,,,,昆虫授粉,,,,,,,,,,,,,,,,,"中高(2省), 高(1省)",,,,,,,,5-10,,,,,,,,,,,,,,,,,,,,,,,,,,,,雌雄同穗异熟，依赖昆虫传粉,,,,,,,,,,,,,,,,,,,,,,,,,,,,,,,,,,,,,,,,,,,,,,,,稳定,,,,,,2023,20-35,,,,
fruit_data_merged,,,400,0.00,,,,,,,高,广西:2月-5月; 广东:2月-4月; 福建:2月-5月,,,,,,,,,,,,,,4月-5月,"3,4",,4,3月中旬-4月,,,,,,,,,,,,,,,,,,,,,,,,,,,,,,,,,,,,,,,,,,,,,,,,雌雄同穗异熟,,25-40,,,,,,,,,龙眼,Longan,Dimocarpus longan,,,,,,,,,,,,,,,,,,,,,,,,,,,,,,,,,,,,,,,,蜜蜂科(蜜蜂属),广东、广西、福建、海南,,,,,,,,,,,,,,24-28,,,"广东, 广西, 福建",,,205.00,2.50,,,,,,,,,,,,,,,,,,,,,昆虫授粉,,,,,,,,,,,,,,,,,"中高(2省), 高(1省)",,,,,,,,5-10,,,,,,,,,,,,,,,,,,,,,,,,,,,,雌雄同穗异熟，依赖昆虫传粉,,,,,,,,,,,,,,,,,,,,,,,,,,,,,,,,,,,,,,,,,,,,,,,,稳定,,,,,,2024,20-35,,,,
nectar_source_plants,,,,,,,,,,,,,,,,,,,,,,,,,,,,,,,,,,,,,,,,,,,,,,,,,,,,,,,,,,,全国广泛种植,,,,,,,,,,,,,,,,,,,,,25-35,3月-4月,,5月-7月,12月-3月,,,,,,,,,,,浅琥珀色,#FFE0B2,,,,,,,,,,,,,10-30,最大宗蜜源，覆盖全年,,,,,,,,总状花序,,,,,,,,,,,,,,,,,,,,,,,,,,,,16-22,,,,,,,,,,,,,,,油菜,Rape/Canola,Brassica campestris/napus,一年生草本,,,,,,,,,,,,,,,,,,,,,,,,,,,,,,,,,,,,,,,,,,,,,,,,,,,,,,,,,,,,,,,,,,,,,,,,,,,,,,,,,,,,,,,,,,,,,,,,,,,,,,,,,,,,,,,,主要蜜源,,,,,,,,,,
nectar_source_plants,,,,,,,,,,,,,,,,,,,,,,,,,,,,,,,,,,,,,,,,,,,,,,,,,,,,,,,,,,,长江中下游(赣湘鄂苏浙皖),,,,,,,,,,,,,,,,,,,,,15-20,3月中旬-4月下旬,,4月下旬-5月上旬,1月下旬-3月,,,,,,,,,,,浅琥珀色,#FFE0B2,,,,,,,,,,,,,20-50,南方春季大宗蜜源,,,,,,,,伞形花序,,,,,,,,,,,,,,,,,,,,,,,,,,,,25,,,,,,,,,,,,,,,紫云英,Chinese Milk Vetch,Astragalus sinicus,一年生草本,,,,,,,,,,,,,,,,,,,,,,,,,,,,,,,,,,,,,,,,,,,,,,,,,,,,,,,,,,,,,,,,,,,,,,,,,,,,,,,,,,,,,,,,,,,,,,,,,,,,,,,,,,,,,,,,主要蜜源,,,,,,,,,,
nectar_source_plants,,,,,,,,,,,,,,,,,,,,,,,,,,,,,,,,,,,,,,,,,,,,,,,,,,,,,,,,,,,粤桂闽琼,,,,,,,,,,,,,,,,,,,,,20-35,3月-4月,,,2月上旬-4月,,,,,,,,,,,琥珀色,#FFB74D,,,,,,,,,,,,,10-20,岭南特色蜜源，有大小年,,,,,,,,圆锥花序,,,,,,,,,,,,,,,,,,,,,,,,,,,,20-28,,,,,,,,,,,,,,,荔枝,Lychee,Litchi chinensis,常绿乔木,,,,,,,,,,,,,,,,,,,,,,,,,,,,,,,,,,,,,,,,,,,,,,,,,,,,,,,,,,,,,,,,,,,,,,,,,,,,,,,,,,,,,,,,,,,,,,,,,,,,,,,,,,,,,,,,主要蜜源,,,,,,,,,,
nectar_source_plants,,,,,,,,,,,,,,,,,,,,,,,,,,,,,,,,,,,,,,,,,,,,,,,,,,,,,,,,,,,闽粤桂琼,,,,,,,,,,,,,,,,,,,,,25-40,4月中旬-5月,,5月上旬-6月上旬,3月中旬-4月,,,,,,,,,,,琥珀色,#FFB74D,,,,,,,,,,,,,15-25,岭南蜜源，蜜多粉少,,,,,,,,圆锥花序,,,,,,,,,,,,,,,,,,,,,,,,,,,,24-26,,,,,,,,,,,,,,,龙眼,Longan,Dimocarpus longan,常绿乔木,,,,,,,,,,,,,,,,,,,,,,,,,,,,,,,,,,,,,,,,,,,,,,,,,,,,,,,,,,,,,,,,,,,,,,,,,,,,,,,,,,,,,,,,,,,,,,,,,,,,,,,,,,,,,,,,主要蜜源,,,,,,,,,,
nectar_source_plants,,,,,,,,,,,,,,,,,,,,,,,,,,,,,,,,,,,,,,,,,,,,,,,,,,,,,,,,,,,川闽粤桂浙赣,,,,,,,,,,,,,,,,,,,,,15-25,3月-4月,,4月-5月,2月-3月,,,,,,,,,,,浅琥珀色,#FFE0B2,,,,,,,,,,,,,5-15,花期约20天,,,,,,,,总状花序(单花或聚伞花序),,,,,,,,,,,,,,,,,,,,,,,,,,,,22,,,,,,,,,,,,,,,柑橘,Citrus,Citrus reticulata,常绿乔木,,,,,,,,,,,,,,,,,,,,,,,,,,,,,,,,,,,,,,,,,,,,,,,,,,,,,,,,,,,,,,,,,,,,,,,,,,,,,,,,,,,,,,,,,,,,,,,,,,,,,,,,,,,,,,,,主要蜜源,,,,,,,,,,
nectar_source_plants,,,,,,,,,,,,,,,,,,,,,,,,,,,,,,,,,,,,,,,,,,,,,,,,,,,,,,,,,,,苏鲁豫冀陕甘辽,,,,,,,,,,,,,,,,,,,,,10-15,5月上旬-中旬,,5月下旬-6月上旬,4月下旬-5月上旬,,,,,,,,,,,水白色,#FFFDE7,,,,,,,,,,,,,20-40,上等蜜，花期短仅10-15天,,,,,,,,总状花序,,,,,,,,,,,,,,,,,,,,,,,,,,,,25-27,,,,,,,,,,,,,,,刺槐(洋槐),Black Locust,Robinia pseudoacacia,落叶乔木,,,,,,,,,,,,,,,,,,,,,,,,,,,,,,,,,,,,,,,,,,,,,,,,,,,,,,,,,,,,,,,,,,,,,,,,,,,,,,,,,,,,,,,,,,,,,,,,,,,,,,,,,,,,,,,,主要蜜源,,,,,,,,,,
nectar_source_plants,,,,,,,,,,,,,,,,,,,,,,,,,,,,,,,,,,,,,,,,,,,,,,,,,,,,,,,,,,,鲁豫冀晋陕,,,,,,,,,,,,,,,,,,,,,30-40,5月下旬-6月中旬,,6月,5月中旬,,,,,,,,,,,琥珀色,#FFB74D,,,,,,,,,,,,,15-30,花期约30天，花粉少,,,,,,,,聚伞花序,,,,,,,,,,,,,,,,,,,,,,,,,,,,26-32,,,,,,,,,,,,,,,枣树,Jujube,Ziziphus jujuba,落叶乔木,,,,,,,,,,,,,,,,,,,,,,,,,,,,,,,,,,,,,,,,,,,,,,,,,,,,,,,,,,,,,,,,,,,,,,,,,,,,,,,,,,,,,,,,,,,,,,,,,,,,,,,,,,,,,,,,主要蜜源,,,,,,,,,,
nectar_source_plants,,,,,,,,,,,,,,,,,,,,,,,,,,,,,,,,,,,,,,,,,,,,,,,,,,,,,,,,,,,辽冀京晋鲁陕,,,,,,,,,,,,,,,,,,,,,30-40,6月中旬-7月下旬,,7月,6月上旬,,,,,,,,,,,浅琥珀色,#FFE0B2,,,,,,,,,,,,,20-40,华北主要蜜源，花期30-40天,,,,,,,,圆锥花序,,,,,,,,,,,,,,,,,,,,,,,,,,,,25-28,,,,,,,,,,,,,,,荆条,Vitex,Vitex negundo var. incisa,落叶灌木,,,,,,,,,,,,,,,,,,,,,,,,,,,,,,,,,,,,,,,,,,,,,,,,,,,,,,,,,,,,,,,,,,,,,,,,,,,,,,,,,,,,,,,,,,,,,,,,,,,,,,,,,,,,,,,,主要蜜源,,,,,,,,,,
nectar_source_plants,,,,,,,,,,,,,,,,,,,,,,,,,,,,,,,,,,,,,,,,,,,,,,,,,,,,,,,,,,,黑吉辽(长白山/小兴安岭),,,,,,,,,,,,,,,,,,,,,15-25,6月下旬-7月中旬,,7月,,,,,,,,,,,,特白色,#FFF8E1,,,,,,,,,,,,,20-30,东北特等蜜源,,,,,,,,聚伞花序,,,,,,,,,,,,,,,,,,,,,,,,,,,,22-25,,,,,,,,,,,,,,,椴树,Linden/Basswood,Tilia amurensis/mandshurica,落叶乔木,,,,,,,,,,,,,,,,,,,,,,,,,,,,,,,,,,,,,,,,,,,,,,,,,,,,,,,,,,,,,,,,,,,,,,,,,,,,,,,,,,,,,,,,,,,,,,,,,,,,,,,,,,,,,,,,主要蜜源,,,,,,,,,,
nectar_source_plants,,,,,,,,,,,,,,,,,,,,,,,,,,,,,,,,,,,,,,,,,,,,,,,,,,,,,,,,,,,黑吉辽蒙新,,,,,,,,,,,,,,,,,,,,,20-30,8月上旬-中旬,,8月中旬-9月上旬,7月下旬,,,,,,,,,,,浅黄色,,,,,,,,,,,,,,20-50,夏秋季蜜源,,,,,,,,头状花序,,,,,,,,,,,,,,,,,,,,,,,,,,,,22-27,,,,,,,,,,,,,,,向日葵,Sunflower,Helianthus annuus,一年生草本,,,,,,,,,,,,,,,,,,,,,,,,,,,,,,,,,,,,,,,,,,,,,,,,,,,,,,,,,,,,,,,,,,,,,,,,,,,,,,,,,,,,,,,,,,,,,,,,,,,,,,,,,,,,,,,,主要蜜源,,,,,,,,,,
nectar_source_plants,,,,,,,,,,,,,,,,,,,,,,,,,,,,,,,,,,,,,,,,,,,,,,,,,,,,,,,,,,,新鲁豫鄂苏皖,,,,,,,,,,,,,,,,,,,,,40-50,7月中旬-8月,,8月-9月,7月上旬,,,,,,,,,,,浅色,#FFF3E0,,,,,,,,,,,,,15-30,花期40-50天，新疆可产100-150kg/群,,,,,,,,单花(花单生),,,,,,,,,,,,,,,,,,,,,,,,,,,,35-38,,,,,,,,,,,,,,,棉花,Cotton,Gossypium hirsutum,一年生草本(栽培),,,,,,,,,,,,,,,,,,,,,,,,,,,,,,,,,,,,,,,,,,,,,,,,,,,,,,,,,,,,,,,,,,,,,,,,,,,,,,,,,,,,,,,,,,,,,,,,,,,,,,,,,,,,,,,,主要蜜源,,,,,,,,,,
nectar_source_plants,,,,,,,,,,,,,,,,,,,,,,,,,,,,,,,,,,,,,,,,,,,,,,,,,,,,,,,,,,,蒙晋陕宁甘,,,,,,,,,,,,,,,,,,,,,25-40,8月中旬-9月,,7月下旬-9月,9月-10月,,,,,,,,,,,深琥珀色,#FFB74D,,,,,,,,,,,,,20-50,秋季蜜源，花期25-40天,,,,,,,,总状花序(伞房状),,,,,,,,,,,,,,,,,,,,,,,,,,,,25-28,,,,,,,,,,,,,,,荞麦,Buckwheat,Fagopyrum esculentum,一年生草本,,,,,,,,,,,,,,,,,,,,,,,,,,,,,,,,,,,,,,,,,,,,,,,,,,,,,,,,,,,,,,,,,,,,,,,,,,,,,,,,,,,,,,,,,,,,,,,,,,,,,,,,,,,,,,,,主要蜜源,,,,,,,,,,
nectar_source_plants,,,,,,,,,,,,,,,,,,,,,,,,,,,,,,,,,,,,,,,,,,,,,,,,,,,,,,,,,,,蒙宁陕,,,,,,,,,,,,,,,,,,,,,30-50,5月-7月,,5月-7月,,,,,,,,,,,,浅色,#FFF3E0,,,,,,,,,,,,,50-60,西北干旱区高产蜜源,,,,,,,,聚伞花序,,,,,,,,,,,,,,,,,,,,,,,,,,,,25-30,,,,,,,,,,,,,,,老瓜头,Cynanchum,Cynanchum komarovii,多年生草本,,,,,,,,,,,,,,,,,,,,,,,,,,,,,,,,,,,,,,,,,,,,,,,,,,,,,,,,,,,,,,,,,,,,,,,,,,,,,,,,,,,,,,,,,,,,,,,,,,,,,,,,,,,,,,,,主要蜜源,,,,,,,,,,
nectar_source_plants,,,,,,,,,,,,,,,,,,,,,,,,,,,,,,,,,,,,,,,,,,,,,,,,,,,,,,,,,,,滇川黔,,,,,,,,,,,,,,,,,,,,,50-70,,,,9月-12月,,,,,,,,,,,浅色,#FFF3E0,,,,,,,,,,,,,15-20,西南秋冬蜜源，花期约60天,,,,,,,,穗状花序(轮伞花序),,,,,,,,,,,,,,,,,,,,,,,,,,,,20-22,,,,,,,,,,,,,,,野坝子,Wild Balsam,Elsholtzia rugulosa,一年生草本(半灌木),,,,,,,,,,,,,,,,,,,,,,,,,,,,,,,,,,,,,,,,,,,,,,,,,,,,,,,,,,,,,,,,,,,,,,,,,,,,,,,,,,,,,,,,,,,,,,,,,,,,,,,,,,,,,,,,主要蜜源,,,,,,,,,,
nectar_source_plants,,,,,,,,,,,,,,,,,,,,,,,,,,,,,,,,,,,,,,,,,,,,,,,,,,,,,,,,,,,粤桂闽琼滇,,,,,,,,,,,,,,,,,,,,,30-45,,,,10月-1月,,,,,,,,,,,琥珀色,#FFB74D,,,,,,,,,,,,,10-15,南方冬季主要蜜源,,,,,,,,伞形花序(圆锥状排列),,,,,,,,,,,,,,,,,,,,,,,,,,,,8-22,,,,,,,,,,,,,,,鸭脚木,Ivy Tree,Schefflera heptaphylla,常绿乔木/灌木,,,,,,,,,,,,,,,,,,,,,,,,,,,,,,,,,,,,,,,,,,,,,,,,,,,,,,,,,,,,,,,,,,,,,,,,,,,,,,,,,,,,,,,,,,,,,,,,,,,,,,,,,,,,,,,,主要蜜源,,,,,,,,,,
nectar_source_plants,,,,,,,,,,,,,,,,,,,,,,,,,,,,,,,,,,,,,,,,,,,,,,,,,,,,,,,,,,,闽浙赣湘鄂粤桂,,,,,,,,,,,,,,,,,,,,,20-40,,,,10月-3月,,,,,,,,,,,浅白色,#FFF9C4,,,,,,,,,,,,,20-30,中国最珍贵蜜种之一,,,,,,,,单花(花单生或簇生),,,,,,,,,,,,,,,,,,,,,,,,,,,,14-20,,,,,,,,,,,,,,,野桂花(柃木),Wild Osmanthus,Eurya spp.,常绿灌木/小乔木,,,,,,,,,,,,,,,,,,,,,,,,,,,,,,,,,,,,,,,,,,,,,,,,,,,,,,,,,,,,,,,,,,,,,,,,,,,,,,,,,,,,,,,,,,,,,,,,,,,,,,,,,,,,,,,,主要蜜源,,,,,,,,,,
nectar_source_plants,,,,,,,,,,,,,,,,,,,,,,,,,,,,,,,,,,,,,,,,,,,,,,,,,,,,,,,,,,,浙苏皖闽鄂,,,,,,,,,,,,,,,,,,,,,20-30,,,,11月-12月,,,,,,,,,,,浅色,#FFF3E0,,,,,,,,,,,,,5-10,冬季蜜源，药用价值高,,,,,,,,圆锥花序,,,,,,,,,,,,,,,,,,,,,,,,,,,,18-22,,,,,,,,,,,,,,,枇杷,Loquat,Eriobotrya japonica,常绿乔木,,,,,,,,,,,,,,,,,,,,,,,,,,,,,,,,,,,,,,,,,,,,,,,,,,,,,,,,,,,,,,,,,,,,,,,,,,,,,,,,,,,,,,,,,,,,,,,,,,,,,,,,,,,,,,,,主要蜜源,,,,,,,,,,
pesticide_use_2000_2023,,,,,,,,,,,,,,,,,,,,,,,,,,,,,,,,,,,,,,,,,,,,,,,,,,,,,,,156300.0,,,,,,,,,,,,,,,,,,,,,,,,,,,,,,,,,,,,,,,,,,,,,,,,,,,,,,,,,,,,,,,,,,,,,,,,,,,,,,,,,,,,,,,,,,,,8931.58,5.71,,,,,,,,,8.46,64.77,,132.2,,,,,,,,,,,,,,,,,,,,,,,,,,,,,,,,,,,,,,,,,,,,,,,,,,,,,,,,,,,,,,,,,,,,,,,,,,,,,,,,,,,,,,,,,,,,,,,,,,,,,,,,,,,,,,,,,,,,,,,,,2000,,,,,
pesticide_use_2000_2023,,,,,,,,,,,,,,,,,,,,,,,,,,,,,,,,,,,,,,,,,,,,,,,,,,,,,,,155708.0,,,,,,,,,,,,,,,,,,,,,,,,,,,,,,,,,,,,,,,,,,,,,,,,,,,,,,,,,,,,,,,,,,,,,,,,,,,,,,,,,,,,,,,,,,,,9042.55,5.81,,,,,,,,,8.65,78.72,,134.7,,,,,,,,,,,,,,,,,,,,,,,,,,,,,,,,,,,,,,,,,,,,,,,,,,,,,,,,,,,,,,,,,,,,,,,,,,,,,,,,,,,,,,,,,,,,,,,,,,,,,,,,,,,,,,,,,,,,,,,,,2001,,,,,
pesticide_use_2000_2023,,,,,,,,,,,,,,,,,,,,,,,,,,,,,,,,,,,,,,,,,,,,,,,,,,,,,,,154636.0,,,,,,,,,,,,,,,,,,,,,,,,,,,,,,,,,,,,,,,,,,,,,,,,,,,,,,,,,,,,,,,,,,,,,,,,,,,,,,,,,,,,,,,,,,,,9097.87,5.88,,,,,,,,,8.96,92.90,,138.5,,,,,,,,,,,,,,,,,,,,,,,,,,,,,,,,,,,,,,,,,,,,,,,,,,,,,,,,,,,,,,,,,,,,,,,,,,,,,,,,,,,,,,,,,,,,,,,,,,,,,,,,,,,,,,,,,,,,,,,,,2002,,,,,
pesticide_use_2000_2023,,,,,,,,,,,,,,,,,,,,,,,,,,,,,,,,,,,,,,,,,,,,,,,,,,,,,,,152415.0,,,,,,,,,,,,,,,,,,,,,,,,,,,,,,,,,,,,,,,,,,,,,,,,,,,,,,,,,,,,,,,,,,,,,,,,,,,,,,,,,,,,,,,,,,,,9436.52,6.19,,,,,,,,,9.32,76.72,,142.1,,,,,,,,,,,,,,,,,,,,,,,,,,,,,,,,,,,,,,,,,,,,,,,,,,,,,,,,,,,,,,,,,,,,,,,,,,,,,,,,,,,,,,,,,,,,,,,,,,,,,,,,,,,,,,,,,,,,,,,,,2003,,,,,
pesticide_use_2000_2023,,,,,,,,,,,,,,,,,,,,,,,,,,,,,,,,,,,,,,,,,,,,,,,,,,,,,,,153553.0,,,,,,,,,,,,,,,,,,,,,,,,,,,,,,,,,,,,,,,,,,,,,,,,,,,,,,,,,,,,,,,,,,,,,,,,,,,,,,,,,,,,,,,,,,,,9768.18,6.36,,,,,,,,,9.46,86.96,,145.3,,,,,,,,,,,,,,,,,,,,,,,,,,,,,,,,,,,,,,,,,,,,,,,,,,,,,,,,,,,,,,,,,,,,,,,,,,,,,,,,,,,,,,,,,,,,,,,,,,,,,,,,,,,,,,,,,,,,,,,,,2004,,,,,
pesticide_use_2000_2023,,,,,,,,,,,,,,,,,,,,,,,,,,,,,,,,,,,,,,,,,,,,,,,,,,,,,,,155488.0,,,,,,,,,,,,,,,,,,,,,,,,,,,,,,,,,,,,,,,,,,,,,,,,,,,,,,,,,,,,,,,,,,,,,,,,,,,,,,,,,,,,,,,,,,,,10034.80,6.45,,,,,,,,,9.52,114.73,,148.0,,,,,,,,,,,,,,,,,,,,,,,,,,,,,,,,,,,,,,,,,,,,,,,,,,,,,,,,,,,,,,,,,,,,,,,,,,,,,,,,,,,,,,,,,,,,,,,,,,,,,,,,,,,,,,,,,,,,,,,,,2005,,,,,
pesticide_use_2000_2023,,,,,,,,,,,,,,,,,,,,,,,,,,,,,,,,,,,,,,,,,,,,,,,,,,,,,,,157021.0,,,,,,,,,,,,,,,,,,,,,,,,,,,,,,,,,,,,,,,,,,,,,,,,,,,,,,,,,,,,,,,,,,,,,,,,,,,,,,,,,,,,,,,,,,,,10122.56,6.45,,,,,,,,,9.73,138.46,,152.8,,,,,,,,,,,,,,,,,,,,,,,,,,,,,,,,,,,,,,,,,,,,,,,,,,,,,,,,,,,,,,,,,,,,,,,,,,,,,,,,,,,,,,,,,,,,,,,,,,,,,,,,,,,,,,,,,,,,,,,,,2006,,,,,
pesticide_use_2000_2023,,,,,,,,,,,,,,,,,,,,,,,,,,,,,,,,,,,,,,,,,,,,,,,,,,,,,,,153464.0,,,,,,,,,,,,,,,,,,,,,,,,,,,,,,,,,,,,,,,,,,,,,,,,,,,,,,,,,,,,,,,,,,,,,,,,,,,,,,,,,,,,,,,,,,,,10119.50,6.59,,,,,,,,,10.18,176.48,,156.3,,,,,,,,,,,,,,,,,,,,,,,,,,,,,,,,,,,,,,,,,,,,,,,,,,,,,,,,,,,,,,,,,,,,,,,,,,,,,,,,,,,,,,,,,,,,,,,,,,,,,,,,,,,,,,,,,,,,,,,,,2007,,,,,
pesticide_use_2000_2023,,,,,,,,,,,,,,,,,,,,,,,,,,,,,,,,,,,,,,,,,,,,,,,,,,,,,,,156266.0,,,,,,,,,,,,,,,,,,,,,,,,,,,,,,,,,,,,,,,,,,,,,,,,,,,,,,,,,,,,,,,,,,,,,,,,,,,,,,,,,,,,,,,,,,,,10220.71,6.54,,,,,,,,,10.21,190.20,,159.5,,,,,,,,,,,,,,,,,,,,,,,,,,,,,,,,,,,,,,,,,,,,,,,,,,,,,,,,,,,,,,,,,,,,,,,,,,,,,,,,,,,,,,,,,,,,,,,,,,,,,,,,,,,,,,,,,,,,,,,,,2008,,,,,
pesticide_use_2000_2023,,,,,,,,,,,,,,,,,,,,,,,,,,,,,,,,,,,,,,,,,,,,,,,,,,,,,,,158639.0,,,,,,,,,,,,,,,,,,,,,,,,,,,,,,,,,,,,,,,,,,,,,,,,,,,,,,,,,,,,,,,,,,,,,,,,,,,,,,,,,,,,,,,,,,,,10454.39,6.59,,,,,,,,,10.22,208.92,,162.2,,,,,,,,,,,,,,,,,,,,,,,,,,,,,,,,,,,,,,,,,,,,,,,,,,,,,,,,,,,,,,,,,,,,,,,,,,,,,,,,,,,,,,,,,,,,,,,,,,,,,,,,,,,,,,,,,,,,,,,,,2009,,,,,
pesticide_use_2000_2023,,,,,,,,,,,,,,,,,,,,,,,,,,,,,,,,,,,,,,,,,,,,,,,,,,,,,,,160675.0,,,,,,,,,,,,,,,,,,,,,,,,,,,,,,,,,,,,,,,,,,,,,,,,,,,,,,,,,,,,,,,,,,,,,,,,,,,,,,,,,,,,,,,,,,,,10681.02,6.65,,,,,,,,,10.28,234.20,,165.1,,,,,,,,,,,,,,,,,,,,,,,,,,,,,,,,,,,,,,,,,,,,,,,,,,,,,,,,,,,,,,,,,,,,,,,,,,,,,,,,,,,,,,,,,,,,,,,,,,,,,,,,,,,,,,,,,,,,,,,,,2010,,,,,
pesticide_use_2000_2023,,,,,,,,,,,,,,,,,,,,,,,,,,,,,,,,,,,,,,,,,,,,,,,,,,,,,,,160360.38,,,,,,,,,,,,,,,,,,,,,,,,,,,,,,,,,,,,,,,,,,,,,,,,,,,,,,,,,,,,,,,,,,,,,,,,,,,,,,,,,,,,,,,,,,,,10808.06,6.74,,,,,,,,,10.51,264.80,,168.5,,,,,,,,,,,,,,,,,,,,,,,,,,,,,,,,,,,,,,,,,,,,,,,,,,,,,,,,,,,,,,,,,,,,,,,,,,,,,,,,,,,,,,,,,,,,,,,,,,,,,,,,,,,,,,,,,,,,,,,,,2011,,,,,
pesticide_use_2000_2023,,,,,,,,,,,,,,,,,,,,,,,,,,,,,,,,,,,,,,,,,,,,,,,,,,,,,,,162071.25,,,,,,,,,,,,,,,,,,,,,,,,,,,,,,,,,,,,,,,,,,,,,,,,,,,,,,,,,,,,,,,,,,,,,,,,,,,,,,,,,,,,,,,,,,,,10989.70,6.78,,,,,,,,,10.60,354.90,,171.8,,,,,,,,,,,,,,,,,,,,,,,,,,,,,,,,,,,,,,,,,,,,,,,,,,,,,,,,,,,,,,,,,,,,,,,,,,,,,,,,,,,,,,,,,,,,,,,,,,,,,,,,,,,,,,,,,,,,,,,,,2012,,,,,
pesticide_use_2000_2023,,,,,,,,,,,,,,,,,,,,,,,,,,,,,,,,,,,,,,,,,,,,,,,,,,,,,,,163702.25,,,,,,,,,,,,,,,,,,,,,,,,,,,,,,,,,,,,,,,,,,,,,,,,,,,,,,,,,,,,,,,,,,,,,,,,,,,,,,,,,,,,,,,,,,,,11043.33,6.75,,,,,,,,,10.59,319.00,,173.4,,,,,,,,,,,,,,,,,,,,,,,,,,,,,,,,,,,,,,,,,,,,,,,,,,,,,,,,,,,,,,,,,,,,,,,,,,,,,,,,,,,,,,,,,,,,,,,,,,,,,,,,,,,,,,,,,,,,,,,,,2013,,,,,
pesticide_use_2000_2023,,,,,,,,,,,,,,,,,,,,,,,,,,,,,,,,,,,,,,,,,,,,,,,,,,,,,,,165183.32,,,,,,,,,,,,,,,,,,,,,,,,,,,,,,,,,,,,,,,,,,,,,,,,,,,,,,,,,,,,,,,,,,,,,,,,,,,,,,,,,,,,,,,,,,,,11607.66,7.03,,,,,,,,,10.59,374.40,,175.0,,,,,,,,,,,,,,,,,,,,,,,,,,,,,,,,,,,,,,,,,,,,,,,,,,,,,,,,,,,,,,,,,,,,,,,,,,,,,,,,,,,,,,,,,,,,,,,,,,,,,,,,,,,,,,,,,,,,,,,,,2014,,,,,
pesticide_use_2000_2023,,,,,,,,,,,,,,,,,,,,,,,,,,,,,,,,,,,,,,,,,,,,,,,,,,,,,,,166829.28,,,,,,,,,,,,,,,,,,,,,,,,,,,,,,,,,,,,,,,,,,,,,,,,,,,,,,,,,,,,,,,,,,,,,,,,,,,,,,,,,,,,,,,,,,,,11212.20,6.72,,,,,,,,,10.69,374.10,,178.3,,,,,,,,,,,,,,,,,,,,,,,,,,,,,,,,,,,,,,,,,,,,,,,,,,,,,,,,,,,,,,,,,,,,,,,,,,,,,,,,,,,,,,,,,,,,,,,,,,,,,,,,,,,,,,,,,,,,,,,,,2015,,,,,
pesticide_use_2000_2023,,,,,,,,,,,,,,,,,,,,,,,,,,,,,,,,,,,,,,,,,,,,,,,,,,,,,,,166939.04,,,,,,,,,,,,,,,,,,,,,,,,,,,,,,,,,,,,,,,,,,,,,,,,,,,,,,,,,,,,,,,,,,,,,,,,,,,,,,,,,,,,,,,,,,,,10916.64,6.54,,,,,,,,,10.42,377.80,,174.0,,,,,,,,,,,,,,,,,,,,,,,,,,,,,,,,,,,,,,,,,,,,,,,,,,,,,,,,,,,,,,,,,,,,,,,,,,,,,,,,,,,,,,,,,,,,,,,,,,,,,,,,,,,,,,,,,,,,,,,,,2016,,,,,
pesticide_use_2000_2023,,,,,,,,,,,,,,,,,,,,,,,,,,,,,,,,,,,,,,,,,,,,,,,,,,,,,,,166331.91,,,,,,,,,,,,,,,,,,,,,,,,,,,,,,,,,,,,,,,,,,,,,,,,,,,,,,,,,,,,,,,,,,,,,,,,,,,,,,,,,,,,,,,,,,,,11148.62,6.70,,,,,,,,,9.95,294.10,,165.5,,,,,,,,,,,,,,,,,,,,,,,,,,,,,,,,,,,,,,,,,,,,,,,,,,,,,,,,,,,,,,,,,,,,,,,,,,,,,,,,,,,,,,,,,,,,,,,,,,,,,,,,,,,,,,,,,,,,,,,,,2017,,,,,
pesticide_use_2000_2023,,,,,,,,,,,,,,,,,,,,,,,,,,,,,,,,,,,,,,,,,,,,,,,,,,,,,,,165902.38,,,,,,,,,,,,,,,,,,,,,,,,,,,,,,,,,,,,,,,,,,,,,,,,,,,,,,,,,,,,,,,,,,,,,,,,,,,,,,,,,,,,,,,,,,,,11874.85,7.16,,,,,,,,,9.35,208.30,,155.2,,,,,,,,,,,,,,,,,,,,,,,,,,,,,,,,,,,,,,,,,,,,,,,,,,,,,,,,,,,,,,,,,,,,,,,,,,,,,,,,,,,,,,,,,,,,,,,,,,,,,,,,,,,,,,,,,,,,,,,,,2018,,,,,
pesticide_use_2000_2023,,,,,,,,,,,,,,,,,,,,,,,,,,,,,,,,,,,,,,,,,,,,,,,,,,,,,,,165930.66,,,,,,,,,,,,,,,,,,,,,,,,,,,,,,,,,,,,,,,,,,,,,,,,,,,,,,,,,,,,,,,,,,,,,,,,,,,,,,,,,,,,,,,,,,,,12276.68,7.40,,,,,,,,,8.77,225.39,,145.6,,,,,,,,,,,,,,,,,,,,,,,,,,,,,,,,,,,,,,,,,,,,,,,,,,,,,,,,,,,,,,,,,,,,,,,,,,,,,,,,,,,,,,,,,,,,,,,,,,,,,,,,,,,,,,,,,,,,,,,,,2019,,,,,
pesticide_use_2000_2023,,,,,,,,,,,,,,,,,,,,,,,,,,,,,,,,,,,,,,,,,,,,,,,,,,,,,,,167487.14,,,,,,,,,,,,,,,,,,,,,,,,,,,,,,,,,,,,,,,,,,,,,,,,,,,,,,,,,,,,,,,,,,,,,,,,,,,,,,,,,,,,,,,,,,,,12646.28,7.55,,,,,,,,,8.41,214.80,,140.8,,,,,,,,,,,,,,,,,,,,,,,,,,,,,,,,,,,,,,,,,,,,,,,,,,,,,,,,,,,,,,,,,,,,,,,,,,,,,,,,,,,,,,,,,,,,,,,,,,,,,,,,,,,,,,,,,,,,,,,,,2020,,,,,
pesticide_use_2000_2023,,,,,,,,,,,,,,,,,,,,,,,,,,,,,,,,,,,,,,,,,,,,,,,,,,,,,,,168695.13,,,,,,,,,,,,,,,,,,,,,,,,,,,,,,,,,,,,,,,,,,,,,,,,,,,,,,,,,,,,,,,,,,,,,,,,,,,,,,,,,,,,,,,,,,,,12807.99,7.59,,,,,,,,,8.09,249.80,,136.5,,,,,,,,,,,,,,,,,,,,,,,,,,,,,,,,,,,,,,,,,,,,,,,,,,,,,,,,,,,,,,,,,,,,,,,,,,,,,,,,,,,,,,,,,,,,,,,,,,,,,,,,,,,,,,,,,,,,,,,,,2021,,,,,
pesticide_use_2000_2023,,,,,,,,,,,,,,,,,,,,,,,,,,,,,,,,,,,,,,,,,,,,,,,,,,,,,,,169990.92,,,,,,,,,,,,,,,,,,,,,,,,,,,,,,,,,,,,,,,,,,,,,,,,,,,,,,,,,,,,,,,,,,,,,,,,,,,,,,,,,,,,,,,,,,,,13009.53,7.65,,,,,,,,,7.81,249.70,,132.8,,,,,,,,,,,,,,,,,,,,,,,,,,,,,,,,,,,,,,,,,,,,,,,,,,,,,,,,,,,,,,,,,,,,,,,,,,,,,,,,,,,,,,,,,,,,,,,,,,,,,,,,,,,,,,,,,,,,,,,,,2022,,,,,
pesticide_use_2000_2023,,,,,,,,,,,,,,,,,,,,,,,,,,,,,,,,,,,,,,,,,,,,,,,,,,,,,,,171624.47,,,,,,,,,,,,,,,,,,,,,,,,,,,,,,,,,,,,,,,,,,,,,,,,,,,,,,,,,,,,,,,,,,,,,,,,,,,,,,,,,,,,,,,,,,,,12738.06,7.42,,,,,,,,,7.57,267.11,,130.0,,,,,,,,,,,,,,,,,,,,,,,,,,,,,,,,,,,,,,,,,,,,,,,,,,,,,,,,,,,,,,,,,,,,,,,,,,,,,,,,,,,,,,,,,,,,,,,,,,,,,,,,,,,,,,,,,,,,,,,,,2023,,,,,
pollination_service_market,,,,,,,,,,,,,,,,,,,,,,,,,,,,,,,,,,,,,,,,7-15,,,,,,,,,,,,,,苹果,,,,,,,,,,,,,,,,,,,,,,,,,,,,,,,,,,,,,,,,,,,,,,,,,,,,,,,,,,,,,,,,,,,,,,,,,,,,,,,,,,,,,,,,,,,,,,,,,,,,,,15-20,,,,,,,,,,,,,,,,,,,,,,,,,,,,,,,,,,,,,,,,,,,,,山东烟台,,200-300,,,,,,,,,,,,,,,,,,,,,,,,,,,,,,,,,,,,,,,,,,,,,,,,,,,,,,,,,,,,,,,,,,,,,,,,,,,,,,2024,,,,,
pollination_service_market,,,,,,,,,,,,,,,,,,,,,,,,,,,,,,,,,,,,,,,,15-20,,,,,,,,,,,,,,樱桃（大棚）,,,,,,,,,,,,,,,,,,,,,,,,,,,,,,,,,,,,,,,,,,,,,,,,,,,,,,,,,,,,,,,,,,,,,,,,,,,,,,,,,,,,,,,,,,,,,,,,,,,,,,20,,,,,,,,,,,,,,,,,,,,,,,,,,,,,,,,,,,,,,,,,,,,,山东临朐,,300,,,,,,,,,,,,,,,,,,,,,,,,,,,,,,,,,,,,,,,,,,,,,,,,,,,,,,,,,,,,,,,,,,,,,,,,,,,,,,2024,,,,,
pollination_service_market,,,,,,,,,,,,,,,,,,,,,,,,,,,,,,,,,,,,,,,,7-10,,,,,,,,,,,,,,山地苹果,,,,,,,,,,,,,,,,,,,,,,,,,,,,,,,,,,,,,,,,,,,,,,,,,,,,,,,,,,,,,,,,,,,,,,,,,,,,,,,,,,,,,,,,,,,,,,,,,,,,,,15-20,,,,,,,,,,,,,,,,,,,,,,,,,,,,,,,,,,,,,,,,,,,,,陕西榆林子洲县,,200-300,,,,,,,,,,,,,,,,,,,,,,,,,,,,,,,,,,,,,,,,,,,,,,,,,,,,,,,,,,,,,,,,,,,,,,,,,,,,,,2025,,,,,
pollination_service_market,,,,,,,,,,,,,,,,,,,,,,,,,,,,,,,,,,,,,,,,8-15,,,,,,,,,,,,,,猕猴桃/桃/李,,,,,,,,,,,,,,,,,,,,,,,,,,,,,,,,,,,,,,,,,,,,,,,,,,,,,,,,,,,,,,,,,,,,,,,,,,,,,,,,,,,,,,,,,,,,,,,,,,,,,,10-15,,,,,,,,,,,,,,,,,,,,,,,,,,,,,,,,,,,,,,,,,,,,,四川眉山东坡区,,300,,,,,,,,,,,,,,,,,,,,,,,,,,,,,,,,,,,,,,,,,,,,,,,,,,,,,,,,,,,,,,,,,,,,,,,,,,,,,,2024,,,,,
pollination_service_market,,,,,,,,,,,,,,,,,,,,,,,,,,,,,,,,,,,,,,,,3-5,,,,,,,,,,,,,,食葵/打瓜/南瓜,,,,,,,,,,,,,,,,,,,,,,,,,,,,,,,,,,,,,,,,,,,,,,,,,,,,,,,,,,,,,,,,,,,,,,,,,,,,,,,,,,,,,,,,,,,,,,,,,,,,,,20-25,,,,,,,,,,,,,,,,,,,,,,,,,,,,,,,,,,,,,,,,,,,,,新疆奇台县,,150-200,,,,,,,,,,,,,,,,,,,,,,,,,,,,,,,,,,,,,,,,,,,,,,,,,,,,,,,,,,,,,,,,,,,,,,,,,,,,,,2023,,,,,
pollination_service_market,,,,,,,,,,,,,,,,,,,,,,,,,,,,,,,,,,,,,,,,5-10,,,,,,,,,,,,,,新梅（李子）,,,,,,,,,,,,,,,,,,,,,,,,,,,,,,,,,,,,,,,,,,,,,,,,,,,,,,,,,,,,,,,,,,,,,,,,,,,,,,,,,,,,,,,,,,,,,,,,,,,,,,15-20,,,,,,,,,,,,,,,,,,,,,,,,,,,,,,,,,,,,,,,,,,,,,新疆特克斯县,,60（天）,,,,,,,,,,,,,,,,,,,,,,,,,,,,,,,,,,,,,,,,,,,,,,,,,,,,,,,,,,,,,,,,,,,,,,,,,,,,,,2024,,,,,
pollination_service_market,,,,,,,,,,,,,,,,,,,,,,,,,,,,,,,,,,,,,,,,15-25,,,,,,,,,,,,,,蓝莓,,,,,,,,,,,,,,,,,,,,,,,,,,,,,,,,,,,,,,,,,,,,,,,,,,,,,,,,,,,,,,,,,,,,,,,,,,,,,,,,,,,,,,,,,,,,,,,,,,,,,,15-20,,,,,,,,,,,,,,,,,,,,,,,,,,,,,,,,,,,,,,,,,,,,,安徽怀宁县,,200-300,,,,,,,,,,,,,,,,,,,,,,,,,,,,,,,,,,,,,,,,,,,,,,,,,,,,,,,,,,,,,,,,,,,,,,,,,,,,,,2025,,,,,
pollination_service_market,,,,,,,,,,,,,,,,,,,,,,,,,,,,,,,,,,,,,,,,15-25,,,,,,,,,,,,,,蓝莓,,,,,,,,,,,,,,,,,,,,,,,,,,,,,,,,,,,,,,,,,,,,,,,,,,,,,,,,,,,,,,,,,,,,,,,,,,,,,,,,,,,,,,,,,,,,,,,,,,,,,,15-20,,,,,,,,,,,,,,,,,,,,,,,,,,,,,,,,,,,,,,,,,,,,,云南红河州,,400-700,,,,,,,,,,,,,,,,,,,,,,,,,,,,,,,,,,,,,,,,,,,,,,,,,,,,,,,,,,,,,,,,,,,,,,,,,,,,,,2024,,,,,
pollination_service_market,,,,,,,,,,,,,,,,,,,,,,,,,,,,,,,,,,,,,,,,10-20,,,,,,,,,,,,,,草莓/甜瓜（大棚）,,,,,,,,,,,,,,,,,,,,,,,,,,,,,,,,,,,,,,,,,,,,,,,,,,,,,,,,,,,,,,,,,,,,,,,,,,,,,,,,,,,,,,,,,,,,,,,,,,,,,,20-30,,,,,,,,,,,,,,,,,,,,,,,,,,,,,,,,,,,,,,,,,,,,,浙江嘉兴,,150-350,,,,,,,,,,,,,,,,,,,,,,,,,,,,,,,,,,,,,,,,,,,,,,,,,,,,,,,,,,,,,,,,,,,,,,,,,,,,,,2024,,,,,
pollination_service_market,,,,,,,,,,,,,,,,,,,,,,,,,,,,,,,,,,,,,,,,10-20,,,,,,,,,,,,,,草莓（大棚）,,,,,,,,,,,,,,,,,,,,,,,,,,,,,,,,,,,,,,,,,,,,,,,,,,,,,,,,,,,,,,,,,,,,,,,,,,,,,,,,,,,,,,,,,,,,,,,,,,,,,,20-30,,,,,,,,,,,,,,,,,,,,,,,,,,,,,,,,,,,,,,,,,,,,,湖北武汉,,400,,,,,,,,,,,,,,,,,,,,,,,,,,,,,,,,,,,,,,,,,,,,,,,,,,,,,,,,,,,,,,,,,,,,,,,,,,,,,,2024,,,,,
pollination_service_market,,,,,,,,,,,,,,,,,,,,,,,,,,,,,,,,,,,,,,,,10-15,,,,,,,,,,,,,,草莓/番茄/桃,,,,,,,,,,,,,,,,,,,,,,,,,,,,,,,,,,,,,,,,,,,,,,,,,,,,,,,,,,,,,,,,,,,,,,,,,,,,,,,,,,,,,,,,,,,,,,,,,,,,,,15-25,,,,,,,,,,,,,,,,,,,,,,,,,,,,,,,,,,,,,,,,,,,,,上海嘉定,,300,,,,,,,,,,,,,,,,,,,,,,,,,,,,,,,,,,,,,,,,,,,,,,,,,,,,,,,,,,,,,,,,,,,,,,,,,,,,,,2024,,,,,
pollination_service_market,,,,,,,,,,,,,,,,,,,,,,,,,,,,,,,,,,,,,,,,5-10,,,,,,,,,,,,,,枇杷,,,,,,,,,,,,,,,,,,,,,,,,,,,,,,,,,,,,,,,,,,,,,,,,,,,,,,,,,,,,,,,,,,,,,,,,,,,,,,,,,,,,,,,,,,,,,,,,,,,,,,30-40,,,,,,,,,,,,,,,,,,,,,,,,,,,,,,,,,,,,,,,,,,,,,江苏苏州,,混合模式,,,,,,,,,,,,,,,,,,,,,,,,,,,,,,,,,,,,,,,,,,,,,,,,,,,,,,,,,,,,,,,,,,,,,,,,,,,,,,2024,,,,,
pollination_service_market,,,,,,,,,,,,,,,,,,,,,,,,,,,,,,,,,,,,,,,,7-10,,,,,,,,,,,,,,苹果,,,,,,,,,,,,,,,,,,,,,,,,,,,,,,,,,,,,,,,,,,,,,,,,,,,,,,,,,,,,,,,,,,,,,,,,,,,,,,,,,,,,,,,,,,,,,,,,,,,,,,15-20,,,,,,,,,,,,,,,,,,,,,,,,,,,,,,,,,,,,,,,,,,,,,吉林龙井,,150-250,,,,,,,,,,,,,,,,,,,,,,,,,,,,,,,,,,,,,,,,,,,,,,,,,,,,,,,,,,,,,,,,,,,,,,,,,,,,,,2024,,,,,
pollination_service_market,,,,,,,,,,,,,,,,,,,,,,,,,,,,,,,,,,,,,,,,10-20,,,,,,,,,,,,,,樱桃（大棚）,,,,,,,,,,,,,,,,,,,,,,,,,,,,,,,,,,,,,,,,,,,,,,,,,,,,,,,,,,,,,,,,,,,,,,,,,,,,,,,,,,,,,,,,,,,,,,,,,,,,,,20-30,,,,,,,,,,,,,,,,,,,,,,,,,,,,,,,,,,,,,,,,,,,,,北京昌平,,125,,,,,,,,,,,,,,,,,,,,,,,,,,,,,,,,,,,,,,,,,,,,,,,,,,,,,,,,,,,,,,,,,,,,,,,,,,,,,,2024,,,,,
pollination_service_market,,,,,,,,,,,,,,,,,,,,,,,,,,,,,,,,,,,,,,,,10-20,,,,,,,,,,,,,,草莓（大棚）,,,,,,,,,,,,,,,,,,,,,,,,,,,,,,,,,,,,,,,,,,,,,,,,,,,,,,,,,,,,,,,,,,,,,,,,,,,,,,,,,,,,,,,,,,,,,,,,,,,,,,20-30,,,,,,,,,,,,,,,,,,,,,,,,,,,,,,,,,,,,,,,,,,,,,北京昌平,,215,,,,,,,,,,,,,,,,,,,,,,,,,,,,,,,,,,,,,,,,,,,,,,,,,,,,,,,,,,,,,,,,,,,,,,,,,,,,,,2024,,,,,
pollination_service_market,,,,,,,,,,,,,,,,,,,,,,,,,,,,,,,,,,,,,,,,-,,,,,,,,,,,,,,大棚授粉（熊蜂）,,,,,,,,,,,,,,,,,,,,,,,,,,,,,,,,,,,,,,,,,,,,,,,,,,,,,,,,,,,,,,,,,,,,,,,,,,,,,,,,,,,,,,,,,,,,,,,,,,,,,,20-30,,,,,,,,,,,,,,,,,,,,,,,,,,,,,,,,,,,,,,,,,,,,,北京昌平,,180,,,,,,,,,,,,,,,,,,,,,,,,,,,,,,,,,,,,,,,,,,,,,,,,,,,,,,,,,,,,,,,,,,,,,,,,,,,,,,2024,,,,,
pollination_service_market,,,,,,,,,,,,,,,,,,,,,,,,,,,,,,,,,,,,,,,,-,,,,,,,,,,,,,,蜂授粉推广（补贴价）,,,,,,,,,,,,,,,,,,,,,,,,,,,,,,,,,,,,,,,,,,,,,,,,,,,,,,,,,,,,,,,,,,,,,,,,,,,,,,,,,,,,,,,,,,,,,,,,,,,,,,15-20,,,,,,,,,,,,,,,,,,,,,,,,,,,,,,,,,,,,,,,,,,,,,广西龙州,,75,,,,,,,,,,,,,,,,,,,,,,,,,,,,,,,,,,,,,,,,,,,,,,,,,,,,,,,,,,,,,,,,,,,,,,,,,,,,,,2024,,,,,
pollination_service_market,,,,,,,,,,,,,,,,,,,,,,,,,,,,,,,,,,,,,,,,-,,,,,,,,,,,,,,番茄/草莓（熊蜂）,,,,,,,,,,,,,,,,,,,,,,,,,,,,,,,,,,,,,,,,,,,,,,,,,,,,,,,,,,,,,,,,,,,,,,,,,,,,,,,,,,,,,,,,,,,,,,,,,,,,,,20-30,,,,,,,,,,,,,,,,,,,,,,,,,,,,,,,,,,,,,,,,,,,,,新疆昌吉,,500,,,,,,,,,,,,,,,,,,,,,,,,,,,,,,,,,,,,,,,,,,,,,,,,,,,,,,,,,,,,,,,,,,,,,,,,,,,,,,2024,,,,,
pollination_service_market,,,,,,,,,,,,,,,,,,,,,,,,,,,,,,,,,,,,,,,,5-10,,,,,,,,,,,,,,番茄（大棚熊蜂补贴价）,,,,,,,,,,,,,,,,,,,,,,,,,,,,,,,,,,,,,,,,,,,,,,,,,,,,,,,,,,,,,,,,,,,,,,,,,,,,,,,,,,,,,,,,,,,,,,,,,,,,,,30-40,,,,,,,,,,,,,,,,,,,,,,,,,,,,,,,,,,,,,,,,,,,,,河北献县,,160,,,,,,,,,,,,,,,,,,,,,,,,,,,,,,,,,,,,,,,,,,,,,,,,,,,,,,,,,,,,,,,,,,,,,,,,,,,,,,2024,,,,,
pollination_service_market,,,,,,,,,,,,,,,,,,,,,,,,,,,,,,,,,,,,,,,,10-15,,,,,,,,,,,,,,番茄（大棚熊蜂）,,,,,,,,,,,,,,,,,,,,,,,,,,,,,,,,,,,,,,,,,,,,,,,,,,,,,,,,,,,,,,,,,,,,,,,,,,,,,,,,,,,,,,,,,,,,,,,,,,,,,,30-40,,,,,,,,,,,,,,,,,,,,,,,,,,,,,,,,,,,,,,,,,,,,,山西晋中太谷区,,350-500,,,,,,,,,,,,,,,,,,,,,,,,,,,,,,,,,,,,,,,,,,,,,,,,,,,,,,,,,,,,,,,,,,,,,,,,,,,,,,2024,,,,,
pollination_service_market,,,,,,,,,,,,,,,,,,,,,,,,,,,,,,,,,,,,,,,,10-15,,,,,,,,,,,,,,番茄/草莓（熊蜂）,,,,,,,,,,,,,,,,,,,,,,,,,,,,,,,,,,,,,,,,,,,,,,,,,,,,,,,,,,,,,,,,,,,,,,,,,,,,,,,,,,,,,,,,,,,,,,,,,,,,,,30-40,,,,,,,,,,,,,,,,,,,,,,,,,,,,,,,,,,,,,,,,,,,,,陕西西安长安区,,300-500,,,,,,,,,,,,,,,,,,,,,,,,,,,,,,,,,,,,,,,,,,,,,,,,,,,,,,,,,,,,,,,,,,,,,,,,,,,,,,2024,,,,,
pollination_service_market,,,,,,,,,,,,,,,,,,,,,,,,,,,,,,,,,,,,,,,,10-15,,,,,,,,,,,,,,番茄（熊蜂）,,,,,,,,,,,,,,,,,,,,,,,,,,,,,,,,,,,,,,,,,,,,,,,,,,,,,,,,,,,,,,,,,,,,,,,,,,,,,,,,,,,,,,,,,,,,,,,,,,,,,,20-30,,,,,,,,,,,,,,,,,,,,,,,,,,,,,,,,,,,,,,,,,,,,,河南郑州,,160,,,,,,,,,,,,,,,,,,,,,,,,,,,,,,,,,,,,,,,,,,,,,,,,,,,,,,,,,,,,,,,,,,,,,,,,,,,,,,2024,,,,,
pollination_service_market,,,,,,,,,,,,,,,,,,,,,,,,,,,,,,,,,,,,,,,,5-10,,,,,,,,,,,,,,番茄（大棚熊蜂原价）,,,,,,,,,,,,,,,,,,,,,,,,,,,,,,,,,,,,,,,,,,,,,,,,,,,,,,,,,,,,,,,,,,,,,,,,,,,,,,,,,,,,,,,,,,,,,,,,,,,,,,30-40,,,,,,,,,,,,,,,,,,,,,,,,,,,,,,,,,,,,,,,,,,,,,河北献县,,360,,,,,,,,,,,,,,,,,,,,,,,,,,,,,,,,,,,,,,,,,,,,,,,,,,,,,,,,,,,,,,,,,,,,,,,,,,,,,,2025,,,,,
rapeseed_acreage_1978_2025,,,,,,,,,,,,,,,,,,,,,,,,,,,,,,,,,,,,,,,,,,,,,,,,,,,,,,,,,,,,,,,,,,,,,,,,,,,,,,,,,,,,,,,,,,,,,,,,,,,,,,,,,,,,,,,,,,,,,,,,,,,,,,,,,,,,,,,,,,,,,,,,,,,,,,,,,,,,,,,,,,,,,,,,,,,,,,,,,,,,,,,,,,,,,,全国,,,,,,,1850,,,,,,,,,,,,,,,,,,,,,,,,,,,,,,,,,,,,,,,,,,,,,,,,,,,,,,,,,,,,,,,,,,,,,,,,,,,,,,,,,,,,1961,,,,,
rapeseed_acreage_1978_2025,,,,,,,,,,,,,,,,,,,,,,,,,,,,,,,,,,,,,,,,,,,,,,,,,,,,,,,,,,,,,,,,,,,,,,,,,,,,,,,,,,,,,,,,,,,,,,,,,,,,,,,,,,,,,,,,,,,,,,,,,,,,,,,,,,,,,,,,,,,,,,,,,,,,,,,,,,,,,,,,,,,,,,,,,,,,,,,,,,,,,,,,,,,,,,全国,,,,,,,1700,,,,,,,,,,,,,,,,,,,,,,,,,,,,,,,,,,,,,,,,,,,,,,,,,,,,,,,,,,,,,,,,,,,,,,,,,,,,,,,,,,,,1962,,,,,
rapeseed_acreage_1978_2025,,,,,,,,,,,,,,,,,,,,,,,,,,,,,,,,,,,,,,,,,,,,,,,,,,,,,,,,,,,,,,,,,,,,,,,,,,,,,,,,,,,,,,,,,,,,,,,,,,,,,,,,,,,,,,,,,,,,,,,,,,,,,,,,,,,,,,,,,,,,,,,,,,,,,,,,,,,,,,,,,,,,,,,,,,,,,,,,,,,,,,,,,,,,,,全国,,,,,,,1750,,,,,,,,,,,,,,,,,,,,,,,,,,,,,,,,,,,,,,,,,,,,,,,,,,,,,,,,,,,,,,,,,,,,,,,,,,,,,,,,,,,,1963,,,,,
rapeseed_acreage_1978_2025,,,,,,,,,,,,,,,,,,,,,,,,,,,,,,,,,,,,,,,,,,,,,,,,,,,,,,,,,,,,,,,,,,,,,,,,,,,,,,,,,,,,,,,,,,,,,,,,,,,,,,,,,,,,,,,,,,,,,,,,,,,,,,,,,,,,,,,,,,,,,,,,,,,,,,,,,,,,,,,,,,,,,,,,,,,,,,,,,,,,,,,,,,,,,,全国,,,,,,,1900,,,,,,,,,,,,,,,,,,,,,,,,,,,,,,,,,,,,,,,,,,,,,,,,,,,,,,,,,,,,,,,,,,,,,,,,,,,,,,,,,,,,1964,,,,,
rapeseed_acreage_1978_2025,,,,,,,,,,,,,,,,,,,,,,,,,,,,,,,,,,,,,,,,,,,,,,,,,,,,,,,,,,,,,,,,,,,,,,,,,,,,,,,,,,,,,,,,,,,,,,,,,,,,,,,,,,,,,,,,,,,,,,,,,,,,,,,,,,,,,,,,,,,,,,,,,,,,,,,,,,,,,,,,,,,,,,,,,,,,,,,,,,,,,,,,,,,,,,全国,,,,,,,2000,,,,,,,,,,,,,,,,,,,,,,,,,,,,,,,,,,,,,,,,,,,,,,,,,,,,,,,,,,,,,,,,,,,,,,,,,,,,,,,,,,,,1965,,,,,
rapeseed_acreage_1978_2025,,,,,,,,,,,,,,,,,,,,,,,,,,,,,,,,,,,,,,,,,,,,,,,,,,,,,,,,,,,,,,,,,,,,,,,,,,,,,,,,,,,,,,,,,,,,,,,,,,,,,,,,,,,,,,,,,,,,,,,,,,,,,,,,,,,,,,,,,,,,,,,,,,,,,,,,,,,,,,,,,,,,,,,,,,,,,,,,,,,,,,,,,,,,,,全国,,,,,,,2050,,,,,,,,,,,,,,,,,,,,,,,,,,,,,,,,,,,,,,,,,,,,,,,,,,,,,,,,,,,,,,,,,,,,,,,,,,,,,,,,,,,,1966,,,,,
rapeseed_acreage_1978_2025,,,,,,,,,,,,,,,,,,,,,,,,,,,,,,,,,,,,,,,,,,,,,,,,,,,,,,,,,,,,,,,,,,,,,,,,,,,,,,,,,,,,,,,,,,,,,,,,,,,,,,,,,,,,,,,,,,,,,,,,,,,,,,,,,,,,,,,,,,,,,,,,,,,,,,,,,,,,,,,,,,,,,,,,,,,,,,,,,,,,,,,,,,,,,,全国,,,,,,,2000,,,,,,,,,,,,,,,,,,,,,,,,,,,,,,,,,,,,,,,,,,,,,,,,,,,,,,,,,,,,,,,,,,,,,,,,,,,,,,,,,,,,1967,,,,,
rapeseed_acreage_1978_2025,,,,,,,,,,,,,,,,,,,,,,,,,,,,,,,,,,,,,,,,,,,,,,,,,,,,,,,,,,,,,,,,,,,,,,,,,,,,,,,,,,,,,,,,,,,,,,,,,,,,,,,,,,,,,,,,,,,,,,,,,,,,,,,,,,,,,,,,,,,,,,,,,,,,,,,,,,,,,,,,,,,,,,,,,,,,,,,,,,,,,,,,,,,,,,全国,,,,,,,1950,,,,,,,,,,,,,,,,,,,,,,,,,,,,,,,,,,,,,,,,,,,,,,,,,,,,,,,,,,,,,,,,,,,,,,,,,,,,,,,,,,,,1968,,,,,
rapeseed_acreage_1978_2025,,,,,,,,,,,,,,,,,,,,,,,,,,,,,,,,,,,,,,,,,,,,,,,,,,,,,,,,,,,,,,,,,,,,,,,,,,,,,,,,,,,,,,,,,,,,,,,,,,,,,,,,,,,,,,,,,,,,,,,,,,,,,,,,,,,,,,,,,,,,,,,,,,,,,,,,,,,,,,,,,,,,,,,,,,,,,,,,,,,,,,,,,,,,,,全国,,,,,,,2000,,,,,,,,,,,,,,,,,,,,,,,,,,,,,,,,,,,,,,,,,,,,,,,,,,,,,,,,,,,,,,,,,,,,,,,,,,,,,,,,,,,,1969,,,,,
rapeseed_acreage_1978_2025,,,,,,,,,,,,,,,,,,,,,,,,,,,,,,,,,,,,,,,,,,,,,,,,,,,,,,,,,,,,,,,,,,,,,,,,,,,,,,,,,,,,,,,,,,,,,,,,,,,,,,,,,,,,,,,,,,,,,,,,,,,,,,,,,,,,,,,,,,,,,,,,,,,,,,,,,,,,,,,,,,,,,,,,,,,,,,,,,,,,,,,,,,,,,,全国,,,,,,,2100,,,,,,,,,,,,,,,,,,,,,,,,,,,,,,,,,,,,,,,,,,,,,,,,,,,,,,,,,,,,,,,,,,,,,,,,,,,,,,,,,,,,1970,,,,,
rapeseed_acreage_1978_2025,,,,,,,,,,,,,,,,,,,,,,,,,,,,,,,,,,,,,,,,,,,,,,,,,,,,,,,,,,,,,,,,,,,,,,,,,,,,,,,,,,,,,,,,,,,,,,,,,,,,,,,,,,,,,,,,,,,,,,,,,,,,,,,,,,,,,,,,,,,,,,,,,,,,,,,,,,,,,,,,,,,,,,,,,,,,,,,,,,,,,,,,,,,,,,全国,,,,,,,2150,,,,,,,,,,,,,,,,,,,,,,,,,,,,,,,,,,,,,,,,,,,,,,,,,,,,,,,,,,,,,,,,,,,,,,,,,,,,,,,,,,,,1971,,,,,
rapeseed_acreage_1978_2025,,,,,,,,,,,,,,,,,,,,,,,,,,,,,,,,,,,,,,,,,,,,,,,,,,,,,,,,,,,,,,,,,,,,,,,,,,,,,,,,,,,,,,,,,,,,,,,,,,,,,,,,,,,,,,,,,,,,,,,,,,,,,,,,,,,,,,,,,,,,,,,,,,,,,,,,,,,,,,,,,,,,,,,,,,,,,,,,,,,,,,,,,,,,,,全国,,,,,,,2200,,,,,,,,,,,,,,,,,,,,,,,,,,,,,,,,,,,,,,,,,,,,,,,,,,,,,,,,,,,,,,,,,,,,,,,,,,,,,,,,,,,,1972,,,,,
rapeseed_acreage_1978_2025,,,,,,,,,,,,,,,,,,,,,,,,,,,,,,,,,,,,,,,,,,,,,,,,,,,,,,,,,,,,,,,,,,,,,,,,,,,,,,,,,,,,,,,,,,,,,,,,,,,,,,,,,,,,,,,,,,,,,,,,,,,,,,,,,,,,,,,,,,,,,,,,,,,,,,,,,,,,,,,,,,,,,,,,,,,,,,,,,,,,,,,,,,,,,,全国,,,,,,,2250,,,,,,,,,,,,,,,,,,,,,,,,,,,,,,,,,,,,,,,,,,,,,,,,,,,,,,,,,,,,,,,,,,,,,,,,,,,,,,,,,,,,1973,,,,,
rapeseed_acreage_1978_2025,,,,,,,,,,,,,,,,,,,,,,,,,,,,,,,,,,,,,,,,,,,,,,,,,,,,,,,,,,,,,,,,,,,,,,,,,,,,,,,,,,,,,,,,,,,,,,,,,,,,,,,,,,,,,,,,,,,,,,,,,,,,,,,,,,,,,,,,,,,,,,,,,,,,,,,,,,,,,,,,,,,,,,,,,,,,,,,,,,,,,,,,,,,,,,全国,,,,,,,2300,,,,,,,,,,,,,,,,,,,,,,,,,,,,,,,,,,,,,,,,,,,,,,,,,,,,,,,,,,,,,,,,,,,,,,,,,,,,,,,,,,,,1974,,,,,
rapeseed_acreage_1978_2025,,,,,,,,,,,,,,,,,,,,,,,,,,,,,,,,,,,,,,,,,,,,,,,,,,,,,,,,,,,,,,,,,,,,,,,,,,,,,,,,,,,,,,,,,,,,,,,,,,,,,,,,,,,,,,,,,,,,,,,,,,,,,,,,,,,,,,,,,,,,,,,,,,,,,,,,,,,,,,,,,,,,,,,,,,,,,,,,,,,,,,,,,,,,,,全国,,,,,,,2400,,,,,,,,,,,,,,,,,,,,,,,,,,,,,,,,,,,,,,,,,,,,,,,,,,,,,,,,,,,,,,,,,,,,,,,,,,,,,,,,,,,,1975,,,,,
rapeseed_acreage_1978_2025,,,,,,,,,,,,,,,,,,,,,,,,,,,,,,,,,,,,,,,,,,,,,,,,,,,,,,,,,,,,,,,,,,,,,,,,,,,,,,,,,,,,,,,,,,,,,,,,,,,,,,,,,,,,,,,,,,,,,,,,,,,,,,,,,,,,,,,,,,,,,,,,,,,,,,,,,,,,,,,,,,,,,,,,,,,,,,,,,,,,,,,,,,,,,,全国,,,,,,,2450,,,,,,,,,,,,,,,,,,,,,,,,,,,,,,,,,,,,,,,,,,,,,,,,,,,,,,,,,,,,,,,,,,,,,,,,,,,,,,,,,,,,1976,,,,,
rapeseed_acreage_1978_2025,,,,,,,,,,,,,,,,,,,,,,,,,,,,,,,,,,,,,,,,,,,,,,,,,,,,,,,,,,,,,,,,,,,,,,,,,,,,,,,,,,,,,,,,,,,,,,,,,,,,,,,,,,,,,,,,,,,,,,,,,,,,,,,,,,,,,,,,,,,,,,,,,,,,,,,,,,,,,,,,,,,,,,,,,,,,,,,,,,,,,,,,,,,,,,全国,,,,,,,2500,,,,,,,,,,,,,,,,,,,,,,,,,,,,,,,,,,,,,,,,,,,,,,,,,,,,,,,,,,,,,,,,,,,,,,,,,,,,,,,,,,,,1977,,,,,
rapeseed_acreage_1978_2025,,,,,,,,,,,,,,,,,,,,,,,,,,,,,,,,,,,,,,,,,,,,,,,,,,,,,,,,,,,,,,,,,,,,,,,,statistical_yearbook,,,,,,,,,,,,,,,,,,,,,,,,,,,,,,,,,,,,,,,,,,,,,,,,,,,,,,,,,,,,,,,,,,,,,,,,,,,,,,,,,,,,,,,,,,,,,,,,,,,,,,,,,,,,,,,,,,,,,,全国,,,,,,,2599.9,,,,,,,,,,,,,,,,,,,,,,,,,,,,,,,,,,,,,,,,,,,,,,,,,,,,,,,,,,,,,,,,,,,,,,,,,,,,,,,,,,,,1978,,,,,
rapeseed_acreage_1978_2025,,,,,,,,,,,,,,,,,,,,,,,,,,,,,,,,,,,,,,,,,,,,,,,,,,,,,,,,,,,,,,,,,,,,,,,,,,,,,,,,,,,,,,,,,,,,,,,,,,,,,,,,,,,,,,,,,,,,,,,,,,,,,,,,,,,,,,,,,,,,,,,,,,,,,,,,,,,,,,,,,,,,,,,,,,,,,,,,,,,,,,,,,,,,,,全国,,,,,,,,,,,,,,,,,,,,,,,,,,,,,,,,,,,,,,,,,,,,,,,,,,,,,,,,,,,,,,,,,,,,,,,,,,,,,,,,,,,,,,冬油菜(占85%以上),,,,,1979,,,,,
rapeseed_acreage_1978_2025,,,,,,,,,,,,,,,,,,,,,,,,,,,,,,,,,,,,,,,,,,,,,,,,,,,,,,,,,,,,,,,,,,,,,,,,statistical_yearbook,,,,,,,,,,,,,,,,,,,,,,,,,,,,,,,,,,,,,,,,,,,,,,,,,,,,,,,,,,,,,,,,,,,,,,,,,,,,,,,,,,,,,,,,,,,,,,,,,,,,,,,,,,,,,,,,,,,,,,全国,,,,,,,2844.1,,,,,,,,,,,,,,,,,,,,,,,,,,,,,,,,,,,,,,,,,,,,,,,,,,,,,,,,,,,,,,,,,,,,,,,,,,,,,,,,,,,,1980,,,,,
rapeseed_acreage_1978_2025,,,,,,,,,,,,,,,,,,,,,,,,,,,,,,,,,,,,,,,,,,,,,,,,,,,,,,,,,,,,,,,,,,,,,,,,,,,,,,,,,,,,,,,,,,,,,,,,,,,,,,,,,,,,,,,,,,,,,,,,,,,,,,,,,,,,,,,,,,,,,,,,,,,,,,,,,,,,,,,,,,,,,,,,,,,,,,,,,,,,,,,,,,,,,,全国,,,,,,,,,,,,,,,,,,,,,,,,,,,,,,,,,,,,,,,,,,,,,,,,,,,,,,,,,,,,,,,,,,,,,,,,,,,,,,,,,,,,,,冬油菜(占85%以上),,,,,1981,,,,,
rapeseed_acreage_1978_2025,,,,,,,,,,,,,,,,,,,,,,,,,,,,,,,,,,,,,,,,,,,,,,,,,,,,,,,,,,,,,,,,,,,,,,,,,,,,,,,,,,,,,,,,,,,,,,,,,,,,,,,,,,,,,,,,,,,,,,,,,,,,,,,,,,,,,,,,,,,,,,,,,,,,,,,,,,,,,,,,,,,,,,,,,,,,,,,,,,,,,,,,,,,,,,全国,,,,,,,,,,,,,,,,,,,,,,,,,,,,,,,,,,,,,,,,,,,,,,,,,,,,,,,,,,,,,,,,,,,,,,,,,,,,,,,,,,,,,,冬油菜(占85%以上),,,,,1982,,,,,
rapeseed_acreage_1978_2025,,,,,,,,,,,,,,,,,,,,,,,,,,,,,,,,,,,,,,,,,,,,,,,,,,,,,,,,,,,,,,,,,,,,,,,,,,,,,,,,,,,,,,,,,,,,,,,,,,,,,,,,,,,,,,,,,,,,,,,,,,,,,,,,,,,,,,,,,,,,,,,,,,,,,,,,,,,,,,,,,,,,,,,,,,,,,,,,,,,,,,,,,,,,,,全国,,,,,,,,,,,,,,,,,,,,,,,,,,,,,,,,,,,,,,,,,,,,,,,,,,,,,,,,,,,,,,,,,,,,,,,,,,,,,,,,,,,,,,冬油菜(占85%以上),,,,,1983,,,,,
rapeseed_acreage_1978_2025,,,,,,,,,,,,,,,,,,,,,,,,,,,,,,,,,,,,,,,,,,,,,,,,,,,,,,,,,,,,,,,,,,,,,,,,,,,,,,,,,,,,,,,,,,,,,,,,,,,,,,,,,,,,,,,,,,,,,,,,,,,,,,,,,,,,,,,,,,,,,,,,,,,,,,,,,,,,,,,,,,,,,,,,,,,,,,,,,,,,,,,,,,,,,,全国,,,,,,,,,,,,,,,,,,,,,,,,,,,,,,,,,,,,,,,,,,,,,,,,,,,,,,,,,,,,,,,,,,,,,,,,,,,,,,,,,,,,,,冬油菜(占85%以上),,,,,1984,,,,,
rapeseed_acreage_1978_2025,,,,,,,,,,,,,,,,,,,,,,,,,,,,,,,,,,,,,,,,,,,,,,,,,,,,,,,,,,,,,,,,,,,,,,,,statistical_yearbook,,,,,,,,,,,,,,,,,,,,,,,,,,,,,,,,,,,,,,,,,,,,,,,,,,,,,,,,,,,,,,,,,,,,,,,,,,,,,,,,,,,,,,,,,,,,,,,,,,,,,,,,,,,,,,,,,,,,,,全国,,,,,,,4494.2,,,,,,,,,,,,,,,,,,,,,,,,,,,,,,,,,,,,,,,,,,,,,,,,,,,,,,,,,,,,,,,,,,,,,,,,,,,,,,,,,,,,1985,,,,,
rapeseed_acreage_1978_2025,,,,,,,,,,,,,,,,,,,,,,,,,,,,,,,,,,,,,,,,,,,,,,,,,,,,,,,,,,,,,,,,,,,,,,,,statistical_yearbook,,,,,,,,,,,,,,,,,,,,,,,,,,,,,,,,,,,,,,,,,,,,,,,,,,,,,,,,,,,,,,,,,,,,,,,,,,,,,,,,,,,,,,,,,,,,,,,,,,,,,,,,,,,,,,,,,,,,,,全国,,,,,,,4914.7,,,,,,,,,,,,,,,,,,,,,,,,,,,,,,,,,,,,,,,,,,,,,,,,,,,,,,,,,,,,,,,,,,,,,,,,,,,,,,,,,,,,1986,,,,,
rapeseed_acreage_1978_2025,,,,,,,,,,,,,,,,,,,,,,,,,,,,,,,,,,,,,,,,,,,,,,,,,,,,,,,,,,,,,,,,,,,,,,,,statistical_yearbook,,,,,,,,,,,,,,,,,,,,,,,,,,,,,,,,,,,,,,,,,,,,,,,,,,,,,,,,,,,,,,,,,,,,,,,,,,,,,,,,,,,,,,,,,,,,,,,,,,,,,,,,,,,,,,,,,,,,,,全国,,,,,,,5265.6,,,,,,,,,,,,,,,,,,,,,,,,,,,,,,,,,,,,,,,,,,,,,,,,,,,,,,,,,,,,,,,,,,,,,,,,,,,,,,,,,,,,1987,,,,,
rapeseed_acreage_1978_2025,,,,,,,,,,,,,,,,,,,,,,,,,,,,,,,,,,,,,,,,,,,,,,,,,,,,,,,,,,,,,,,,,,,,,,,,statistical_yearbook,,,,,,,,,,,,,,,,,,,,,,,,,,,,,,,,,,,,,,,,,,,,,,,,,,,,,,,,,,,,,,,,,,,,,,,,,,,,,,,,,,,,,,,,,,,,,,,,,,,,,,,,,,,,,,,,,,,,,,全国,,,,,,,5502.4,,,,,,,,,,,,,,,,,,,,,,,,,,,,,,,,,,,,,,,,,,,,,,,,,,,,,,,,,,,,,,,,,,,,,,,,,,,,,,,,,,,,1988,,,,,
rapeseed_acreage_1978_2025,,,,,,,,,,,,,,,,,,,,,,,,,,,,,,,,,,,,,,,,,,,,,,,,,,,,,,,,,,,,,,,,,,,,,,,,statistical_yearbook,,,,,,,,,,,,,,,,,,,,,,,,,,,,,,,,,,,,,,,,,,,,,,,,,,,,,,,,,,,,,,,,,,,,,,,,,,,,,,,,,,,,,,,,,,,,,,,,,,,,,,,,,,,,,,,,,,,,,,全国,,,,,,,5506.2,,,,,,,,,,,,,,,,,,,,,,,,,,,,,,,,,,,,,,,,,,,,,,,,,,,,,,,,,,,,,,,,,,,,,,,,,,,,,,,,,,,,1989,,,,,
rapeseed_acreage_1978_2025,,,,,,,,,,,,,,,,,,,,,,,,,,,,,,,,,,,,,,,,,,,,,,,,,,,,,,,,,,,,,,,,,,,,,,,,statistical_yearbook,,,,,,,,,,,,,,,,,,,,,,,,,,,,,,,,,,,,,,,,,,,,,,,,,,,,,,,,,,,,,,,,,,,,,,,,,,,,,,,,,,,,,,,,,,,,,,,,,,,,,,,,,,,,,,,,,,,,,,全国,,,,,,,5506.9,,,,,,,,,,,,,,,,,,,,,,,,,,,,,,,,,,,,,,,,,,,,,,,,,,,,,,,,,,,,,,,,,,,,,,,,,,,,,,,,,,,,1990,,,,,
rapeseed_acreage_1978_2025,,,,,,,,,,,,,,,,,,,,,,,,,,,,,,,,,,,,,,,,,,,,,,,,,,,,,,,,,,,,,,,,,,,,,,,,statistical_yearbook,,,,,,,,,,,,,,,,,,,,,,,,,,,,,,,,,,,,,,,,,,,,,,,,,,,,,,,,,,,,,,,,,,,,,,,,,,,,,,,,,,,,,,,,,,,,,,,,,,,,,,,,,,,,,,,,,,,,,,全国,,,,,,,5414.2,,,,,,,,,,,,,,,,,,,,,,,,,,,,,,,,,,,,,,,,,,,,,,,,,,,,,,,,,,,,,,,,,,,,,,,,,,,,,,,,,,,,1991,,,,,
rapeseed_acreage_1978_2025,,,,,,,,,,,,,,,,,,,,,,,,,,,,,,,,,,,,,,,,,,,,,,,,,,,,,,,,,,,,,,,,,,,,,,,,statistical_yearbook,,,,,,,,,,,,,,,,,,,,,,,,,,,,,,,,,,,,,,,,,,,,,,,,,,,,,,,,,,,,,,,,,,,,,,,,,,,,,,,,,,,,,,,,,,,,,,,,,,,,,,,,,,,,,,,,,,,,,,全国,,,,,,,5436.2,,,,,,,,,,,,,,,,,,,,,,,,,,,,,,,,,,,,,,,,,,,,,,,,,,,,,,,,,,,,,,,,,,,,,,,,,,,,,,,,,,,,1992,,,,,
rapeseed_acreage_1978_2025,,,,,,,,,,,,,,,,,,,,,,,,,,,,,,,,,,,,,,,,,,,,,,,,,,,,,,,,,,,,,,,,,,,,,,,,statistical_yearbook,,,,,,,,,,,,,,,,,,,,,,,,,,,,,,,,,,,,,,,,,,,,,,,,,,,,,,,,,,,,,,,,,,,,,,,,,,,,,,,,,,,,,,,,,,,,,,,,,,,,,,,,,,,,,,,,,,,,,,全国,,,,,,,5303.8,,,,,,,,,,,,,,,,,,,,,,,,,,,,,,,,,,,,,,,,,,,,,,,,,,,,,,,,,,,,,,,,,,,,,,,,,,,,,,,,,,,,1993,,,,,
rapeseed_acreage_1978_2025,,,,,,,,,,,,,,,,,,,,,,,,,,,,,,,,,,,,,,,,,,,,,,,,,,,,,,,,,,,,,,,,,,,,,,,,statistical_yearbook,,,,,,,,,,,,,,,,,,,,,,,,,,,,,,,,,,,,,,,,,,,,,,,,,,,,,,,,,,,,,,,,,,,,,,,,,,,,,,,,,,,,,,,,,,,,,,,,,,,,,,,,,,,,,,,,,,,,,,全国,,,,,,,5431.5,,,,,,,,,,,,,,,,,,,,,,,,,,,,,,,,,,,,,,,,,,,,,,,,,,,,,,,,,,,,,,,,,,,,,,,,,,,,,,,,,,,,1994,,,,,
rapeseed_acreage_1978_2025,,,,,,,,,,,,,,,,,,,,,,,,,,,,,,,,,,,,,,,,,,,,,,,,,,,,,,,,,,,,,,,,,,,,,,,,statistical_yearbook,,,,,,,,,,,,,,,,,,,,,,,,,,,,,,,,,,,,,,,,,,,,,,,,,,,,,,,,,,,,,,,,,,,,,,,,,,,,,,,,,,,,,,,,,,,,,,,,,,,,,,,,,,,,,,,,,,,,,,全国,,,,,,,6102.4,,,,,,,,,,,,,,,,,,,,,,,,,,,,,,,,,,,,,,,,,,,,,,,,,,,,,,,,,,,,,,,,,,,,,,,,,,,,,,,,,,,,1995,,,,,
rapeseed_acreage_1978_2025,,,,,,,,,,,,,,,,,,,,,,,,,,,,,,,,,,,,,,,,,,,,,,,,,,,,,,,,,,,,,,,,,,,,,,,,statistical_yearbook,,,,,,,,,,,,,,,,,,,,,,,,,,,,,,,,,,,,,,,,,,,,,,,,,,,,,,,,,,,,,,,,,,,,,,,,,,,,,,,,,,,,,,,,,,,,,,,,,,,,,,,,,,,,,,,,,,,,,,全国,,,,,,,5933.4,,,,,,,,,,,,,,,,,,,,,,,,,,,,,,,,,,,,,,,,,,,,,,,,,,,,,,,,,,,,,,,,,,,,,,,,,,,,,,,,,,,,1996,,,,,
rapeseed_acreage_1978_2025,,,,,,,,,,,,,,,,,,,,,,,,,,,,,,,,,,,,,,,,,,,,,,,,,,,,,,,,,,,,,,,,,,,,,,,,statistical_yearbook,,,,,,,,,,,,,,,,,,,,,,,,,,,,,,,,,,,,,,,,,,,,,,,,,,,,,,,,,,,,,,,,,,,,,,,,,,,,,,,,,,,,,,,,,,,,,,,,,,,,,,,,,,,,,,,,,,,,,,全国,,,,,,,5890.8,,,,,,,,,,,,,,,,,,,,,,,,,,,,,,,,,,,,,,,,,,,,,,,,,,,,,,,,,,,,,,,,,,,,,,,,,,,,,,,,,,,,1997,,,,,
rapeseed_acreage_1978_2025,,,,,,,,,,,,,,,,,,,,,,,,,,,,,,,,,,,,,,,,,,,,,,,,,,,,,,,,,,,,,,,,,,,,,,,,statistical_yearbook,,,,,,,,,,,,,,,,,,,,,,,,,,,,,,,,,,,,,,,,,,,,,,,,,,,,,,,,,,,,,,,,,,,,,,,,,,,,,,,,,,,,,,,,,,,,,,,,,,,,,,,,,,,,,,,,,,,,,,全国,,,,,,,6041.5,,,,,,,,,,,,,,,,,,,,,,,,,,,,,,,,,,,,,,,,,,,,,,,,,,,,,,,,,,,,,,,,,,,,,,,,,,,,,,,,,,,,1998,,,,,
rapeseed_acreage_1978_2025,,,,,,,,,,,,,,,,,,,,,,,,,,,,,,,,,,,,,,,,,,,,,,,,,,,,,,,,,,,,,,,,,,,,,,,,statistical_yearbook,,,,,,,,,,,,,,,,,,,,,,,,,,,,,,,,,,,,,,,,,,,,,,,,,,,,,,,,,,,,,,,,,,,,,,,,,,,,,,,,,,,,,,,,,,,,,,,,,,,,,,,,,,,,,,,,,,,,,,全国,,,,,,,6451.8,,,,,,,,,,,,,,,,,,,,,,,,,,,,,,,,,,,,,,,,,,,,,,,,,,,,,,,,,,,,,,,,,,,,,,,,,,,,,,,,,,,,1999,,,,,
rapeseed_acreage_1978_2025,,,,,,,,,,,,,,,,,,,,,,,,,,,,,,,,,,,,,,,,,,,,,,,,,,,,,,,,,,,,,,,,,,,,,,,,,,,,,,,,,,,,,,,,,,,,,,,,,,,,,,,,,,,,,,,,,,,,,,,,,,,,,,,,,,,,,,,,,,,,,,,,,,,,,,,,,,,,,,,,,,,,,,,,,,,,,,,,,,,,,,,,,,,,,,全国,,,,,,,6672.3,1138.06,,,,,,,,,,,,,,,,,,,,,,,,,,,,,,,,,,,,,,,,,,,,,,,,,,,,,,,,,,,,,,,,,,,,,,,,,,,,,,冬油菜(占85%以上),,,,,2000,,,1705.8,,
rapeseed_acreage_1978_2025,,,,,,,,,,,,,,,,,,,,,,,,,,,,,,,,,,,,,,,,,,,,,,,,,,,,,,,,,,,,,,,,,,,,,,,,,,,,,,,,,,,,,,,,,,,,,,,,,,,,,,,,,,,,,,,,,,,,,,,,,,,,,,,,,,,,,,,,,,,,,,,,,,,,,,,,,,,,,,,,,,,,,,,,,,,,,,,,,,,,,,,,,,,,,,全国,,,,,,,6731.2,1133.14,,,,,,,,,,,,,,,,,,,,,,,,,,,,,,,,,,,,,,,,,,,,,,,,,,,,,,,,,,,,,,,,,,,,,,,,,,,,,,冬油菜(占85%以上),,,,,2001,,,1683.4,,
rapeseed_acreage_1978_2025,,,,,,,,,,,,,,,,,,,,,,,,,,,,,,,,,,,,,,,,,,,,,,,,,,,,,,,,,,,,,,,,,,,,,,,,,,,,,,,,,,,,,,,,,,,,,,,,,,,,,,,,,,,,,,,,,,,,,,,,,,,,,,,,,,,,,,,,,,,,,,,,,,,,,,,,,,,,,,,,,,,,,,,,,,,,,,,,,,,,,,,,,,,,,,全国,,,,,,,6811.5,1055.22,,,,,,,,,,,,,,,,,,,,,,,,,,,,,,,,,,,,,,,,,,,,,,,,,,,,,,,,,,,,,,,,,,,,,,,,,,,,,,冬油菜(占85%以上),,,,,2002,,,1549.1,,
rapeseed_acreage_1978_2025,,,,,,,,,,,,,,,,,,,,,,,,,,,,,,,,,,,,,,,,,,,,,,,,,,,,,,,,,,,,,,,,,,,,,,,,,,,,,,,,,,,,,,,,,,,,,,,,,,,,,,,,,,,,,,,,,,,,,,,,,,,,,,,,,,,,,,,,,,,,,,,,,,,,,,,,,,,,,,,,,,,,,,,,,,,,,,,,,,,,,,,,,,,,,,全国,,,,,,,7100.5,1142.00,,,,,,,,,,,,,,,,,,,,,,,,,,,,,,,,,,,,,,,,,,,,,,,,,,,,,,,,,,,,,,,,,,,,,,,,,,,,,,冬油菜(占85%以上),,,,,2003,,,1608.3,,
rapeseed_acreage_1978_2025,,,,,,,,,,,,,,,,,,,,,,,,,,,,,,,,,,,,,,,,,,,,,,,,,,,,,,,,,,,,,,,,,,,,,,,,,,,,,,,,,,,,,,,,,,,,,,,,,,,,,,,,,,,,,,,,,,,,,,,,,,,,,,,,,,,,,,,,,,,,,,,,,,,,,,,,,,,,,,,,,,,,,,,,,,,,,,,,,,,,,,,,,,,,,,全国,,,,,,,7271.4,1318.17,,,,,,,,,,,,,,,,,,,,,,,,,,,,,,,,,,,,,,,,,,,,,,,,,,,,,,,,,,,,,,,,,,,,,,,,,,,,,,冬油菜(占85%以上),,,,,2004,,,1812.8,,
rapeseed_acreage_1978_2025,,,,,,,,,,,,,,,,,,,,,,,,,,,,,,,,,,,,,,,,,,,,,,,,,,,,,,,,,,,,,,,,,,,,,,,,,,,,,,,,,,,,,,,,,,,,,,,,,,,,,,,,,,,,,,,,,,,,,,,,,,,,,,,,,,,,,,,,,,,,,,,,,,,,,,,,,,,,,,,,,,,,,,,,,,,,,,,,,,,,,,,,,,,,,,全国,,,,,,,7178.3,1305.23,,,,,,,,,,,,,,,,,,,,,,,,,,,,,,,,,,,,,,,,,,,,,,,,,,,,,,,,,,,,,,,,,,,,,,,,,,,,,,冬油菜(占85%以上),,,,,2005,,,1818.3,,
rapeseed_acreage_1978_2025,,,,,,,,,,,,,,,,,,,,,,,,,,,,,,,,,,,,,,,,,,,,,,,,,,,,,,,,,,,,,,,,,,,,,,,,,,,,,,,,,,,,,,,,,,,,,,,,,,,,,,,,,,,,,,,,,,,,,,,,,,,,,,,,,,,,,,,,,,,,,,,,,,,,,,,,,,,,,,,,,,,,,,,,,,,,,,,,,,,,,,,,,,,,,,全国,,,,,,,6887.9,1096.60,,,,,,,,,,,,,,,,,,,,,,,,,,,,,,,,,,,,,,,,,,,,,,,,,,,,,,,,,,,,,,,,,,,,,,,,,,,,,,冬油菜(占85%以上),,,,,2006,,,1592.1,,
rapeseed_acreage_1978_2025,,,,,,,,,,,,,,,,,,,,,,,,,,,,,,,,,,,,,,,,,,,,,,,,,,,,,,,,,,,,,,,,,,,,,,,,,,,,,,,,,,,,,,,,,,,,,,,,,,,,,,,,,,,,,,,,,,,,,,,,,,,,,,,,,,,,,,,,,,,,,,,,,,,,,,,,,,,,,,,,,,,,,,,,,,,,,,,,,,,,,,,,,,,,,,全国,,,,,,,6989.3,1057.30,,,,,,,,,,,,,,,,,,,,,,,,,,,,,,,,,,,,,,,,,,,,,,,,,,,,,,,,,,,,,,,,,,,,,,,,,,,,,,冬油菜(占85%以上),,,,,2007,,,1512.7,,
rapeseed_acreage_1978_2025,,,,,,,,,,,,,,,,,,,,,,,,,,,,,,,,,,,,,,,,,,,,,,,,,,,,,,,,,,,,,,,,,,,,,,,,,,,,,,,,,,,,,,,,,,,,,,,,,,,,,,,,,,,,,,,,,,,,,,,,,,,,,,,,,,,,,,,,,,,,,,,,,,,,,,,,,,,,,,,,,,,,,,,,,,,,,,,,,,,,,,,,,,,,,,全国,,,,,,,7207.2,1210.20,,,,,,,,,,,,,,,,,,,,,,,,,,,,,,,,,,,,,,,,,,,,,,,,,,,,,,,,,,,,,,,,,,,,,,,,,,,,,,冬油菜(占85%以上),,,,,2008,,,1679.2,,
rapeseed_acreage_1978_2025,,,,,,,,,,,,,,,,,,,,,,,,,,,,,,,,,,,,,,,,,,,,,,,,,,,,,,,,,,,,,,,,,,,,,,,,,,,,,,,,,,,,,,,,,,,,,,,,,,,,,,,,,,,,,,,,,,,,,,,,,,,,,,,,,,,,,,,,,,,,,,,,,,,,,,,,,,,,,,,,,,,,,,,,,,,,,,,,,,,,,,,,,,,,,,全国,,,,,,,7471.5,1365.70,,,,,,,,,,,,,,,,,,,,,,,,,,,,,,,,,,,,,,,,,,,,,,,,,,,,,,,,,,,,,,,,,,,,,,,,,,,,,,冬油菜(占85%以上),,,,,2009,,,1827.6,,
rapeseed_acreage_1978_2025,,,,,,,,,,,,,,,,,,,,,,,,,,,,,,,,,,,,,,,,,,,,,,,,,,,,,,,,,,,,,,,,,,,,,,,,,,,,,,,,,,,,,,,,,,,,,,,,,,,,,,,,,,,,,,,,,,,,,,,,,,,,,,,,,,,,,,,,,,,,,,,,,,,,,,,,,,,,,,,,,,,,,,,,,,,,,,,,,,,,,,,,,,,,,,全国,,,,,,,7630.5,1308.20,,,,,,,,,,,,,,,,,,,,,,,,,,,,,,,,,,,,,,,,,,,,,,,,,,,,,,,,,,,,,,,,,,,,,,,,,,,,,,冬油菜(占85%以上),,,,,2010,,,1714.4,,
rapeseed_acreage_1978_2025,,,,,,,,,,,,,,,,,,,,,,,,,,,,,,,,,,,,,,,,,,,,,,,,,,,,,,,,,,,,,,,,,,,,,,,,,,,,,,,,,,,,,,,,,,,,,,,,,,,,,,,,,,,,,,,,,,,,,,,,,,,,,,,,,,,,,,,,,,,,,,,,,,,,,,,,,,,,,,,,,,,,,,,,,,,,,,,,,,,,,,,,,,,,,,全国,,,,,,,7592.4,1342.60,,,,,,,,,,,,,,,,,,,,,,,,,,,,,,,,,,,,,,,,,,,,,,,,,,,,,,,,,,,,,,,,,,,,,,,,,,,,,,冬油菜(占85%以上),,,,,2011,,,1768.4,,
rapeseed_acreage_1978_2025,,,,,,,,,,,,,,,,,,,,,,,,,,,,,,,,,,,,,,,,,,,,,,,,,,,,,,,,,,,,,,,,,,,,,,,,,,,,,,,,,,,,,,,,,,,,,,,,,,,,,,,,,,,,,,,,,,,,,,,,,,,,,,,,,,,,,,,,,,,,,,,,,,,,,,,,,,,,,,,,,,,,,,,,,,,,,,,,,,,,,,,,,,,,,,全国,,,,,,,7742.5,1400.73,,,,,,,,,,,,,,,,,,,,,,,,,,,,,,,,,,,,,,,,,,,,,,,,,,,,,,,,,,,,,,,,,,,,,,,,,,,,,,冬油菜(占85%以上),,,,,2012,,,1809.1,,
rapeseed_acreage_1978_2025,,,,,,,,,,,,,,,,,,,,,,,,,,,,,,,,,,,,,,,,,,,,,,,,,,,,,,,,,,,,,,,,,,,,,,,,,,,,,,,,,,,,,,,,,,,,,,,,,,,,,,,,,,,,,,,,,,,,,,,,,,,,,,,,,,,,,,,,,,,,,,,,,,,,,,,,,,,,,,,,,,,,,,,,,,,,,,,,,,,,,,,,,,,,,,全国,,,,,,,7837.2,1445.82,,,,,,,,,,,,,,,,,,,,,,,,,,,,,,,,,,,,,,,,,,,,,,,,,,,,,,,,,,,,,,,,,,,,,,,,,,,,,,冬油菜(占85%以上),,,,,2013,,,1844.8,,
rapeseed_acreage_1978_2025,,,,,,,,,,,,,,,,,,,,,,,,,,,,,,,,,,,,,,,,,,,,,,,,,,,,,,,,,,,,,,,,,,,,,,,,,,,,,,,,,,,,,,,,,,,,,,,,,,,,,,,,,,,,,,,,,,,,,,,,,,,,,,,,,,,,,,,,,,,,,,,,,,,,,,,,,,,,,,,,,,,,,,,,,,,,,,,,,,,,,,,,,,,,,,全国,,,,,,,7905.2,1477.22,,,,,,,,,,,,,,,,,,,,,,,,,,,,,,,,,,,,,,,,,,,,,,,,,,,,,,,,,,,,,,,,,,,,,,,,,,,,,,冬油菜(占85%以上),,,,,2014,,,1868.7,,
rapeseed_acreage_1978_2025,,,,,,,,,,,,,,,,,,,,,,,,,,,,,,,,,,,,,,,,,,,,,,,,,,,,,,,,,,,,,,,,,,,,,,,,,,,,,,,,,,,,,,,,,,,,,,,,,,,,,,,,,,,,,,,,,,,,,,,,,,,,,,,,,,,,,,,,,,,,,,,,,,,,,,,,,,,,,,,,,,,,,,,,,,,,,,,,,,,,,,,,,,,,,,全国,,,,,,,7976.8,1385.92,,,,,,,,,,,,,,,,,,,,,,,,,,,,,,,,,,,,,,,,,,,,,,,,,,,,,,,,,,,,,,,,,,,,,,,,,,,,,,冬油菜(占85%以上),,,,,2015,,,1972.09,,
rapeseed_acreage_1978_2025,,,,,,,,,,,,,,,,,,,,,,,,,,,,,,,,,,,,,,,,,,,,,,,,,,,,,,,,,,,,,,,,,,,,,,,,,,,,,,,,,,,,,,,,,,,,,,,,,,,,,,,,,,,,,,,,,,,,,,,,,,,,,,,,,,,,,,,,,,,,,,,,,,,,,,,,,,,,,,,,,,,,,,,,,,,,,,,,,,,,,,,,,,,,,,全国,,,,,,,7834.5,1312.80,,,,,,,,,,,,,,,,,,,,,,,,,,,,,,,,,,,,,,,,,,,,,,,,,,,,,,,,,,,,,,,,,,,,,,,,,,,,,,冬油菜(占85%以上),,,,,2016,,,1982.25,,
rapeseed_acreage_1978_2025,,,,,,,,,,,,,,,,,,,,,,,,,,,,,,,,,,,,,,,,,,,,,,,,,,,,,,,,,,,,,,,,,,,,,,,,,,,,,,,,,,,,,,,,,,,,,,,,,,,,,,,,,,,,,,,,,,,,,,,,,,,,,,,,,,,,,,,,,,,,,,,,,,,,,,,,,,,,,,,,,,,,,,,,,,,,,,,,,,,,,,,,,,,,,,全国,,,,,,,7925.8,1327.41,,,,,,,,,,,,,,,,,,,,,,,,,,,,,,,,,,,,,,,,,,,,,,,,,,,,,,,,,,,,,,,,,,,,,,,,,,,,,,冬油菜(占85%以上),,,,,2017,,,1995.21,,
rapeseed_acreage_1978_2025,,,,,,,,,,,,,,,,,,,,,,,,,,,,,,,,,,,,,,,,,,,,,,,,,,,,,,,,,,,,,,,,,,,,,,,,,,,,,,,,,,,,,,,,,,,,,,,,,,,,,,,,,,,,,,,,,,,,,,,,,,,,,,,,,,,,,,,,,,,,,,,,,,,,,,,,,,,,,,,,,,,,,,,,,,,,,,,,,,,,,,,,,,,,,,全国,,,,,,,8034.1,1328.12,,,,,,,,,,,,,,,,,,,,,,,,,,,,,,,,,,,,,,,,,,,,,,,,,,,,,,,,,,,,,,,,,,,,,,,,,,,,,,冬油菜(占85%以上),,,,,2018,,,2027.47,,
rapeseed_acreage_1978_2025,,,,,,,,,,,,,,,,,,,,,,,,,,,,,,,,,,,,,,,,,,,,,,,,,,,,,,,,,,,,,,,,,,,,,,,,,,,,,,,,,,,,,,,,,,,,,,,,,,,,,,,,,,,,,,,,,,,,,,,,,,,,,,,,,,,,,,,,,,,,,,,,,,,,,,,,,,,,,,,,,,,,,,,,,,,,,,,,,,,,,,,,,,,,,,全国,,,,,,,8152.3,1348.47,,,,,,,,,,,,,,,,,,,,,,,,,,,,,,,,,,,,,,,,,,,,,,,,,,,,,,,,,,,,,,,,,,,,,,,,,,,,,,冬油菜(占85%以上),,,,,2019,,,2048.39,,
rapeseed_acreage_1978_2025,,,,,,,,,,,,,,,,,,,,,,,,,,,,,,,,,,,,,,,,,,,,,,,,,,,,,,,,,,,,,,,,,,,,,,,,,,,,,,,,,,,,,,,,,,,,,,,,,,,,,,,,,,,,,,,,,,,,,,,,,,,,,,,,,,,,,,,,,,,,,,,,,,,,,,,,,,,,,,,,,,,,,,,,,,,,,,,,,,,,,,,,,,,,,,全国,,,,,,,8235.1,1348.47,,,,,,,,,,,,,,,,,,,,,,,,,,,,,,,,,,,,,,,,,,,,,,,,,,,,,,,,,,,,,,,,,,,,,,,,,,,,,,冬油菜(占85%以上),,,,,2020,,,2076.82,,
rapeseed_acreage_1978_2025,,,,,,,,,,,,,,,,,,,,,,,,,,,,,,,,,,,,,,,,,,,,,,,,,,,,,,,,,,,,,,,,,,,,,,,,,,,,,,,,,,,,,,,,,,,,,,,,,,,,,,,,,,,,,,,,,,,,,,,,,,,,,,,,,,,,,,,,,,,,,,,,,,,,,,,,,,,,,,,,,,,,,,,,,,,,,,,,,,,,,,,,,,,,,,全国,,,,,,,8310.6,1404.91,,,,,,,,,,,,,,,,,,,,,,,,,,,,,,,,,,,,,,,,,,,,,,,,,,,,,,,,,,,,,,,,,,,,,,,,,,,,,,冬油菜(占85%以上),,,,,2021,,,2104.46,,
rapeseed_acreage_1978_2025,,,,,,,,,,,,,,,,,,,,,,,,,,,,,,,,,,,,,,,,,,,,,,,,,,,,,,,,,,,,,,,,,,,,,,,,,,,,,,,,,,,,,,,,,,,,,,,,,,,,,,,,,,,,,,,,,,,,,,,,,,,,,,,,,,,,,,,,,,,,,,,,,,,,,,,,,,,,,,,,,,,,,,,,,,,,,,,,,,,,,,,,,,,,,,全国,,,,,,,8389.5,1553.14,,,,,,,,,,,,,,,,,,,,,,,,,,,,,,,,,,,,,,,,,,,,,,,,,,,,,,,,,,,,,,,,,,,,,,,,,,,,,,冬油菜(占85%以上),,,,,2022,,,2141.24,,
rapeseed_acreage_1978_2025,,,,,,,,,,,,,,,,,,,,,,,,,,,,,,,,,,,,,,,,,,,,,,,,,,,,,,,,,,,,,,,,,,,,,,,,,,,,,,,,,,,,,,,,,,,,,,,,,,,,,,,,,,,,,,,,,,,,,,,,,,,,,,,,,,,,,,,,,,,,,,,,,,,,,,,,,,,,,,,,,,,,,,,,,,,,,,,,,,,,,,,,,,,,,,全国,,,,,,,8450.0,1631.70,,,,,,,,,,,,,,,,,,,,,,,,,,,,,,,,,,,,,,,,,,,,,,,,,,,,,,,,,,,,,,,,,,,,,,,,,,,,,,冬油菜(占85%以上),,,,,2023,,,2090.76,,
rapeseed_acreage_1978_2025,,,,,,,,,,,,,,,,,,,,,,,,,,,,,,,,,,,,,,,,,,,,,,,,,,,,,,,,,,,,,,,,,,,,,,,,projected,,,,,,,,,,,,,,,,,,,,,,,,,,,,,,,,,,,,,,,,,,,,,,,,,,,,,,,,,,,,,,,,,,,,,,,,,,,,,,,,,,,,,,,,,,,,,,,,,,,,,,,,,,,,,,,,,,,,,,全国,,,,,,,8500.0,,,,,,,,,,,,,,,,,,,,,,,,,,,,,,,,,,,,,,,,,,,,,,,,,,,,,,,,,,,,,,,,,,,,,,,,,,,,,,,,,,,,2024,,,,,
rapeseed_acreage_1978_2025,,,,,,,,,,,,,,,,,,,,,,,,,,,,,,,,,,,,,,,,,,,,,,,,,,,,,,,,,,,,,,,,,,,,,,,,projected,,,,,,,,,,,,,,,,,,,,,,,,,,,,,,,,,,,,,,,,,,,,,,,,,,,,,,,,,,,,,,,,,,,,,,,,,,,,,,,,,,,,,,,,,,,,,,,,,,,,,,,,,,,,,,,,,,,,,,全国,,,,,,,8550.0,,,,,,,,,,,,,,,,,,,,,,,,,,,,,,,,,,,,,,,,,,,,,,,,,,,,,,,,,,,,,,,,,,,,,,,,,,,,,,,,,,,,2025,,,,,
rapeseed_acreage_1978_2025,,,,,,,,,,,,,,,,,,,,,,,,,,,,,,,,,,,,,,,,,,,,,,,,,,,,,,,,,,,,,,,,,,,,,,,,,,,,,,,,,,,,,,,,,,,,,,,,,,,,,,,,,,,,,,,,,,,,,,,,,,,,,,,,,,,,,,,,,,,,,,,,,,,,,,,,,,,,,,,,,,,,,,,,,,,,,,,,,,,,,,,,,,,,,,湖北,,,,,,,,211.35,,,,,,,,,,,,,,,,,,,,,,,,,,,,,,,,,,,,,,,,,,,,,,,,,,,,,,,,,,,,,,,,,,,,,,,,,,,,,,冬油菜,,,,,2020,,,,,
rapeseed_acreage_1978_2025,,,,,,,,,,,,,,,,,,,,,,,,,,,,,,,,,,,,,,,,,,,,,,,,,,,,,,,,,,,,,,,,,,,,,,,,,,,,,,,,,,,,,,,,,,,,,,,,,,,,,,,,,,,,,,,,,,,,,,,,,,,,,,,,,,,,,,,,,,,,,,,,,,,,,,,,,,,,,,,,,,,,,,,,,,,,,,,,,,,,,,,,,,,,,,湖北,,,,,,,,241.06,,,,,,,,,,,,,,,,,,,,,,,,,,,,,,,,,,,,,,,,,,,,,,,,,,,,,,,,,,,,,,,,,,,,,,,,,,,,,,冬油菜,,,,,2021,,,,,
rapeseed_acreage_1978_2025,,,,,,,,,,,,,,,,,,,,,,,,,,,,,,,,,,,,,,,,,,,,,,,,,,,,,,,,,,,,,,,,,,,,,,,,,,,,,,,,,,,,,,,,,,,,,,,,,,,,,,,,,,,,,,,,,,,,,,,,,,,,,,,,,,,,,,,,,,,,,,,,,,,,,,,,,,,,,,,,,,,,,,,,,,,,,,,,,,,,,,,,,,,,,,湖北,,,,,,,,251.78,,,,,,,,,,,,,,,,,,,,,,,,,,,,,,,,,,,,,,,,,,,,,,,,,,,,,,,,,,,,,,,,,,,,,,,,,,,,,,冬油菜,,,,,2022,,,,,
rapeseed_acreage_1978_2025,,,,,,,,,,,,,,,,,,,,,,,,,,,,,,,,,,,,,,,,,,,,,,,,,,,,,,,,,,,,,,,,,,,,,,,,,,,,,,,,,,,,,,,,,,,,,,,,,,,,,,,,,,,,,,,,,,,,,,,,,,,,,,,,,,,,,,,,,,,,,,,,,,,,,,,,,,,,,,,,,,,,,,,,,,,,,,,,,,,,,,,,,,,,,,湖北,,,,,,,1222.0,274.19,,,,,,,,,,,,,,,,,,,,,,,,,,,,,,,,,,,,,,,,,,,,,,,,,,,,,,,,,,,,,,,,,,,,,,,,,,,,,,冬油菜,,,,,2023,,,,,
rapeseed_acreage_1978_2025,,,,,,,,,,,,,,,,,,,,,,,,,,,,,,,,,,,,,,,,,,,,,,,,,,,,,荆州市,,,,,,,,,,,,,,,,,,,,,,,,,,,,,,,,,,,,,,,,,,,,,,,,,,,,,,,,,,,,,,,,,,,,,,,,,,,,,,,,,,,,,,,,,,,,,,,,,,,,,,,,,,,,,,,,,,,,,,,,,,,,,,,,,,,,,,,,,湖北,,,,,,,226.9,58.94,,,,,,,,,,,,,,,,,,,,,,,,,,,,,,,,,,,,,,,,,,,,,,,,,,,,,,,,,,,,,,,,,,,,,,,,,,,,,,冬油菜,,,,,2023,,,,,
rapeseed_acreage_1978_2025,,,,,,,,,,,,,,,,,,,,,,,,,,,,,,,,,,,,,,,,,,,,,,,,,,,,,荆门市,,,,,,,,,,,,,,,,,,,,,,,,,,,,,,,,,,,,,,,,,,,,,,,,,,,,,,,,,,,,,,,,,,,,,,,,,,,,,,,,,,,,,,,,,,,,,,,,,,,,,,,,,,,,,,,,,,,,,,,,,,,,,,,,,,,,,,,,,湖北,,,,,,,149.4,37.28,,,,,,,,,,,,,,,,,,,,,,,,,,,,,,,,,,,,,,,,,,,,,,,,,,,,,,,,,,,,,,,,,,,,,,,,,,,,,,冬油菜,,,,,2023,,,,,
rapeseed_acreage_1978_2025,,,,,,,,,,,,,,,,,,,,,,,,,,,,,,,,,,,,,,,,,,,,,,,,,,,,,沙洋县,,,,,,,,,,,,,,,,,,,,,,,,,,,,,,,,,,,,,,,,,,,,,,,,,,,,,,,,,,,,,,,,,,,,,,,,,,,,,,,,,,,,,,,,,,,,,,,,,,,,,,,,,,,,,,,,,,,,,,,,,,,,,,,,,,,,,,,,,湖北,,,,,,,49.2,11.70,,,,,,,,,,,,,,,,,,,,,,,,,,,,,,,,,,,,,,,,,,,,,,,,,,,,,,,,,,,,,,,,,,,,,,,,,,,,,,冬油菜,,,,,2023,,,,,
rapeseed_acreage_1978_2025,,,,,,,,,,,,,,,,,,,,,,,,,,,,,,,,,,,,,,,,,,,,,,,,,,,,,荆州区,,,,,,,,,,,,,,,,,,,,,,,,,,,,,,,,,,,,,,,,,,,,,,,,,,,,,,,,,,,,,,,,,,,,,,,,,,,,,,,,,,,,,,,,,,,,,,,,,,,,,,,,,,,,,,,,,,,,,,,,,,,,,,,,,,,,,,,,,湖北,,,,,,,12.5,3.90,,,,,,,,,,,,,,,,,,,,,,,,,,,,,,,,,,,,,,,,,,,,,,,,,,,,,,,,,,,,,,,,,,,,,,,,,,,,,,冬油菜,,,,,2023,,,,,
rapeseed_acreage_1978_2025,,,,,,,,,,,,,,,,,,,,,,,,,,,,,,,,,,,,,,,,,,,,,,,,,,,,,公安县,,,,,,,,,,,,,,,,,,,,,,,,,,,,,,,,,,,,,,,,,,,,,,,,,,,,,,,,,,,,,,,,,,,,,,,,,,,,,,,,,,,,,,,,,,,,,,,,,,,,,,,,,,,,,,,,,,,,,,,,,,,,,,,,,,,,,,,,,湖北,,,,,,,38.0,,,,,,,,,,,,,,,,,,,,,,,,,,,,,,,,,,,,,,,,,,,,,,,,,,,,,,,,,,,,,,,,,,,,,,,,,,,,,,,冬油菜,,,,,2023,,,,,
rapeseed_acreage_1978_2025,,,,,,,,,,,,,,,,,,,,,,,,,,,,,,,,,,,,,,,,,,,,,,,,,,,,,,,,,,,,,,,,,,,,,,,,,,,,,,,,,,,,,,,,,,,,,,,,,,,,,,,,,,,,,,,,,,,,,,,,,,,,,,,,,,,,,,,,,,,,,,,,,,,,,,,,,,,,,,,,,,,,,,,,,,,,,,,,,,,,,,,,,,,,,,湖南,,,,,,,,208.01,,,,,,,,,,,,,,,,,,,,,,,,,,,,,,,,,,,,,,,,,,,,,,,,,,,,,,,,,,,,,,,,,,,,,,,,,,,,,,冬油菜,,,,,2020,,,,,
rapeseed_acreage_1978_2025,,,,,,,,,,,,,,,,,,,,,,,,,,,,,,,,,,,,,,,,,,,,,,,,,,,,,,,,,,,,,,,,,,,,,,,,,,,,,,,,,,,,,,,,,,,,,,,,,,,,,,,,,,,,,,,,,,,,,,,,,,,,,,,,,,,,,,,,,,,,,,,,,,,,,,,,,,,,,,,,,,,,,,,,,,,,,,,,,,,,,,,,,,,,,,湖南,,,,,,,,228.74,,,,,,,,,,,,,,,,,,,,,,,,,,,,,,,,,,,,,,,,,,,,,,,,,,,,,,,,,,,,,,,,,,,,,,,,,,,,,,冬油菜,,,,,2021,,,,,
rapeseed_acreage_1978_2025,,,,,,,,,,,,,,,,,,,,,,,,,,,,,,,,,,,,,,,,,,,,,,,,,,,,,,,,,,,,,,,,,,,,,,,,,,,,,,,,,,,,,,,,,,,,,,,,,,,,,,,,,,,,,,,,,,,,,,,,,,,,,,,,,,,,,,,,,,,,,,,,,,,,,,,,,,,,,,,,,,,,,,,,,,,,,,,,,,,,,,,,,,,,,,湖南,,,,,,,1469.0,230.25,,,,,,,,,,,,,,,,,,,,,,,,,,,,,,,,,,,,,,,,,,,,,,,,,,,,,,,,,,,,,,,,,,,,,,,,,,,,,,冬油菜,,,,,2022,,,,,
rapeseed_acreage_1978_2025,,,,,,,,,,,,,,,,,,,,,,,,,,,,,,,,,,,,,,,,,,,,,,,,,,,,,,,,,,,,,,,,,,,,,,,,,,,,,,,,,,,,,,,,,,,,,,,,,,,,,,,,,,,,,,,,,,,,,,,,,,,,,,,,,,,,,,,,,,,,,,,,,,,,,,,,,,,,,,,,,,,,,,,,,,,,,,,,,,,,,,,,,,,,,,湖南,,,,,,,,243.82,,,,,,,,,,,,,,,,,,,,,,,,,,,,,,,,,,,,,,,,,,,,,,,,,,,,,,,,,,,,,,,,,,,,,,,,,,,,,,冬油菜,,,,,2023,,,,,
rapeseed_acreage_1978_2025,,,,,,,,,,,,,,,,,,,,,,,,,,,,,,,,,,,,,,,,,,,,,,,,,,,,,衡阳县,,,,,,,,,,,,,,,,,,,,,,,,,,,,,,,,,,,,,,,,,,,,,,,,,,,,,,,,,,,,,,,,,,,,,,,,,,,,,,,,,,,,,,,,,,,,,,,,,,,,,,,,,,,,,,,,,,,,,,,,,,,,,,,,,,,,,,,,,湖南,,,,,,,46.7,8.00,,,,,,,,,,,,,,,,,,,,,,,,,,,,,,,,,,,,,,,,,,,,,,,,,,,,,,,,,,,,,,,,,,,,,,,,,,,,,,冬油菜,,,,,2023,,,,,
rapeseed_acreage_1978_2025,,,,,,,,,,,,,,,,,,,,,,,,,,,,,,,,,,,,,,,,,,,,,,,,,,,,,永顺县,,,,,,,,,,,,,,,,,,,,,,,,,,,,,,,,,,,,,,,,,,,,,,,,,,,,,,,,,,,,,,,,,,,,,,,,,,,,,,,,,,,,,,,,,,,,,,,,,,,,,,,,,,,,,,,,,,,,,,,,,,,,,,,,,,,,,,,,,湖南,,,,,,,11.9,,,,,,,,,,,,,,,,,,,,,,,,,,,,,,,,,,,,,,,,,,,,,,,,,,,,,,,,,,,,,,,,,,,,,,,,,,,,,,,冬油菜,,,,,2022,,,,,
rapeseed_acreage_1978_2025,,,,,,,,,,,,,,,,,,,,,,,,,,,,,,,,,,,,,,,,,,,,,,,,,,,,,,,,,,,,,,,,,,,,,,,,,,,,,,,,,,,,,,,,,,,,,,,,,,,,,,,,,,,,,,,,,,,,,,,,,,,,,,,,,,,,,,,,,,,,,,,,,,,,,,,,,,,,,,,,,,,,,,,,,,,,,,,,,,,,,,,,,,,,,,四川,,,,,,,,296.45,,,,,,,,,,,,,,,,,,,,,,,,,,,,,,,,,,,,,,,,,,,,,,,,,,,,,,,,,,,,,,,,,,,,,,,,,,,,,,冬油菜,,,,,2020,,,,,
rapeseed_acreage_1978_2025,,,,,,,,,,,,,,,,,,,,,,,,,,,,,,,,,,,,,,,,,,,,,,,,,,,,,,,,,,,,,,,,,,,,,,,,,,,,,,,,,,,,,,,,,,,,,,,,,,,,,,,,,,,,,,,,,,,,,,,,,,,,,,,,,,,,,,,,,,,,,,,,,,,,,,,,,,,,,,,,,,,,,,,,,,,,,,,,,,,,,,,,,,,,,,四川,,,,,,,,317.20,,,,,,,,,,,,,,,,,,,,,,,,,,,,,,,,,,,,,,,,,,,,,,,,,,,,,,,,,,,,,,,,,,,,,,,,,,,,,,冬油菜,,,,,2021,,,,,
rapeseed_acreage_1978_2025,,,,,,,,,,,,,,,,,,,,,,,,,,,,,,,,,,,,,,,,,,,,,,,,,,,,,,,,,,,,,,,,,,,,,,,,,,,,,,,,,,,,,,,,,,,,,,,,,,,,,,,,,,,,,,,,,,,,,,,,,,,,,,,,,,,,,,,,,,,,,,,,,,,,,,,,,,,,,,,,,,,,,,,,,,,,,,,,,,,,,,,,,,,,,,四川,,,,,,,,338.66,,,,,,,,,,,,,,,,,,,,,,,,,,,,,,,,,,,,,,,,,,,,,,,,,,,,,,,,,,,,,,,,,,,,,,,,,,,,,,冬油菜,,,,,2022,,,,,
rapeseed_acreage_1978_2025,,,,,,,,,,,,,,,,,,,,,,,,,,,,,,,,,,,,,,,,,,,,,,,,,,,,,,,,,,,,,,,,,,,,,,,,,,,,,,,,,,,,,,,,,,,,,,,,,,,,,,,,,,,,,,,,,,,,,,,,,,,,,,,,,,,,,,,,,,,,,,,,,,,,,,,,,,,,,,,,,,,,,,,,,,,,,,,,,,,,,,,,,,,,,,四川,,,,,,,,354.14,,,,,,,,,,,,,,,,,,,,,,,,,,,,,,,,,,,,,,,,,,,,,,,,,,,,,,,,,,,,,,,,,,,,,,,,,,,,,,冬油菜,,,,,2023,,,,,
rapeseed_acreage_1978_2025,,,,,,,,,,,,,,,,,,,,,,,,,,,,,,,,,,,,,,,,,,,,,,,,,,,,,三台县,,,,,,,,,,,,,,,,,,,,,,,,,,,,,,,,,,,,,,,,,,,,,,,,,,,,,,,,,,,,,,,,,,,,,,,,,,,,,,,,,,,,,,,,,,,,,,,,,,,,,,,,,,,,,,,,,,,,,,,,,,,,,,,,,,,,,,,,,四川,,,,,,,45.6,,,,,,,,,,,,,,,,,,,,,,,,,,,,,,,,,,,,,,,,,,,,,,,,,,,,,,,,,,,,,,,,,,,,,,,,,,,,,,,冬油菜,,,,,2022,,,,,
rapeseed_acreage_1978_2025,,,,,,,,,,,,,,,,,,,,,,,,,,,,,,,,,,,,,,,,,,,,,,,,,,,,,中江县,,,,,,,,,,,,,,,,,,,,,,,,,,,,,,,,,,,,,,,,,,,,,,,,,,,,,,,,,,,,,,,,,,,,,,,,,,,,,,,,,,,,,,,,,,,,,,,,,,,,,,,,,,,,,,,,,,,,,,,,,,,,,,,,,,,,,,,,,四川,,,,,,,36.3,,,,,,,,,,,,,,,,,,,,,,,,,,,,,,,,,,,,,,,,,,,,,,,,,,,,,,,,,,,,,,,,,,,,,,,,,,,,,,,冬油菜,,,,,2022,,,,,
rapeseed_acreage_1978_2025,,,,,,,,,,,,,,,,,,,,,,,,,,,,,,,,,,,,,,,,,,,,,,,,,,,,,,,,,,,,,,,,,,,,,,,,,,,,,,,,,,,,,,,,,,,,,,,,,,,,,,,,,,,,,,,,,,,,,,,,,,,,,,,,,,,,,,,,,,,,,,,,,,,,,,,,,,,,,,,,,,,,,,,,,,,,,,,,,,,,,,,,,,,,,,江西,,,,,,,,68.87,,,,,,,,,,,,,,,,,,,,,,,,,,,,,,,,,,,,,,,,,,,,,,,,,,,,,,,,,,,,,,,,,,,,,,,,,,,,,,冬油菜,,,,,2020,,,,,
rapeseed_acreage_1978_2025,,,,,,,,,,,,,,,,,,,,,,,,,,,,,,,,,,,,,,,,,,,,,,,,,,,,,,,,,,,,,,,,,,,,,,,,,,,,,,,,,,,,,,,,,,,,,,,,,,,,,,,,,,,,,,,,,,,,,,,,,,,,,,,,,,,,,,,,,,,,,,,,,,,,,,,,,,,,,,,,,,,,,,,,,,,,,,,,,,,,,,,,,,,,,,江西,,,,,,,,67.81,,,,,,,,,,,,,,,,,,,,,,,,,,,,,,,,,,,,,,,,,,,,,,,,,,,,,,,,,,,,,,,,,,,,,,,,,,,,,,冬油菜,,,,,2021,,,,,
rapeseed_acreage_1978_2025,,,,,,,,,,,,,,,,,,,,,,,,,,,,,,,,,,,,,,,,,,,,,,,,,,,,,,,,,,,,,,,,,,,,,,,,,,,,,,,,,,,,,,,,,,,,,,,,,,,,,,,,,,,,,,,,,,,,,,,,,,,,,,,,,,,,,,,,,,,,,,,,,,,,,,,,,,,,,,,,,,,,,,,,,,,,,,,,,,,,,,,,,,,,,,江西,,,,,,,524.6,73.36,,,,,,,,,,,,,,,,,,,,,,,,,,,,,,,,,,,,,,,,,,,,,,,,,,,,,,,,,,,,,,,,,,,,,,,,,,,,,,冬油菜,,,,,2022,,,,,
rapeseed_acreage_1978_2025,,,,,,,,,,,,,,,,,,,,,,,,,,,,,,,,,,,,,,,,,,,,,,,,,,,,,,,,,,,,,,,,,,,,,,,,,,,,,,,,,,,,,,,,,,,,,,,,,,,,,,,,,,,,,,,,,,,,,,,,,,,,,,,,,,,,,,,,,,,,,,,,,,,,,,,,,,,,,,,,,,,,,,,,,,,,,,,,,,,,,,,,,,,,,,江西,,,,,,,,79.06,,,,,,,,,,,,,,,,,,,,,,,,,,,,,,,,,,,,,,,,,,,,,,,,,,,,,,,,,,,,,,,,,,,,,,,,,,,,,,冬油菜,,,,,2023,,,,,
rapeseed_acreage_1978_2025,,,,,,,,,,,,,,,,,,,,,,,,,,,,,,,,,,,,,,,,,,,,,,,,,,,,,鄱阳县,,,,,,,,,,,,,,,,,,,,,,,,,,,,,,,,,,,,,,,,,,,,,,,,,,,,,,,,,,,,,,,,,,,,,,,,,,,,,,,,,,,,,,,,,,,,,,,,,,,,,,,,,,,,,,,,,,,,,,,,,,,,,,,,,,,,,,,,,江西,,,,,,,37.3,,,,,,,,,,,,,,,,,,,,,,,,,,,,,,,,,,,,,,,,,,,,,,,,,,,,,,,,,,,,,,,,,,,,,,,,,,,,,,,冬油菜,,,,,2023,,,,,
rapeseed_acreage_1978_2025,,,,,,,,,,,,,,,,,,,,,,,,,,,,,,,,,,,,,,,,,,,,,,,,,,,,,彭泽县,,,,,,,,,,,,,,,,,,,,,,,,,,,,,,,,,,,,,,,,,,,,,,,,,,,,,,,,,,,,,,,,,,,,,,,,,,,,,,,,,,,,,,,,,,,,,,,,,,,,,,,,,,,,,,,,,,,,,,,,,,,,,,,,,,,,,,,,,江西,,,,,,,17.3,3.54,,,,,,,,,,,,,,,,,,,,,,,,,,,,,,,,,,,,,,,,,,,,,,,,,,,,,,,,,,,,,,,,,,,,,,,,,,,,,,冬油菜,,,,,2023,,,,,
rapeseed_acreage_1978_2025,,,,,,,,,,,,,,,,,,,,,,,,,,,,,,,,,,,,,,,,,,,,,,,,,,,,,,,,,,,,,,,,,,,,,,,,,,,,,,,,,,,,,,,,,,,,,,,,,,,,,,,,,,,,,,,,,,,,,,,,,,,,,,,,,,,,,,,,,,,,,,,,,,,,,,,,,,,,,,,,,,,,,,,,,,,,,,,,,,,,,,,,,,,,,,贵州,,,,,,,,77.25,,,,,,,,,,,,,,,,,,,,,,,,,,,,,,,,,,,,,,,,,,,,,,,,,,,,,,,,,,,,,,,,,,,,,,,,,,,,,,冬油菜,,,,,2020,,,,,
rapeseed_acreage_1978_2025,,,,,,,,,,,,,,,,,,,,,,,,,,,,,,,,,,,,,,,,,,,,,,,,,,,,,,,,,,,,,,,,,,,,,,,,,,,,,,,,,,,,,,,,,,,,,,,,,,,,,,,,,,,,,,,,,,,,,,,,,,,,,,,,,,,,,,,,,,,,,,,,,,,,,,,,,,,,,,,,,,,,,,,,,,,,,,,,,,,,,,,,,,,,,,贵州,,,,,,,,76.17,,,,,,,,,,,,,,,,,,,,,,,,,,,,,,,,,,,,,,,,,,,,,,,,,,,,,,,,,,,,,,,,,,,,,,,,,,,,,,冬油菜,,,,,2021,,,,,
rapeseed_acreage_1978_2025,,,,,,,,,,,,,,,,,,,,,,,,,,,,,,,,,,,,,,,,,,,,,,,,,,,,,,,,,,,,,,,,,,,,,,,,,,,,,,,,,,,,,,,,,,,,,,,,,,,,,,,,,,,,,,,,,,,,,,,,,,,,,,,,,,,,,,,,,,,,,,,,,,,,,,,,,,,,,,,,,,,,,,,,,,,,,,,,,,,,,,,,,,,,,,贵州,,,,,,,506.5,80.87,,,,,,,,,,,,,,,,,,,,,,,,,,,,,,,,,,,,,,,,,,,,,,,,,,,,,,,,,,,,,,,,,,,,,,,,,,,,,,冬油菜,,,,,2022,,,,,
rapeseed_acreage_1978_2025,,,,,,,,,,,,,,,,,,,,,,,,,,,,,,,,,,,,,,,,,,,,,,,,,,,,,,,,,,,,,,,,,,,,,,,,,,,,,,,,,,,,,,,,,,,,,,,,,,,,,,,,,,,,,,,,,,,,,,,,,,,,,,,,,,,,,,,,,,,,,,,,,,,,,,,,,,,,,,,,,,,,,,,,,,,,,,,,,,,,,,,,,,,,,,贵州,,,,,,,,94.73,,,,,,,,,,,,,,,,,,,,,,,,,,,,,,,,,,,,,,,,,,,,,,,,,,,,,,,,,,,,,,,,,,,,,,,,,,,,,,冬油菜,,,,,2023,,,,,
rapeseed_acreage_1978_2025,,,,,,,,,,,,,,,,,,,,,,,,,,,,,,,,,,,,,,,,,,,,,,,,,,,,,,,,,,,,,,,,,,,,,,,,,,,,,,,,,,,,,,,,,,,,,,,,,,,,,,,,,,,,,,,,,,,,,,,,,,,,,,,,,,,,,,,,,,,,,,,,,,,,,,,,,,,,,,,,,,,,,,,,,,,,,,,,,,,,,,,,,,,,,,安徽,,,,,,,,87.28,,,,,,,,,,,,,,,,,,,,,,,,,,,,,,,,,,,,,,,,,,,,,,,,,,,,,,,,,,,,,,,,,,,,,,,,,,,,,,冬油菜,,,,,2020,,,,,
rapeseed_acreage_1978_2025,,,,,,,,,,,,,,,,,,,,,,,,,,,,,,,,,,,,,,,,,,,,,,,,,,,,,,,,,,,,,,,,,,,,,,,,,,,,,,,,,,,,,,,,,,,,,,,,,,,,,,,,,,,,,,,,,,,,,,,,,,,,,,,,,,,,,,,,,,,,,,,,,,,,,,,,,,,,,,,,,,,,,,,,,,,,,,,,,,,,,,,,,,,,,,安徽,,,,,,,,85.30,,,,,,,,,,,,,,,,,,,,,,,,,,,,,,,,,,,,,,,,,,,,,,,,,,,,,,,,,,,,,,,,,,,,,,,,,,,,,,冬油菜,,,,,2021,,,,,
rapeseed_acreage_1978_2025,,,,,,,,,,,,,,,,,,,,,,,,,,,,,,,,,,,,,,,,,,,,,,,,,,,,,,,,,,,,,,,,,,,,,,,,,,,,,,,,,,,,,,,,,,,,,,,,,,,,,,,,,,,,,,,,,,,,,,,,,,,,,,,,,,,,,,,,,,,,,,,,,,,,,,,,,,,,,,,,,,,,,,,,,,,,,,,,,,,,,,,,,,,,,,安徽,,,,,,,,91.06,,,,,,,,,,,,,,,,,,,,,,,,,,,,,,,,,,,,,,,,,,,,,,,,,,,,,,,,,,,,,,,,,,,,,,,,,,,,,,冬油菜,,,,,2022,,,,,
rapeseed_acreage_1978_2025,,,,,,,,,,,,,,,,,,,,,,,,,,,,,,,,,,,,,,,,,,,,,,,,,,,,,,,,,,,,,,,,,,,,,,,,,,,,,,,,,,,,,,,,,,,,,,,,,,,,,,,,,,,,,,,,,,,,,,,,,,,,,,,,,,,,,,,,,,,,,,,,,,,,,,,,,,,,,,,,,,,,,,,,,,,,,,,,,,,,,,,,,,,,,,安徽,,,,,,,,96.40,,,,,,,,,,,,,,,,,,,,,,,,,,,,,,,,,,,,,,,,,,,,,,,,,,,,,,,,,,,,,,,,,,,,,,,,,,,,,,冬油菜,,,,,2023,,,,,
rapeseed_acreage_1978_2025,,,,,,,,,,,,,,,,,,,,,,,,,,,,,,,,,,,,,,,,,,,,,,,,,,,,,,,,,,,,,,,,,,,,,,,,,,,,,,,,,,,,,,,,,,,,,,,,,,,,,,,,,,,,,,,,,,,,,,,,,,,,,,,,,,,,,,,,,,,,,,,,,,,,,,,,,,,,,,,,,,,,,,,,,,,,,,,,,,,,,,,,,,,,,,江苏,,,,,,,,50.45,,,,,,,,,,,,,,,,,,,,,,,,,,,,,,,,,,,,,,,,,,,,,,,,,,,,,,,,,,,,,,,,,,,,,,,,,,,,,,冬油菜,,,,,2020,,,,,
rapeseed_acreage_1978_2025,,,,,,,,,,,,,,,,,,,,,,,,,,,,,,,,,,,,,,,,,,,,,,,,,,,,,,,,,,,,,,,,,,,,,,,,,,,,,,,,,,,,,,,,,,,,,,,,,,,,,,,,,,,,,,,,,,,,,,,,,,,,,,,,,,,,,,,,,,,,,,,,,,,,,,,,,,,,,,,,,,,,,,,,,,,,,,,,,,,,,,,,,,,,,,江苏,,,,,,,,51.21,,,,,,,,,,,,,,,,,,,,,,,,,,,,,,,,,,,,,,,,,,,,,,,,,,,,,,,,,,,,,,,,,,,,,,,,,,,,,,冬油菜,,,,,2021,,,,,
rapeseed_acreage_1978_2025,,,,,,,,,,,,,,,,,,,,,,,,,,,,,,,,,,,,,,,,,,,,,,,,,,,,,,,,,,,,,,,,,,,,,,,,,,,,,,,,,,,,,,,,,,,,,,,,,,,,,,,,,,,,,,,,,,,,,,,,,,,,,,,,,,,,,,,,,,,,,,,,,,,,,,,,,,,,,,,,,,,,,,,,,,,,,,,,,,,,,,,,,,,,,,江苏,,,,,,,,56.38,,,,,,,,,,,,,,,,,,,,,,,,,,,,,,,,,,,,,,,,,,,,,,,,,,,,,,,,,,,,,,,,,,,,,,,,,,,,,,冬油菜,,,,,2022,,,,,
rapeseed_acreage_1978_2025,,,,,,,,,,,,,,,,,,,,,,,,,,,,,,,,,,,,,,,,,,,,,,,,,,,,,,,,,,,,,,,,,,,,,,,,,,,,,,,,,,,,,,,,,,,,,,,,,,,,,,,,,,,,,,,,,,,,,,,,,,,,,,,,,,,,,,,,,,,,,,,,,,,,,,,,,,,,,,,,,,,,,,,,,,,,,,,,,,,,,,,,,,,,,,江苏,,,,,,,,55.66,,,,,,,,,,,,,,,,,,,,,,,,,,,,,,,,,,,,,,,,,,,,,,,,,,,,,,,,,,,,,,,,,,,,,,,,,,,,,,冬油菜,,,,,2023,,,,,
rapeseed_acreage_1978_2025,,,,,,,,,,,,,,,,,,,,,,,,,,,,,,,,,,,,,,,,,,,,,,,,,,,,,,,,,,,,,,,,,,,,,,,,,,,,,,,,,,,,,,,,,,,,,,,,,,,,,,,,,,,,,,,,,,,,,,,,,,,,,,,,,,,,,,,,,,,,,,,,,,,,,,,,,,,,,,,,,,,,,,,,,,,,,,,,,,,,,,,,,,,,,,云南,,,,,,,,54.10,,,,,,,,,,,,,,,,,,,,,,,,,,,,,,,,,,,,,,,,,,,,,,,,,,,,,,,,,,,,,,,,,,,,,,,,,,,,,,冬油菜,,,,,2020,,,,,
rapeseed_acreage_1978_2025,,,,,,,,,,,,,,,,,,,,,,,,,,,,,,,,,,,,,,,,,,,,,,,,,,,,,,,,,,,,,,,,,,,,,,,,,,,,,,,,,,,,,,,,,,,,,,,,,,,,,,,,,,,,,,,,,,,,,,,,,,,,,,,,,,,,,,,,,,,,,,,,,,,,,,,,,,,,,,,,,,,,,,,,,,,,,,,,,,,,,,,,,,,,,,云南,,,,,,,,54.23,,,,,,,,,,,,,,,,,,,,,,,,,,,,,,,,,,,,,,,,,,,,,,,,,,,,,,,,,,,,,,,,,,,,,,,,,,,,,,冬油菜,,,,,2021,,,,,
rapeseed_acreage_1978_2025,,,,,,,,,,,,,,,,,,,,,,,,,,,,,,,,,,,,,,,,,,,,,,,,,,,,,,,,,,,,,,,,,,,,,,,,,,,,,,,,,,,,,,,,,,,,,,,,,,,,,,,,,,,,,,,,,,,,,,,,,,,,,,,,,,,,,,,,,,,,,,,,,,,,,,,,,,,,,,,,,,,,,,,,,,,,,,,,,,,,,,,,,,,,,,云南,,,,,,,243.0,54.49,,,,,,,,,,,,,,,,,,,,,,,,,,,,,,,,,,,,,,,,,,,,,,,,,,,,,,,,,,,,,,,,,,,,,,,,,,,,,,冬油菜,,,,,2022,,,,,
rapeseed_acreage_1978_2025,,,,,,,,,,,,,,,,,,,,,,,,,,,,,,,,,,,,,,,,,,,,,,,,,,,,,,,,,,,,,,,,,,,,,,,,,,,,,,,,,,,,,,,,,,,,,,,,,,,,,,,,,,,,,,,,,,,,,,,,,,,,,,,,,,,,,,,,,,,,,,,,,,,,,,,,,,,,,,,,,,,,,,,,,,,,,,,,,,,,,,,,,,,,,,云南,,,,,,,,53.88,,,,,,,,,,,,,,,,,,,,,,,,,,,,,,,,,,,,,,,,,,,,,,,,,,,,,,,,,,,,,,,,,,,,,,,,,,,,,,冬油菜,,,,,2023,,,,,
rapeseed_acreage_1978_2025,,,,,,,,,,,,,,,,,,,,,,,,,,,,,,,,,,,,,,,,,,,,,,,,,,,,,,,,,,,,,,,,,,,,,,,,,,,,,,,,,,,,,,,,,,,,,,,,,,,,,,,,,,,,,,,,,,,,,,,,,,,,,,,,,,,,,,,,,,,,,,,,,,,,,,,,,,,,,,,,,,,,,,,,,,,,,,,,,,,,,,,,,,,,,,河南,,,,,,,,44.25,,,,,,,,,,,,,,,,,,,,,,,,,,,,,,,,,,,,,,,,,,,,,,,,,,,,,,,,,,,,,,,,,,,,,,,,,,,,,,冬油菜,,,,,2020,,,,,
rapeseed_acreage_1978_2025,,,,,,,,,,,,,,,,,,,,,,,,,,,,,,,,,,,,,,,,,,,,,,,,,,,,,,,,,,,,,,,,,,,,,,,,,,,,,,,,,,,,,,,,,,,,,,,,,,,,,,,,,,,,,,,,,,,,,,,,,,,,,,,,,,,,,,,,,,,,,,,,,,,,,,,,,,,,,,,,,,,,,,,,,,,,,,,,,,,,,,,,,,,,,,河南,,,,,,,,45.95,,,,,,,,,,,,,,,,,,,,,,,,,,,,,,,,,,,,,,,,,,,,,,,,,,,,,,,,,,,,,,,,,,,,,,,,,,,,,,冬油菜,,,,,2021,,,,,
rapeseed_acreage_1978_2025,,,,,,,,,,,,,,,,,,,,,,,,,,,,,,,,,,,,,,,,,,,,,,,,,,,,,,,,,,,,,,,,,,,,,,,,,,,,,,,,,,,,,,,,,,,,,,,,,,,,,,,,,,,,,,,,,,,,,,,,,,,,,,,,,,,,,,,,,,,,,,,,,,,,,,,,,,,,,,,,,,,,,,,,,,,,,,,,,,,,,,,,,,,,,,河南,,,,,,,,49.44,,,,,,,,,,,,,,,,,,,,,,,,,,,,,,,,,,,,,,,,,,,,,,,,,,,,,,,,,,,,,,,,,,,,,,,,,,,,,,冬油菜,,,,,2022,,,,,
rapeseed_acreage_1978_2025,,,,,,,,,,,,,,,,,,,,,,,,,,,,,,,,,,,,,,,,,,,,,,,,,,,,,,,,,,,,,,,,,,,,,,,,,,,,,,,,,,,,,,,,,,,,,,,,,,,,,,,,,,,,,,,,,,,,,,,,,,,,,,,,,,,,,,,,,,,,,,,,,,,,,,,,,,,,,,,,,,,,,,,,,,,,,,,,,,,,,,,,,,,,,,河南,,,,,,,,49.01,,,,,,,,,,,,,,,,,,,,,,,,,,,,,,,,,,,,,,,,,,,,,,,,,,,,,,,,,,,,,,,,,,,,,,,,,,,,,,冬油菜,,,,,2023,,,,,
rapeseed_acreage_1978_2025,,,,,,,,,,,,,,,,,,,,,,,,,,,,,,,,,,,,,,,,,,,,,,,,,,,,,,,,,,,,,,,,,,,,,,,,,,,,,,,,,,,,,,,,,,,,,,,,,,,,,,,,,,,,,,,,,,,,,,,,,,,,,,,,,,,,,,,,,,,,,,,,,,,,,,,,,,,,,,,,,,,,,,,,,,,,,,,,,,,,,,,,,,,,,,陕西,,,,,,,,37.26,,,,,,,,,,,,,,,,,,,,,,,,,,,,,,,,,,,,,,,,,,,,,,,,,,,,,,,,,,,,,,,,,,,,,,,,,,,,,,冬油菜(南部),,,,,2020,,,,,
rapeseed_acreage_1978_2025,,,,,,,,,,,,,,,,,,,,,,,,,,,,,,,,,,,,,,,,,,,,,,,,,,,,,,,,,,,,,,,,,,,,,,,,,,,,,,,,,,,,,,,,,,,,,,,,,,,,,,,,,,,,,,,,,,,,,,,,,,,,,,,,,,,,,,,,,,,,,,,,,,,,,,,,,,,,,,,,,,,,,,,,,,,,,,,,,,,,,,,,,,,,,,陕西,,,,,,,,37.51,,,,,,,,,,,,,,,,,,,,,,,,,,,,,,,,,,,,,,,,,,,,,,,,,,,,,,,,,,,,,,,,,,,,,,,,,,,,,,冬油菜(南部),,,,,2021,,,,,
rapeseed_acreage_1978_2025,,,,,,,,,,,,,,,,,,,,,,,,,,,,,,,,,,,,,,,,,,,,,,,,,,,,,,,,,,,,,,,,,,,,,,,,,,,,,,,,,,,,,,,,,,,,,,,,,,,,,,,,,,,,,,,,,,,,,,,,,,,,,,,,,,,,,,,,,,,,,,,,,,,,,,,,,,,,,,,,,,,,,,,,,,,,,,,,,,,,,,,,,,,,,,陕西,,,,,,,166.0,38.97,,,,,,,,,,,,,,,,,,,,,,,,,,,,,,,,,,,,,,,,,,,,,,,,,,,,,,,,,,,,,,,,,,,,,,,,,,,,,,冬油菜(南部),,,,,2022,,,,,
rapeseed_acreage_1978_2025,,,,,,,,,,,,,,,,,,,,,,,,,,,,,,,,,,,,,,,,,,,,,,,,,,,,,,,,,,,,,,,,,,,,,,,,,,,,,,,,,,,,,,,,,,,,,,,,,,,,,,,,,,,,,,,,,,,,,,,,,,,,,,,,,,,,,,,,,,,,,,,,,,,,,,,,,,,,,,,,,,,,,,,,,,,,,,,,,,,,,,,,,,,,,,陕西,,,,,,,,35.92,,,,,,,,,,,,,,,,,,,,,,,,,,,,,,,,,,,,,,,,,,,,,,,,,,,,,,,,,,,,,,,,,,,,,,,,,,,,,,冬油菜(南部),,,,,2023,,,,,
rapeseed_acreage_1978_2025,,,,,,,,,,,,,,,,,,,,,,,,,,,,,,,,,,,,,,,,,,,,,,,,,,,,,,,,,,,,,,,,,,,,,,,,,,,,,,,,,,,,,,,,,,,,,,,,,,,,,,,,,,,,,,,,,,,,,,,,,,,,,,,,,,,,,,,,,,,,,,,,,,,,,,,,,,,,,,,,,,,,,,,,,,,,,,,,,,,,,,,,,,,,,,内蒙古,,,,,,,,38.98,,,,,,,,,,,,,,,,,,,,,,,,,,,,,,,,,,,,,,,,,,,,,,,,,,,,,,,,,,,,,,,,,,,,,,,,,,,,,,春油菜,,,,,2020,,,,,
rapeseed_acreage_1978_2025,,,,,,,,,,,,,,,,,,,,,,,,,,,,,,,,,,,,,,,,,,,,,,,,,,,,,,,,,,,,,,,,,,,,,,,,,,,,,,,,,,,,,,,,,,,,,,,,,,,,,,,,,,,,,,,,,,,,,,,,,,,,,,,,,,,,,,,,,,,,,,,,,,,,,,,,,,,,,,,,,,,,,,,,,,,,,,,,,,,,,,,,,,,,,,内蒙古,,,,,,,,28.33,,,,,,,,,,,,,,,,,,,,,,,,,,,,,,,,,,,,,,,,,,,,,,,,,,,,,,,,,,,,,,,,,,,,,,,,,,,,,,春油菜,,,,,2021,,,,,
rapeseed_acreage_1978_2025,,,,,,,,,,,,,,,,,,,,,,,,,,,,,,,,,,,,,,,,,,,,,,,,,,,,,,,,,,,,,,,,,,,,,,,,,,,,,,,,,,,,,,,,,,,,,,,,,,,,,,,,,,,,,,,,,,,,,,,,,,,,,,,,,,,,,,,,,,,,,,,,,,,,,,,,,,,,,,,,,,,,,,,,,,,,,,,,,,,,,,,,,,,,,,内蒙古,,,,,,,224.0,32.24,,,,,,,,,,,,,,,,,,,,,,,,,,,,,,,,,,,,,,,,,,,,,,,,,,,,,,,,,,,,,,,,,,,,,,,,,,,,,,春油菜,,,,,2022,,,,,
rapeseed_acreage_1978_2025,,,,,,,,,,,,,,,,,,,,,,,,,,,,,,,,,,,,,,,,,,,,,,,,,,,,,,,,,,,,,,,,,,,,,,,,,,,,,,,,,,,,,,,,,,,,,,,,,,,,,,,,,,,,,,,,,,,,,,,,,,,,,,,,,,,,,,,,,,,,,,,,,,,,,,,,,,,,,,,,,,,,,,,,,,,,,,,,,,,,,,,,,,,,,,内蒙古,,,,,,,,36.97,,,,,,,,,,,,,,,,,,,,,,,,,,,,,,,,,,,,,,,,,,,,,,,,,,,,,,,,,,,,,,,,,,,,,,,,,,,,,,春油菜,,,,,2023,,,,,
rapeseed_acreage_1978_2025,,,,,,,,,,,,,,,,,,,,,,,,,,,,,,,,,,,,,,,,,,,,,,,,,,,,,,,,,,,,,,,,,,,,,,,,,,,,,,,,,,,,,,,,,,,,,,,,,,,,,,,,,,,,,,,,,,,,,,,,,,,,,,,,,,,,,,,,,,,,,,,,,,,,,,,,,,,,,,,,,,,,,,,,,,,,,,,,,,,,,,,,,,,,,,甘肃,,,,,,,,35.61,,,,,,,,,,,,,,,,,,,,,,,,,,,,,,,,,,,,,,,,,,,,,,,,,,,,,,,,,,,,,,,,,,,,,,,,,,,,,,春油菜,,,,,2020,,,,,
rapeseed_acreage_1978_2025,,,,,,,,,,,,,,,,,,,,,,,,,,,,,,,,,,,,,,,,,,,,,,,,,,,,,,,,,,,,,,,,,,,,,,,,,,,,,,,,,,,,,,,,,,,,,,,,,,,,,,,,,,,,,,,,,,,,,,,,,,,,,,,,,,,,,,,,,,,,,,,,,,,,,,,,,,,,,,,,,,,,,,,,,,,,,,,,,,,,,,,,,,,,,,甘肃,,,,,,,,33.93,,,,,,,,,,,,,,,,,,,,,,,,,,,,,,,,,,,,,,,,,,,,,,,,,,,,,,,,,,,,,,,,,,,,,,,,,,,,,,春油菜,,,,,2021,,,,,
rapeseed_acreage_1978_2025,,,,,,,,,,,,,,,,,,,,,,,,,,,,,,,,,,,,,,,,,,,,,,,,,,,,,,,,,,,,,,,,,,,,,,,,,,,,,,,,,,,,,,,,,,,,,,,,,,,,,,,,,,,,,,,,,,,,,,,,,,,,,,,,,,,,,,,,,,,,,,,,,,,,,,,,,,,,,,,,,,,,,,,,,,,,,,,,,,,,,,,,,,,,,,甘肃,,,,,,,144.0,33.73,,,,,,,,,,,,,,,,,,,,,,,,,,,,,,,,,,,,,,,,,,,,,,,,,,,,,,,,,,,,,,,,,,,,,,,,,,,,,,春油菜,,,,,2022,,,,,
rapeseed_acreage_1978_2025,,,,,,,,,,,,,,,,,,,,,,,,,,,,,,,,,,,,,,,,,,,,,,,,,,,,,,,,,,,,,,,,,,,,,,,,,,,,,,,,,,,,,,,,,,,,,,,,,,,,,,,,,,,,,,,,,,,,,,,,,,,,,,,,,,,,,,,,,,,,,,,,,,,,,,,,,,,,,,,,,,,,,,,,,,,,,,,,,,,,,,,,,,,,,,甘肃,,,,,,,,36.53,,,,,,,,,,,,,,,,,,,,,,,,,,,,,,,,,,,,,,,,,,,,,,,,,,,,,,,,,,,,,,,,,,,,,,,,,,,,,,春油菜,,,,,2023,,,,,
rapeseed_acreage_1978_2025,,,,,,,,,,,,,,,,,,,,,,,,,,,,,,,,,,,,,,,,,,,,,,,,,,,,,,,,,,,,,,,,,,,,,,,,,,,,,,,,,,,,,,,,,,,,,,,,,,,,,,,,,,,,,,,,,,,,,,,,,,,,,,,,,,,,,,,,,,,,,,,,,,,,,,,,,,,,,,,,,,,,,,,,,,,,,,,,,,,,,,,,,,,,,,青海,,,,,,,,28.66,,,,,,,,,,,,,,,,,,,,,,,,,,,,,,,,,,,,,,,,,,,,,,,,,,,,,,,,,,,,,,,,,,,,,,,,,,,,,,春油菜,,,,,2020,,,,,
rapeseed_acreage_1978_2025,,,,,,,,,,,,,,,,,,,,,,,,,,,,,,,,,,,,,,,,,,,,,,,,,,,,,,,,,,,,,,,,,,,,,,,,,,,,,,,,,,,,,,,,,,,,,,,,,,,,,,,,,,,,,,,,,,,,,,,,,,,,,,,,,,,,,,,,,,,,,,,,,,,,,,,,,,,,,,,,,,,,,,,,,,,,,,,,,,,,,,,,,,,,,,青海,,,,,,,,30.06,,,,,,,,,,,,,,,,,,,,,,,,,,,,,,,,,,,,,,,,,,,,,,,,,,,,,,,,,,,,,,,,,,,,,,,,,,,,,,春油菜,,,,,2021,,,,,
rapeseed_acreage_1978_2025,,,,,,,,,,,,,,,,,,,,,,,,,,,,,,,,,,,,,,,,,,,,,,,,,,,,,,,,,,,,,,,,,,,,,,,,,,,,,,,,,,,,,,,,,,,,,,,,,,,,,,,,,,,,,,,,,,,,,,,,,,,,,,,,,,,,,,,,,,,,,,,,,,,,,,,,,,,,,,,,,,,,,,,,,,,,,,,,,,,,,,,,,,,,,,青海,,,,,,,142.0,31.73,,,,,,,,,,,,,,,,,,,,,,,,,,,,,,,,,,,,,,,,,,,,,,,,,,,,,,,,,,,,,,,,,,,,,,,,,,,,,,春油菜,,,,,2022,,,,,
rapeseed_acreage_1978_2025,,,,,,,,,,,,,,,,,,,,,,,,,,,,,,,,,,,,,,,,,,,,,,,,,,,,,,,,,,,,,,,,,,,,,,,,,,,,,,,,,,,,,,,,,,,,,,,,,,,,,,,,,,,,,,,,,,,,,,,,,,,,,,,,,,,,,,,,,,,,,,,,,,,,,,,,,,,,,,,,,,,,,,,,,,,,,,,,,,,,,,,,,,,,,,青海,,,,,,,,30.76,,,,,,,,,,,,,,,,,,,,,,,,,,,,,,,,,,,,,,,,,,,,,,,,,,,,,,,,,,,,,,,,,,,,,,,,,,,,,,春油菜,,,,,2023,,,,,
rapeseed_acreage_1978_2025,,,,,,,,,,,,,,,,,,,,,,,,,,,,,,,,,,,,,,,,,,,,,,,,,,,,,,,,,,,,,,,,,,,,,,,,,,,,,,,,,,,,,,,,,,,,,,,,,,,,,,,,,,,,,,,,,,,,,,,,,,,,,,,,,,,,,,,,,,,,,,,,,,,,,,,,,,,,,,,,,,,,,,,,,,,,,,,,,,,,,,,,,,,,,,新疆,,,,,,,,14.31,,,,,,,,,,,,,,,,,,,,,,,,,,,,,,,,,,,,,,,,,,,,,,,,,,,,,,,,,,,,,,,,,,,,,,,,,,,,,,春油菜,,,,,2020,,,,,
rapeseed_acreage_1978_2025,,,,,,,,,,,,,,,,,,,,,,,,,,,,,,,,,,,,,,,,,,,,,,,,,,,,,,,,,,,,,,,,,,,,,,,,,,,,,,,,,,,,,,,,,,,,,,,,,,,,,,,,,,,,,,,,,,,,,,,,,,,,,,,,,,,,,,,,,,,,,,,,,,,,,,,,,,,,,,,,,,,,,,,,,,,,,,,,,,,,,,,,,,,,,,新疆,,,,,,,,8.60,,,,,,,,,,,,,,,,,,,,,,,,,,,,,,,,,,,,,,,,,,,,,,,,,,,,,,,,,,,,,,,,,,,,,,,,,,,,,,春油菜,,,,,2021,,,,,
rapeseed_acreage_1978_2025,,,,,,,,,,,,,,,,,,,,,,,,,,,,,,,,,,,,,,,,,,,,,,,,,,,,,,,,,,,,,,,,,,,,,,,,,,,,,,,,,,,,,,,,,,,,,,,,,,,,,,,,,,,,,,,,,,,,,,,,,,,,,,,,,,,,,,,,,,,,,,,,,,,,,,,,,,,,,,,,,,,,,,,,,,,,,,,,,,,,,,,,,,,,,,新疆,,,,,,,,8.13,,,,,,,,,,,,,,,,,,,,,,,,,,,,,,,,,,,,,,,,,,,,,,,,,,,,,,,,,,,,,,,,,,,,,,,,,,,,,,春油菜,,,,,2022,,,,,
rapeseed_acreage_1978_2025,,,,,,,,,,,,,,,,,,,,,,,,,,,,,,,,,,,,,,,,,,,,,,,,,,,,,,,,,,,,,,,,,,,,,,,,,,,,,,,,,,,,,,,,,,,,,,,,,,,,,,,,,,,,,,,,,,,,,,,,,,,,,,,,,,,,,,,,,,,,,,,,,,,,,,,,,,,,,,,,,,,,,,,,,,,,,,,,,,,,,,,,,,,,,,新疆,,,,,,,,8.48,,,,,,,,,,,,,,,,,,,,,,,,,,,,,,,,,,,,,,,,,,,,,,,,,,,,,,,,,,,,,,,,,,,,,,,,,,,,,,春油菜,,,,,2023,,,,,
ref_migration_routes_merged,,,,,3000,,,,,,,,,,,,,,,,,,,,,,,,,,,,,,,,,,416.5,,,,,,,,,,,,,,,,,,,,,,,铁路（蜂群专列）,,,,,1950s-1970s,,,,,,,,,,,,,,,,,,,,,,,,,,,,,,,,,,,,,,,75000,,,,,,,,,,,,,,,,,,,,,铁路部门优先办理蜜蜂急运，全国转地蜂群超过总蜂量一半,,,,,,东线、中线、西线、南线（经典4线雏形）,,,,,0.35,,,,,,,,,,,,,,,,,1950-1979,,,,,,,,,,,,,,,,,,,,,,,,,,,,,,,,,,,,,,,,,,,,,era_summary,,,,,,,,,,,,4,,,沿铁路干线迁徙,,,,,,,,,,,,,,,,,,,,,,,,,,,,,,,,,,,,,,,,,,,,,0（基线）,,,,,,,,,,,,,,,,,,,,,,,18.0,,,
ref_migration_routes_merged,,,,,4000,,,,,,,,,,,,,,,,,,,,,,,,,,,,,,,,,,701.6,,,,,,,,,,,,,,,,,,,,,,,铁路为主，汽车增多,,,,,1980s,,,,,honey_export_price.csv(FAO); 1985年数据,,,,,,,,,,,,,,,,,,,,,,,,,,,,,,,,,,157062,,,,,,,,,,,,,,,,,,,,,改革开放后家庭蜂场兴起，汽车运蜂增加，1000km以上也用汽车,,,,,,东线、中线、西线、南线、浙赣线、鄂豫线,,,,,0.38,,,,,,,,,,,,,,,,,1980-1989,,,,,,,,,,,,,,,,,,,,,,,,,,,,,,,,,,,,,,,,,,,,,era_summary,,,,,,,,,,,,6,,,沿公路干线扩展开支,,,,,,,,,,,,,,,,,,,,,,,,,,,,,,,,,,,,,,,,,,,,,,,,,,,,,,,,,,,,,,,,,,,,22.4,,,
ref_migration_routes_merged,,,,,4500,,,,,,,,,,,,,,,,,,,,,,,,,,,,,,,,,,643.1,,,,,,,,,,,,,,,,,,,,,,,铁路/公路混合,,,,,1990s,,,,,honey_export_price.csv(FAO); 1995年数据,,,,,,,,,,,,,,,,,,,,,,,,,,,,,,,,,,177690,,,,,,,,,,,,,,,,,,,,,运费涨3-4倍，蜂农不堪重负；转地放蜂者大减；公路运输逐步成为主流,,,,,,经典4线+东北线+西北线+川滇线+粤湘线,,,,,0.35,,,,,,,,,,,,,,,,,1990-1999,,,,,,,,,,,,,,,,,,,,,,,,,,,,,,,,,,,,,,,,,,,,,era_summary,,,,,,,,,,,,8,,,路线多样化，蜂农探索新蜜源,,,,,,,,,,,,,,,,,,,,,,,,,,,,,,,,,,,,,,,,,,,,,,,,,,,,,,,,,,,,,,,,,,,,27.6,,,
ref_migration_routes_merged,,,,,4500,,,,,,,,,,,27000,256098,,53000,,,,,,,,,,,,,,,,,,,,833.9,,,,,,,,,,,,,,,,,,,,,,,汽车（高速公路）,,,,,2000s,,,,,honey_export_price.csv; beekeeper_national_annual.csv; bee_product_prices_enriched.csv; climate_factors_province_2000_2023.csv; 数据为2005年左右,,,,,,,0,,,,,,,,,,,,,,,,,,,,,,,,,,,293200,,,,,,,,,,,,,,,,,,,,,包汽车直达取代火车，一天一夜可达千里之外；手机普及提升信息获取能力,,,,,,经典4线+6条变体路线,,,,81951,0.33,,,,,,,,,,,,,,,,,2000-2009,,,,,,,,,,,,,,,,3.8,,,,,,,,,,,,,,,,,,,,,,,,,,,,,era_summary,,,,,,,,,,,,10,,,高速公路网络完善，路线更灵活,,,,,,,,,,,,,,,,,,,,,,,,,,,,,,,,,,,,,,,,,,,,,0.3,,,,,,,,,,,,,,,,,,,,,,,35.2,,,
ref_migration_routes_merged,,,,,4000,,,,,,,,,,,55000,277083,,112000,,,,,,,,,,,,,,,,,,,,913.0,,,,,,,,,,,,,,,,,,,,,,,汽车（高速公路为主）,,,,,2010s,,,,,honey_export_price.csv; beekeeper_national_annual.csv; bee_product_prices_enriched.csv; climate_factors_province_2000_2023.csv; 数据为2015年左右,,,,,,,2,,,,,,,,,,,,,,,,,,,,,,,,,,,473200,,,,,,,,,,,,,,,,,,,,,气候变暖导致花期提前3-5天；高速路网发达；部分蜂农转为定地/小转地,,,,,,经典线+变体线+短途线,,,,96979,0.32,,,,,,,,,,,,,,,,,2010-2019,,,,,,,,,,,,,,,,5.4,,,,,,,,,,,,,,,,,,,,,,,,,,,,,era_summary,,,,,,,,,,,,12,,,短途化趋势，小转地增加,,,,,,,,,,,,,,,,,,,,,,,,,,,,,,,,,,,,,,,,,,,,,0.5,,,,,,,,,,,,,,,,,,,,,,,51.8,,,
ref_migration_routes_merged,,,,,3500,,,,,,,,,,,79000,296226,,149600,,,,,,,,,,,,,,,,,,,,949.0,,,,,,,,,,,,,,,,,,,,,,,汽车（高速公路+冷链车）,,,,,2020s,,,,,honey_export_price.csv; beekeeper_national_annual.csv; bee_product_prices_enriched.csv; climate_factors_province_2000_2023.csv; 数据为2023年左右,,,,,,,2,,,,,,,,,,,,,,,,,,,,,,,,,,,463500,,,,,,,,,,,,,,,,,,,,,气候持续变暖花期再提前；GPS导航+花期信息App辅助决策；授粉服务收入占10%+,,,,,,经典4线+变体线+短途线+授粉驱动线,,,,85906,0.28,,,,,,,,,,,,,,,,,2020-2025,,,,,,,,,,,,,,,,8.0,,,,,,,,,,,,,,,,,,,,,,,,,,,,,era_summary,,,,,,,,,,,,15,,,短途化、授粉服务驱动、精准路线规划,,,,,,,,,,,,,,,,,,,,,,,,,,,,,,,,,,,,,,,,,,,,,0.7,,,,,,,,,,,,,,,,,,,,,,,48.8,,,
ref_migration_routes_merged,,,,,,,,,,,,,,,,,,,,,,,,,,,,,,,,,,,,,,,,,,,,,,,,,,,,,,,,,,4500,,,,,,,,,,,,,,flowering_calendar_by_province.csv; nectar_source_plants.csv,,,,,,,,,,,,,,,,,,,,,,,,,,,,,,,,,,,,,,,,,,,,,,,,,,,,,,,,,,,,,,公路,,,,,10,,,,,,,,,,,,,,,,,,,,,,,,,,,,,,,,,,,,,,,,,,,,,,,,,,,,,,,闽粤浙皖苏鲁辽吉黑蒙,,,,,,classic_route,,,,,,,,,,,东线（沿海线）,,,,,,,,,,,,12-2月福建广东越冬 → 2-3月浙皖油菜 → 4月江苏 → 5月山东刺槐 → 5月辽东半岛 → 6月吉黑椴树 → 7月内蒙,,,,,,,,,,,,,,,,,,,,,,,,,,,,,,,,,,,,,,,,,,,,,,,,,,,,,,,,,,,,,,,
ref_migration_routes_merged,,,,,,,,,,,,,,,,,,,,,,,,,,,,,,,,,,,,,,,,,,,,,,,,,,,,,,,,,,3500,,,,,,,,,,,,,,flowering_calendar_by_province.csv; nectar_source_plants.csv,,,,,,,,,,,,,,,,,,,,,,,,,,,,,,,,,,,,,,,,,,,,,,,,,,,,,,,,,,,,,,铁路/公路,,,,,9,,,,,,,,,,,,,,,,,,,,,,,,,,,,,,,,,,,,,,,,,,,,,,,,,,,,,,,粤桂赣湘鄂豫冀京蒙,,,,,,classic_route,,,,,,,,,,,中线（京广线）,,,,,,,,,,,,12月粤桂越冬 → 2月赣湘油菜 → 3月鄂紫云英 → 4月豫刺槐 → 5月豫枣花 → 6月冀京荆条 → 7-8月蒙向日葵,,,,,,,,,,,,,,,,,,,,,,,,,,,,,,,,,,,,,,,,,,,,,,,,,,,,,,,,,,,,,,,
ref_migration_routes_merged,,,,,,,,,,,,,,,,,,,,,,,,,,,,,,,,,,,,,,,,,,,,,,,,,,,,,,,,,,5000,,,,,,,,,,,,,,flowering_calendar_by_province.csv; nectar_source_plants.csv,,,,,,,,,,,,,,,,,,,,,,,,,,,,,,,,,,,,,,,,,,,,,,,,,,,,,,,,,,,,,,公路,,,,,8,,,,,,,,,,,,,,,,,,,,,,,,,,,,,,,,,,,,,,,,,,,,,,,,,,,,,,,滇川陕青宁甘蒙新,,,,,,classic_route,,,,,,,,,,,西线（西北线）,,,,,,,,,,,,12月滇早油菜 → 1-2月川油菜 → 3-4月陕油菜/刺槐 → 6月青油菜 → 6-7月宁甘/蒙 → 夏季疆棉花,,,,,,,,,,,,,,,,,,,,,,,,,,,,,,,,,,,,,,,,,,,,,,,,,,,,,,,,,,,,,,,
ref_migration_routes_merged,,,,,,,,,,,,,,,,,,,,,,,,,,,,,,,,,,,,,,,,,,,,,,,,,,,,,,,,,,3000,,,,,,,,,,,,,,flowering_calendar_by_province.csv; nectar_source_plants.csv,,,,,,,,,,,,,,,,,,,,,,,,,,,,,,,,,,,,,,,,,,,,,,,,,,,,,,,,,,,,,,公路,,,,,6,,,,,,,,,,,,,,,,,,,,,,,,,,,,,,,,,,,,,,,,,,,,,,,,,,,,,,,闽皖赣湘鄂豫,,,,,,classic_route,,,,,,,,,,,南线,,,,,,,,,,,,2月赣皖油菜 → 4月湘紫云英 → 5月鄂荆条 → 5-6月豫 → 7月鄂湘棉花,,,,,,,,,,,,,,,,,,,,,,,,,,,,,,,,,,,,,,,,,,,,,,,,,,,,,,,,,,,,,,,
