granularity,year,province,province_lat,province_lng,region,county,farm_id,beekeeping_mode,bee_colonies_10k,colonies_share_pct,honey_production_tonnes,yield_kg_per_colony,beekeeper_households,migratory_ratio,colonies_per_household,income_total_est,cost_total_est,honey_price_yuan_per_tonne,sugar_price_yuan_per_tonne,rapeseed_area_1000ha,pesticide_use_10000tonnes,temp_anomaly_c,precip_change_pct,extreme_heat_days,flowering_advance_days,western_bee_pct,chinese_bee_pct,price_royal_jelly_yuan_per_kg,price_pollen_yuan_per_kg,purchase_price_yuan_per_tonne,retail_rape_yuan_per_jin,avg_retail_yuan_per_jin,data_source
province_year,2000,北京,39.9042,116.4074,华北,,,,7664.55,0.1,257.5,35.0,4258082,0.204,18.0,0,0,0,0,0,132.2,0.6,4.0,12.0,3.0,70.0,30.0,80.0,15.0,0,0,0,province_panel_simulation
province_year,2000,天津,39.1252,117.1908,华北,,,,4790.34,0.06,161.0,36.0,2661301,0.302,18.0,0,0,0,0,0,132.2,0.6,4.0,12.0,3.0,70.0,30.0,80.0,15.0,0,0,0,province_panel_simulation
province_year,2000,河北,38.0455,114.502,华北,,,,120716.63,1.61,4056.2,32.8,67064796,0.204,18.0,0,0,0,0,0,132.2,0.6,4.0,12.0,3.0,70.0,30.0,80.0,15.0,0,0,0,province_panel_simulation
province_year,2000,山西,37.8706,112.5489,华北,,,,105387.54,1.41,3541.1,28.8,58548631,0.23,18.0,0,0,0,0,0,132.2,0.6,4.0,12.0,3.0,70.0,30.0,80.0,15.0,0,0,0,province_panel_simulation
province_year,2000,内蒙古,40.8422,111.7498,华北,,,,45029.22,0.6,1513.0,30.8,25016233,0.288,18.0,0,0,0,0,0,132.2,0.6,4.0,12.0,3.0,70.0,30.0,80.0,15.0,0,0,0,province_panel_simulation
province_year,2000,辽宁,41.8057,123.4315,东北,,,,97722.99,1.3,3283.6,36.7,54290549,0.305,18.0,0,0,0,0,0,132.2,0.6,4.0,12.0,3.0,70.0,30.0,80.0,15.0,0,0,0,province_panel_simulation
province_year,2000,吉林,43.8961,125.3265,东北,,,,82393.89,1.1,2768.5,59.5,45774384,0.25,18.0,0,0,0,0,0,132.2,0.6,4.0,12.0,3.0,70.0,30.0,80.0,15.0,0,0,0,province_panel_simulation
province_year,2000,黑龙江,45.8038,126.535,东北,,,,52693.77,0.7,1770.6,37.1,29274315,0.291,18.0,0,0,0,0,0,132.2,0.6,4.0,12.0,3.0,70.0,30.0,80.0,15.0,0,0,0,province_panel_simulation
province_year,2000,上海,31.2304,121.4737,华东,,,,5748.41,0.08,193.2,34.0,3193561,0.346,18.0,0,0,0,0,0,132.2,0.6,4.0,12.0,3.0,70.0,30.0,80.0,15.0,0,0,0,province_panel_simulation
province_year,2000,江苏,32.0603,118.7969,华东,,,,127423.11,1.7,4281.6,36.9,70790618,0.393,18.0,0,0,0,0,0,132.2,0.6,4.0,12.0,3.0,70.0,30.0,80.0,15.0,0,0,0,province_panel_simulation
province_year,2000,浙江,30.2741,120.1551,华东,,,,1210998.6,16.16,40690.8,53.5,672777002,0.307,18.0,0,0,0,0,0,132.2,0.6,4.0,12.0,3.0,70.0,30.0,80.0,15.0,0,0,0,province_panel_simulation
province_year,2000,安徽,31.8206,117.2272,华东,,,,218439.62,2.91,7339.8,29.4,121355345,0.335,18.0,0,0,0,0,0,132.2,0.6,4.0,12.0,3.0,70.0,30.0,80.0,15.0,0,0,0,province_panel_simulation
province_year,2000,福建,26.0745,119.2965,华东,,,,240475.2,3.21,8080.2,35.0,133597331,0.197,18.0,0,0,0,0,0,132.2,0.6,4.0,12.0,3.0,70.0,30.0,80.0,15.0,0,0,0,province_panel_simulation
province_year,2000,江西,28.6829,115.858,华东,,,,203110.53,2.71,6824.7,43.2,112839180,0.34,18.0,0,0,0,0,0,132.2,0.6,4.0,12.0,3.0,70.0,30.0,80.0,15.0,0,0,0,province_panel_simulation
province_year,2000,山东,36.6516,117.1201,华东,,,,165745.85,2.21,5569.2,30.3,92081029,0.309,18.0,0,0,0,0,0,132.2,0.6,4.0,12.0,3.0,70.0,30.0,80.0,15.0,0,0,0,province_panel_simulation
province_year,2000,河南,34.7466,113.6254,华中,,,,594002.48,7.93,19959.1,60.2,330001377,0.396,18.0,0,0,0,0,0,132.2,0.6,4.0,12.0,3.0,70.0,30.0,80.0,15.0,0,0,0,province_panel_simulation
province_year,2000,湖北,30.5928,114.3055,华中,,,,232810.65,3.11,7822.7,37.1,129339249,0.416,18.0,0,0,0,0,0,132.2,0.6,4.0,12.0,3.0,70.0,30.0,80.0,15.0,0,0,0,province_panel_simulation
province_year,2000,湖南,28.2282,112.9388,华中,,,,361191.83,4.82,12136.4,31.7,200662128,0.24,18.0,0,0,0,0,0,132.2,0.6,4.0,12.0,3.0,70.0,30.0,80.0,15.0,0,0,0,province_panel_simulation
province_year,2000,广东,23.1291,113.2644,华南,,,,187781.43,2.51,6309.7,37.4,104323016,0.191,18.0,0,0,0,0,0,132.2,0.6,4.0,12.0,3.0,70.0,30.0,80.0,15.0,0,0,0,province_panel_simulation
province_year,2000,广西,22.817,108.3665,华南,,,,158081.31,2.11,5311.7,58.5,87822947,0.269,18.0,0,0,0,0,0,132.2,0.6,4.0,12.0,3.0,70.0,30.0,80.0,15.0,0,0,0,province_panel_simulation
province_year,2000,海南,20.044,110.3508,华南,,,,11496.82,0.15,386.3,34.2,6387123,0.239,18.0,0,0,0,0,0,132.2,0.6,4.0,12.0,3.0,70.0,30.0,80.0,15.0,0,0,0,province_panel_simulation
province_year,2000,重庆,29.4316,106.9123,西南,,,,316162.61,4.22,10623.4,32.6,175645894,0.233,18.0,0,0,0,0,0,132.2,0.6,4.0,12.0,3.0,70.0,30.0,80.0,15.0,0,0,0,province_panel_simulation
province_year,2000,四川,30.5728,104.0668,西南,,,,1301057.04,17.36,43716.9,29.5,722809469,0.307,18.0,0,0,0,0,0,132.2,0.6,4.0,12.0,3.0,70.0,30.0,80.0,15.0,0,0,0,province_panel_simulation
province_year,2000,贵州,26.6477,106.6302,西南,,,,458914.82,6.12,15420.0,30.1,254952677,0.205,18.0,0,0,0,0,0,132.2,0.6,4.0,12.0,3.0,70.0,30.0,80.0,15.0,0,0,0,province_panel_simulation
province_year,2000,云南,25.0389,102.7183,西南,,,,707054.56,9.43,23757.8,33.5,392808091,0.219,18.0,0,0,0,0,0,132.2,0.6,4.0,12.0,3.0,70.0,30.0,80.0,15.0,0,0,0,province_panel_simulation
province_year,2000,西藏,29.65,91.1,西南,,,,2874.21,0.04,96.6,28.7,1596780,0.308,18.0,0,0,0,0,0,132.2,0.6,4.0,12.0,3.0,70.0,30.0,80.0,15.0,0,0,0,province_panel_simulation
province_year,2000,陕西,34.3416,108.9398,西北,,,,210775.07,2.81,7082.3,31.2,117097263,0.296,18.0,0,0,0,0,0,132.2,0.6,4.0,12.0,3.0,70.0,30.0,80.0,15.0,0,0,0,province_panel_simulation
province_year,2000,甘肃,36.0613,103.834,西北,,,,195445.98,2.61,6567.2,24.4,108581098,0.343,18.0,0,0,0,0,0,132.2,0.6,4.0,12.0,3.0,70.0,30.0,80.0,15.0,0,0,0,province_panel_simulation
province_year,2000,青海,36.6173,101.7782,西北,,,,3832.27,0.05,128.8,33.6,2129041,0.227,18.0,0,0,0,0,0,132.2,0.6,4.0,12.0,3.0,70.0,30.0,80.0,15.0,0,0,0,province_panel_simulation
province_year,2000,宁夏,38.472,106.2589,西北,,,,4790.34,0.06,161.0,31.6,2661301,0.296,18.0,0,0,0,0,0,132.2,0.6,4.0,12.0,3.0,70.0,30.0,80.0,15.0,0,0,0,province_panel_simulation
province_year,2000,新疆,43.7928,87.617,西北,,,,60358.32,0.81,2028.1,36.2,33532398,0.281,18.0,0,0,0,0,0,132.2,0.6,4.0,12.0,3.0,70.0,30.0,80.0,15.0,0,0,0,province_panel_simulation
province_year,2001,北京,39.9042,116.4074,华北,,,,7793.64,0.1,258.1,28.1,4212778,0.249,18.5,0,0,0,0,0,134.7,0.6,4.0,12.0,3.0,0,0,85.0,16.0,0,0,0,province_panel_simulation
province_year,2001,天津,39.1252,117.1908,华北,,,,4871.02,0.06,161.3,36.9,2632986,0.324,18.5,0,0,0,0,0,134.7,0.6,4.0,12.0,3.0,0,0,85.0,16.0,0,0,0,province_panel_simulation
province_year,2001,河北,38.0455,114.502,华北,,,,122749.82,1.62,4064.5,36.9,66351255,0.341,18.5,0,0,0,0,0,134.7,0.6,4.0,12.0,3.0,0,0,85.0,16.0,0,0,0,province_panel_simulation
province_year,2001,山西,37.8706,112.5489,华北,,,,107162.54,1.41,3548.4,28.8,57925699,0.313,18.5,0,0,0,0,0,134.7,0.6,4.0,12.0,3.0,0,0,85.0,16.0,0,0,0,province_panel_simulation
province_year,2001,内蒙古,40.8422,111.7498,华北,,,,45787.63,0.6,1516.1,32.9,24750071,0.281,18.5,0,0,0,0,0,134.7,0.6,4.0,12.0,3.0,0,0,85.0,16.0,0,0,0,province_panel_simulation
province_year,2001,辽宁,41.8057,123.4315,东北,,,,99368.9,1.31,3290.3,32.3,53712920,0.232,18.5,0,0,0,0,0,134.7,0.6,4.0,12.0,3.0,0,0,85.0,16.0,0,0,0,province_panel_simulation
province_year,2001,吉林,43.8961,125.3265,东北,,,,83781.62,1.1,2774.2,41.1,45287364,0.247,18.5,0,0,0,0,0,134.7,0.6,4.0,12.0,3.0,0,0,85.0,16.0,0,0,0,province_panel_simulation
province_year,2001,黑龙江,45.8038,126.535,东北,,,,53581.27,0.71,1774.2,32.5,28962849,0.277,18.5,0,0,0,0,0,134.7,0.6,4.0,12.0,3.0,0,0,85.0,16.0,0,0,0,province_panel_simulation
province_year,2001,上海,31.2304,121.4737,华东,,,,5845.23,0.08,193.5,31.5,3159583,0.287,18.5,0,0,0,0,0,134.7,0.6,4.0,12.0,3.0,0,0,85.0,16.0,0,0,0,province_panel_simulation
province_year,2001,江苏,32.0603,118.7969,华东,,,,129569.26,1.71,4290.3,28.8,70037436,0.394,18.5,0,0,0,0,0,134.7,0.6,4.0,12.0,3.0,0,0,85.0,16.0,0,0,0,province_panel_simulation
province_year,2001,浙江,30.2741,120.1551,华东,,,,1231395.04,16.21,40774.2,56.3,665618941,0.31,18.5,0,0,0,0,0,134.7,0.6,4.0,12.0,3.0,0,0,85.0,16.0,0,0,0,province_panel_simulation
province_year,2001,安徽,31.8206,117.2272,华东,,,,222118.73,2.92,7354.8,30.3,120064176,0.319,18.5,0,0,0,0,0,134.7,0.6,4.0,12.0,3.0,0,0,85.0,16.0,0,0,0,province_panel_simulation
province_year,2001,福建,26.0745,119.2965,华东,,,,244525.44,3.22,8096.8,32.8,132175913,0.251,18.5,0,0,0,0,0,134.7,0.6,4.0,12.0,3.0,0,0,85.0,16.0,0,0,0,province_panel_simulation
province_year,2001,江西,28.6829,115.858,华东,,,,206531.45,2.72,6838.7,38.7,111638619,0.264,18.5,0,0,0,0,0,134.7,0.6,4.0,12.0,3.0,0,0,85.0,16.0,0,0,0,province_panel_simulation
province_year,2001,山东,36.6516,117.1201,华东,,,,168537.45,2.22,5580.6,35.4,91101326,0.3,18.5,0,0,0,0,0,134.7,0.6,4.0,12.0,3.0,0,0,85.0,16.0,0,0,0,province_panel_simulation
province_year,2001,河南,34.7466,113.6254,华中,,,,604007.06,7.95,20000.0,45.7,326490303,0.35,18.5,0,0,0,0,0,134.7,0.6,4.0,12.0,3.0,0,0,85.0,16.0,0,0,0,province_panel_simulation
province_year,2001,湖北,30.5928,114.3055,华中,,,,236731.8,3.12,7838.7,30.0,127963135,0.366,18.5,0,0,0,0,0,134.7,0.6,4.0,12.0,3.0,0,0,85.0,16.0,0,0,0,province_panel_simulation
province_year,2001,湖南,28.2282,112.9388,华中,,,,367275.26,4.83,12161.3,30.6,198527168,0.337,18.5,0,0,0,0,0,134.7,0.6,4.0,12.0,3.0,0,0,85.0,16.0,0,0,0,province_panel_simulation
province_year,2001,广东,23.1291,113.2644,华南,,,,190944.17,2.51,6322.6,33.6,103213063,0.157,18.5,0,0,0,0,0,134.7,0.6,4.0,12.0,3.0,0,0,85.0,16.0,0,0,0,province_panel_simulation
province_year,2001,广西,22.817,108.3665,华南,,,,160743.81,2.12,5322.6,58.9,86888548,0.338,18.5,0,0,0,0,0,134.7,0.6,4.0,12.0,3.0,0,0,85.0,16.0,0,0,0,province_panel_simulation
province_year,2001,海南,20.044,110.3508,华南,,,,11690.46,0.15,387.1,33.0,6319167,0.232,18.5,0,0,0,0,0,134.7,0.6,4.0,12.0,3.0,0,0,85.0,16.0,0,0,0,province_panel_simulation
province_year,2001,重庆,29.4316,106.9123,西南,,,,321487.63,4.23,10645.2,31.9,173777097,0.347,18.5,0,0,0,0,0,134.7,0.6,4.0,12.0,3.0,0,0,85.0,16.0,0,0,0,province_panel_simulation
province_year,2001,四川,30.5728,104.0668,西南,,,,1322970.31,17.41,43806.4,32.7,715119084,0.362,18.5,0,0,0,0,0,134.7,0.6,4.0,12.0,3.0,0,0,85.0,16.0,0,0,0,province_panel_simulation
province_year,2001,贵州,26.6477,106.6302,西南,,,,466644.17,6.14,15451.6,25.7,252240089,0.243,18.5,0,0,0,0,0,134.7,0.6,4.0,12.0,3.0,0,0,85.0,16.0,0,0,0,province_panel_simulation
province_year,2001,云南,25.0389,102.7183,西南,,,,718963.24,9.46,23806.4,32.6,388628780,0.225,18.5,0,0,0,0,0,134.7,0.6,4.0,12.0,3.0,0,0,85.0,16.0,0,0,0,province_panel_simulation
province_year,2001,西藏,29.65,91.1,西南,,,,2922.61,0.04,96.8,28.7,1579791,0.287,18.5,0,0,0,0,0,134.7,0.6,4.0,12.0,3.0,0,0,85.0,16.0,0,0,0,province_panel_simulation
province_year,2001,陕西,34.3416,108.9398,西北,,,,214325.09,2.82,7096.8,29.7,115851398,0.343,18.5,0,0,0,0,0,134.7,0.6,4.0,12.0,3.0,0,0,85.0,16.0,0,0,0,province_panel_simulation
province_year,2001,甘肃,36.0613,103.834,西北,,,,198737.81,2.62,6580.6,26.4,107425841,0.3,18.5,0,0,0,0,0,134.7,0.6,4.0,12.0,3.0,0,0,85.0,16.0,0,0,0,province_panel_simulation
province_year,2001,青海,36.6173,101.7782,西北,,,,3896.82,0.05,129.0,37.0,2106389,0.237,18.5,0,0,0,0,0,134.7,0.6,4.0,12.0,3.0,0,0,85.0,16.0,0,0,0,province_panel_simulation
province_year,2001,宁夏,38.472,106.2589,西北,,,,4871.02,0.06,161.3,32.3,2632986,0.287,18.5,0,0,0,0,0,134.7,0.6,4.0,12.0,3.0,0,0,85.0,16.0,0,0,0,province_panel_simulation
province_year,2001,新疆,43.7928,87.617,西北,,,,61374.91,0.81,2032.3,30.2,33175627,0.306,18.5,0,0,0,0,0,134.7,0.6,4.0,12.0,3.0,0,0,85.0,16.0,0,0,0,province_panel_simulation
province_year,2002,北京,39.9042,116.4074,华北,,,,7921.08,0.1,275.5,36.6,4168990,0.244,19.0,0,0,0,0,0,138.5,0.6,4.0,12.0,3.0,0,0,90.0,17.0,0,0,0,province_panel_simulation
province_year,2002,天津,39.1252,117.1908,华北,,,,4950.68,0.06,172.2,30.3,2605618,0.268,19.0,0,0,0,0,0,138.5,0.6,4.0,12.0,3.0,0,0,90.0,17.0,0,0,0,province_panel_simulation
province_year,2002,河北,38.0455,114.502,华北,,,,124757.04,1.62,4339.6,30.3,65661598,0.231,19.0,0,0,0,0,0,138.5,0.6,4.0,12.0,3.0,0,0,90.0,17.0,0,0,0,province_panel_simulation
province_year,2002,山西,37.8706,112.5489,华北,,,,108914.87,1.41,3788.6,38.8,57323617,0.331,19.0,0,0,0,0,0,138.5,0.6,4.0,12.0,3.0,0,0,90.0,17.0,0,0,0,province_panel_simulation
province_year,2002,内蒙古,40.8422,111.7498,华北,,,,46536.36,0.6,1618.8,38.3,24492818,0.305,19.0,0,0,0,0,0,138.5,0.6,4.0,12.0,3.0,0,0,90.0,17.0,0,0,0,province_panel_simulation
province_year,2002,辽宁,41.8057,123.4315,东北,,,,100993.79,1.31,3513.0,36.4,53154627,0.2,19.0,0,0,0,0,0,138.5,0.6,4.0,12.0,3.0,0,0,90.0,17.0,0,0,0,province_panel_simulation
province_year,2002,吉林,43.8961,125.3265,东北,,,,85151.63,1.11,2962.0,54.4,44816646,0.34,19.0,0,0,0,0,0,138.5,0.6,4.0,12.0,3.0,0,0,90.0,17.0,0,0,0,province_panel_simulation
province_year,2002,黑龙江,45.8038,126.535,东北,,,,54457.44,0.71,1894.3,30.7,28661808,0.282,19.0,0,0,0,0,0,138.5,0.6,4.0,12.0,3.0,0,0,90.0,17.0,0,0,0,province_panel_simulation
province_year,2002,上海,31.2304,121.4737,华东,,,,5940.81,0.08,206.6,37.1,3126742,0.23,19.0,0,0,0,0,0,138.5,0.6,4.0,12.0,3.0,0,0,90.0,17.0,0,0,0,province_panel_simulation
province_year,2002,江苏,32.0603,118.7969,华东,,,,131687.98,1.71,4580.7,34.7,69309464,0.434,19.0,0,0,0,0,0,138.5,0.6,4.0,12.0,3.0,0,0,90.0,17.0,0,0,0,province_panel_simulation
province_year,2002,浙江,30.2741,120.1551,华东,,,,1251530.91,16.25,43534.2,48.6,658700479,0.341,19.0,0,0,0,0,0,138.5,0.6,4.0,12.0,3.0,0,0,90.0,17.0,0,0,0,province_panel_simulation
province_year,2002,安徽,31.8206,117.2272,华东,,,,225750.83,2.93,7852.7,36.2,118816225,0.338,19.0,0,0,0,0,0,138.5,0.6,4.0,12.0,3.0,0,0,90.0,17.0,0,0,0,province_panel_simulation
province_year,2002,福建,26.0745,119.2965,华东,,,,248523.94,3.23,8644.9,34.0,130802073,0.15,19.0,0,0,0,0,0,138.5,0.6,4.0,12.0,3.0,0,0,90.0,17.0,0,0,0,province_panel_simulation
province_year,2002,江西,28.6829,115.858,华东,,,,209908.67,2.73,7301.6,60.3,110478244,0.281,19.0,0,0,0,0,0,138.5,0.6,4.0,12.0,3.0,0,0,90.0,17.0,0,0,0,province_panel_simulation
province_year,2002,山东,36.6516,117.1201,华东,,,,171293.39,2.22,5958.4,31.1,90154416,0.218,19.0,0,0,0,0,0,138.5,0.6,4.0,12.0,3.0,0,0,90.0,17.0,0,0,0,province_panel_simulation
province_year,2002,河南,34.7466,113.6254,华中,,,,613883.83,7.97,21353.8,57.7,323096754,0.427,19.0,0,0,0,0,0,138.5,0.6,4.0,12.0,3.0,0,0,90.0,17.0,0,0,0,province_panel_simulation
province_year,2002,湖北,30.5928,114.3055,华中,,,,240602.86,3.12,8369.3,32.2,126633082,0.314,19.0,0,0,0,0,0,138.5,0.6,4.0,12.0,3.0,0,0,90.0,17.0,0,0,0,province_panel_simulation
province_year,2002,湖南,28.2282,112.9388,华中,,,,373280.98,4.85,12984.5,33.8,196463671,0.292,19.0,0,0,0,0,0,138.5,0.6,4.0,12.0,3.0,0,0,90.0,17.0,0,0,0,province_panel_simulation
province_year,2002,广东,23.1291,113.2644,华南,,,,194066.5,2.52,6750.6,38.6,102140264,0.276,19.0,0,0,0,0,0,138.5,0.6,4.0,12.0,3.0,0,0,90.0,17.0,0,0,0,province_panel_simulation
province_year,2002,广西,22.817,108.3665,华南,,,,163372.31,2.12,5682.9,38.9,85985426,0.309,19.0,0,0,0,0,0,138.5,0.6,4.0,12.0,3.0,0,0,90.0,17.0,0,0,0,province_panel_simulation
province_year,2002,海南,20.044,110.3508,华南,,,,11881.62,0.15,413.3,38.0,6253485,0.329,19.0,0,0,0,0,0,138.5,0.6,4.0,12.0,3.0,0,0,90.0,17.0,0,0,0,province_panel_simulation
province_year,2002,重庆,29.4316,106.9123,西南,,,,326744.62,4.24,11365.7,37.8,171970852,0.215,19.0,0,0,0,0,0,138.5,0.6,4.0,12.0,3.0,0,0,90.0,17.0,0,0,0,province_panel_simulation
province_year,2002,四川,30.5728,104.0668,西南,,,,1344603.62,17.46,46771.8,31.9,707686116,0.42,19.0,0,0,0,0,0,138.5,0.6,4.0,12.0,3.0,0,0,90.0,17.0,0,0,0,province_panel_simulation
province_year,2002,贵州,26.6477,106.6302,西南,,,,474274.77,6.16,16497.5,31.2,249618298,0.179,19.0,0,0,0,0,0,138.5,0.6,4.0,12.0,3.0,0,0,90.0,17.0,0,0,0,province_panel_simulation
province_year,2002,云南,25.0389,102.7183,西南,,,,730719.79,9.49,25417.9,23.1,384589362,0.261,19.0,0,0,0,0,0,138.5,0.6,4.0,12.0,3.0,0,0,90.0,17.0,0,0,0,province_panel_simulation
province_year,2002,西藏,29.65,91.1,西南,,,,2970.41,0.04,103.3,36.3,1563371,0.259,19.0,0,0,0,0,0,138.5,0.6,4.0,12.0,3.0,0,0,90.0,17.0,0,0,0,province_panel_simulation
province_year,2002,陕西,34.3416,108.9398,西北,,,,217829.75,2.83,7577.2,39.4,114647235,0.216,19.0,0,0,0,0,0,138.5,0.6,4.0,12.0,3.0,0,0,90.0,17.0,0,0,0,province_panel_simulation
province_year,2002,甘肃,36.0613,103.834,西北,,,,201987.58,2.62,7026.1,34.1,106309254,0.239,19.0,0,0,0,0,0,138.5,0.6,4.0,12.0,3.0,0,0,90.0,17.0,0,0,0,province_panel_simulation
province_year,2002,青海,36.6173,101.7782,西北,,,,3960.54,0.05,137.8,37.2,2084495,0.246,19.0,0,0,0,0,0,138.5,0.6,4.0,12.0,3.0,0,0,90.0,17.0,0,0,0,province_panel_simulation
province_year,2002,宁夏,38.472,106.2589,西北,,,,4950.68,0.06,172.2,33.6,2605618,0.285,19.0,0,0,0,0,0,138.5,0.6,4.0,12.0,3.0,0,0,90.0,17.0,0,0,0,province_panel_simulation
province_year,2002,新疆,43.7928,87.617,西北,,,,62378.52,0.81,2169.8,29.6,32830799,0.338,19.0,0,0,0,0,0,138.5,0.6,4.0,12.0,3.0,0,0,90.0,17.0,0,0,0,province_panel_simulation
province_year,2003,北京,39.9042,116.4074,华北,,,,8152.19,0.1,298.0,39.3,4180612,0.299,19.5,0,0,0,0,0,142.1,0.6,4.0,12.0,3.0,0,0,95.0,18.0,0,0,0,province_panel_simulation
province_year,2003,天津,39.1252,117.1908,华北,,,,5095.12,0.06,186.2,38.4,2612882,0.248,19.5,0,0,0,0,0,142.1,0.6,4.0,12.0,3.0,0,0,95.0,18.0,0,0,0,province_panel_simulation
province_year,2003,河北,38.0455,114.502,华北,,,,128397.05,1.63,4693.2,39.0,65844641,0.244,19.5,0,0,0,0,0,142.1,0.6,4.0,12.0,3.0,0,0,95.0,18.0,0,0,0,province_panel_simulation
province_year,2003,山西,37.8706,112.5489,华北,,,,112092.66,1.42,4097.2,35.5,57483417,0.243,19.5,0,0,0,0,0,142.1,0.6,4.0,12.0,3.0,0,0,95.0,18.0,0,0,0,province_panel_simulation
province_year,2003,内蒙古,40.8422,111.7498,华北,,,,47894.14,0.61,1750.6,41.4,24561096,0.3,19.5,0,0,0,0,0,142.1,0.6,4.0,12.0,3.0,0,0,95.0,18.0,0,0,0,province_panel_simulation
province_year,2003,辽宁,41.8057,123.4315,东北,,,,103940.47,1.32,3799.2,34.4,53302805,0.28,19.5,0,0,0,0,0,142.1,0.6,4.0,12.0,3.0,0,0,95.0,18.0,0,0,0,province_panel_simulation
province_year,2003,吉林,43.8961,125.3265,东北,,,,87636.08,1.11,3203.3,51.3,44941581,0.285,19.5,0,0,0,0,0,142.1,0.6,4.0,12.0,3.0,0,0,95.0,18.0,0,0,0,province_panel_simulation
province_year,2003,黑龙江,45.8038,126.535,东北,,,,56046.33,0.71,2048.6,36.0,28741708,0.231,19.5,0,0,0,0,0,142.1,0.6,4.0,12.0,3.0,0,0,95.0,18.0,0,0,0,province_panel_simulation
province_year,2003,上海,31.2304,121.4737,华东,,,,6114.15,0.08,223.5,39.9,3135459,0.224,19.5,0,0,0,0,0,142.1,0.6,4.0,12.0,3.0,0,0,95.0,18.0,0,0,0,province_panel_simulation
province_year,2003,江苏,32.0603,118.7969,华东,,,,135530.22,1.72,4953.9,38.1,69502677,0.348,19.5,0,0,0,0,0,142.1,0.6,4.0,12.0,3.0,0,0,95.0,18.0,0,0,0,province_panel_simulation
province_year,2003,浙江,30.2741,120.1551,华东,,,,1288046.62,16.3,47080.5,57.5,660536725,0.332,19.5,0,0,0,0,0,142.1,0.6,4.0,12.0,3.0,0,0,95.0,18.0,0,0,0,province_panel_simulation
province_year,2003,安徽,31.8206,117.2272,华东,,,,232337.52,2.94,8492.4,33.8,119147447,0.369,19.5,0,0,0,0,0,142.1,0.6,4.0,12.0,3.0,0,0,95.0,18.0,0,0,0,province_panel_simulation
province_year,2003,福建,26.0745,119.2965,华东,,,,255775.08,3.24,9349.1,35.7,131166707,0.231,19.5,0,0,0,0,0,142.1,0.6,4.0,12.0,3.0,0,0,95.0,18.0,0,0,0,province_panel_simulation
province_year,2003,江西,28.6829,115.858,华东,,,,216033.13,2.73,7896.4,52.9,110786222,0.236,19.5,0,0,0,0,0,142.1,0.6,4.0,12.0,3.0,0,0,95.0,18.0,0,0,0,province_panel_simulation
province_year,2003,山东,36.6516,117.1201,华东,,,,176291.19,2.23,6443.8,39.4,90405738,0.314,19.5,0,0,0,0,0,142.1,0.6,4.0,12.0,3.0,0,0,95.0,18.0,0,0,0,province_panel_simulation
province_year,2003,河南,34.7466,113.6254,华中,,,,631795.02,8.0,23093.3,44.8,323997444,0.441,19.5,0,0,0,0,0,142.1,0.6,4.0,12.0,3.0,0,0,95.0,18.0,0,0,0,province_panel_simulation
province_year,2003,湖北,30.5928,114.3055,华中,,,,247622.89,3.13,9051.1,33.8,126986095,0.424,19.5,0,0,0,0,0,142.1,0.6,4.0,12.0,3.0,0,0,95.0,18.0,0,0,0,province_panel_simulation
province_year,2003,湖南,28.2282,112.9388,华中,,,,384172.13,4.86,14042.2,38.4,197011349,0.346,19.5,0,0,0,0,0,142.1,0.6,4.0,12.0,3.0,0,0,95.0,18.0,0,0,0,province_panel_simulation
province_year,2003,广东,23.1291,113.2644,华南,,,,199728.75,2.53,7300.5,40.9,102424998,0.229,19.5,0,0,0,0,0,142.1,0.6,4.0,12.0,3.0,0,0,95.0,18.0,0,0,0,province_panel_simulation
province_year,2003,广西,22.817,108.3665,华南,,,,168139.0,2.13,6145.8,61.5,86225126,0.28,19.5,0,0,0,0,0,142.1,0.6,4.0,12.0,3.0,0,0,95.0,18.0,0,0,0,province_panel_simulation
province_year,2003,海南,20.044,110.3508,华南,,,,12228.29,0.15,447.0,36.3,6270918,0.238,19.5,0,0,0,0,0,142.1,0.6,4.0,12.0,3.0,0,0,95.0,18.0,0,0,0,province_panel_simulation
province_year,2003,重庆,29.4316,106.9123,西南,,,,336277.99,4.26,12291.6,39.5,172450252,0.276,19.5,0,0,0,0,0,142.1,0.6,4.0,12.0,3.0,0,0,95.0,18.0,0,0,0,province_panel_simulation
province_year,2003,四川,30.5728,104.0668,西南,,,,1383834.89,17.52,50581.7,32.0,709658918,0.341,19.5,0,0,0,0,0,142.1,0.6,4.0,12.0,3.0,0,0,95.0,18.0,0,0,0,province_panel_simulation
province_year,2003,贵州,26.6477,106.6302,西南,,,,488112.6,6.18,17841.4,28.2,250314154,0.167,19.5,0,0,0,0,0,142.1,0.6,4.0,12.0,3.0,0,0,95.0,18.0,0,0,0,province_panel_simulation
province_year,2003,云南,25.0389,102.7183,西南,,,,752039.88,9.52,27488.5,31.2,385661474,0.157,19.5,0,0,0,0,0,142.1,0.6,4.0,12.0,3.0,0,0,95.0,18.0,0,0,0,province_panel_simulation
province_year,2003,西藏,29.65,91.1,西南,,,,3057.07,0.04,111.7,35.7,1567729,0.23,19.5,0,0,0,0,0,142.1,0.6,4.0,12.0,3.0,0,0,95.0,18.0,0,0,0,province_panel_simulation
province_year,2003,陕西,34.3416,108.9398,西北,,,,224185.33,2.84,8194.4,37.5,114966835,0.302,19.5,0,0,0,0,0,142.1,0.6,4.0,12.0,3.0,0,0,95.0,18.0,0,0,0,province_panel_simulation
province_year,2003,甘肃,36.0613,103.834,西北,,,,207880.94,2.63,7598.4,25.3,106605610,0.2,19.5,0,0,0,0,0,142.1,0.6,4.0,12.0,3.0,0,0,95.0,18.0,0,0,0,province_panel_simulation
province_year,2003,青海,36.6173,101.7782,西北,,,,4076.1,0.05,149.0,40.5,2090306,0.341,19.5,0,0,0,0,0,142.1,0.6,4.0,12.0,3.0,0,0,95.0,18.0,0,0,0,province_panel_simulation
province_year,2003,宁夏,38.472,106.2589,西北,,,,5095.12,0.06,186.2,37.1,2612882,0.288,19.5,0,0,0,0,0,142.1,0.6,4.0,12.0,3.0,0,0,95.0,18.0,0,0,0,province_panel_simulation
province_year,2003,新疆,43.7928,87.617,西北,,,,64198.53,0.81,2346.6,35.9,32922320,0.203,19.5,0,0,0,0,0,142.1,0.6,4.0,12.0,3.0,0,0,95.0,18.0,0,0,0,province_panel_simulation
province_year,2004,北京,39.9042,116.4074,华北,,,,8384.25,0.1,308.4,35.7,4192124,0.223,20.0,0,0,0,0,0,145.3,0.6,4.0,12.0,3.0,0,0,100.0,20.0,0,0,0,province_panel_simulation
province_year,2004,天津,39.1252,117.1908,华北,,,,5240.16,0.06,192.7,38.1,2620078,0.202,20.0,0,0,0,0,0,145.3,0.6,4.0,12.0,3.0,0,0,100.0,20.0,0,0,0,province_panel_simulation
province_year,2004,河北,38.0455,114.502,华北,,,,132051.94,1.63,4857.1,31.6,66025967,0.294,20.0,0,0,0,0,0,145.3,0.6,4.0,12.0,3.0,0,0,100.0,20.0,0,0,0,province_panel_simulation
province_year,2004,山西,37.8706,112.5489,华北,,,,115283.44,1.42,4240.3,31.8,57641717,0.255,20.0,0,0,0,0,0,145.3,0.6,4.0,12.0,3.0,0,0,100.0,20.0,0,0,0,province_panel_simulation
province_year,2004,内蒙古,40.8422,111.7498,华北,,,,49257.47,0.61,1811.8,39.7,24628734,0.255,20.0,0,0,0,0,0,145.3,0.6,4.0,12.0,3.0,0,0,100.0,20.0,0,0,0,province_panel_simulation
province_year,2004,辽宁,41.8057,123.4315,东北,,,,106899.19,1.32,3931.9,34.1,53449593,0.21,20.0,0,0,0,0,0,145.3,0.6,4.0,12.0,3.0,0,0,100.0,20.0,0,0,0,province_panel_simulation
province_year,2004,吉林,43.8961,125.3265,东北,,,,90130.69,1.11,3315.1,66.2,45065343,0.25,20.0,0,0,0,0,0,145.3,0.6,4.0,12.0,3.0,0,0,100.0,20.0,0,0,0,province_panel_simulation
province_year,2004,黑龙江,45.8038,126.535,东北,,,,57641.72,0.71,2120.2,38.5,28820858,0.31,20.0,0,0,0,0,0,145.3,0.6,4.0,12.0,3.0,0,0,100.0,20.0,0,0,0,province_panel_simulation
province_year,2004,上海,31.2304,121.4737,华东,,,,6288.19,0.08,231.3,31.5,3144093,0.221,20.0,0,0,0,0,0,145.3,0.6,4.0,12.0,3.0,0,0,100.0,20.0,0,0,0,province_panel_simulation
province_year,2004,江苏,32.0603,118.7969,华东,,,,139388.15,1.72,5126.9,37.5,69694077,0.33,20.0,0,0,0,0,0,145.3,0.6,4.0,12.0,3.0,0,0,100.0,20.0,0,0,0,province_panel_simulation
province_year,2004,浙江,30.2741,120.1551,华东,,,,1324711.48,16.35,48725.0,44.8,662355741,0.388,20.0,0,0,0,0,0,145.3,0.6,4.0,12.0,3.0,0,0,100.0,20.0,0,0,0,province_panel_simulation
province_year,2004,安徽,31.8206,117.2272,华东,,,,238951.12,2.95,8789.0,40.3,119475560,0.441,20.0,0,0,0,0,0,145.3,0.6,4.0,12.0,3.0,0,0,100.0,20.0,0,0,0,province_panel_simulation
province_year,2004,福建,26.0745,119.2965,华东,,,,263055.84,3.25,9675.6,34.7,131527920,0.236,20.0,0,0,0,0,0,145.3,0.6,4.0,12.0,3.0,0,0,100.0,20.0,0,0,0,province_panel_simulation
province_year,2004,江西,28.6829,115.858,华东,,,,222182.62,2.74,8172.2,58.9,111091311,0.209,20.0,0,0,0,0,0,145.3,0.6,4.0,12.0,3.0,0,0,100.0,20.0,0,0,0,province_panel_simulation
province_year,2004,山东,36.6516,117.1201,华东,,,,181309.4,2.24,6668.8,32.4,90654701,0.313,20.0,0,0,0,0,0,145.3,0.6,4.0,12.0,3.0,0,0,100.0,20.0,0,0,0,province_panel_simulation
province_year,2004,河南,34.7466,113.6254,华中,,,,649779.37,8.02,23899.9,43.6,324889683,0.444,20.0,0,0,0,0,0,145.3,0.6,4.0,12.0,3.0,0,0,100.0,20.0,0,0,0,province_panel_simulation
province_year,2004,湖北,30.5928,114.3055,华中,,,,254671.59,3.14,9367.2,36.0,127335795,0.353,20.0,0,0,0,0,0,145.3,0.6,4.0,12.0,3.0,0,0,100.0,20.0,0,0,0,province_panel_simulation
province_year,2004,湖南,28.2282,112.9388,华中,,,,395107.78,4.88,14532.7,40.7,197553888,0.32,20.0,0,0,0,0,0,145.3,0.6,4.0,12.0,3.0,0,0,100.0,20.0,0,0,0,province_panel_simulation
province_year,2004,广东,23.1291,113.2644,华南,,,,205414.12,2.54,7555.5,38.3,102707061,0.256,20.0,0,0,0,0,0,145.3,0.6,4.0,12.0,3.0,0,0,100.0,20.0,0,0,0,province_panel_simulation
province_year,2004,广西,22.817,108.3665,华南,,,,172925.15,2.13,6360.5,59.4,86462576,0.342,20.0,0,0,0,0,0,145.3,0.6,4.0,12.0,3.0,0,0,100.0,20.0,0,0,0,province_panel_simulation
province_year,2004,海南,20.044,110.3508,华南,,,,12576.37,0.16,462.6,37.2,6288187,0.271,20.0,0,0,0,0,0,145.3,0.6,4.0,12.0,3.0,0,0,100.0,20.0,0,0,0,province_panel_simulation
province_year,2004,重庆,29.4316,106.9123,西南,,,,345850.31,4.27,12720.9,34.2,172925153,0.325,20.0,0,0,0,0,0,145.3,0.6,4.0,12.0,3.0,0,0,100.0,20.0,0,0,0,province_panel_simulation
province_year,2004,四川,30.5728,104.0668,西南,,,,1423226.42,17.57,52348.5,41.0,711613209,0.334,20.0,0,0,0,0,0,145.3,0.6,4.0,12.0,3.0,0,0,100.0,20.0,0,0,0,province_panel_simulation
province_year,2004,贵州,26.6477,106.6302,西南,,,,502006.96,6.2,18464.6,25.4,251003481,0.153,20.0,0,0,0,0,0,145.3,0.6,4.0,12.0,3.0,0,0,100.0,20.0,0,0,0,province_panel_simulation
province_year,2004,云南,25.0389,102.7183,西南,,,,773447.05,9.55,28448.6,22.3,386723526,0.252,20.0,0,0,0,0,0,145.3,0.6,4.0,12.0,3.0,0,0,100.0,20.0,0,0,0,province_panel_simulation
province_year,2004,西藏,29.65,91.1,西南,,,,3144.09,0.04,115.6,39.0,1572046,0.239,20.0,0,0,0,0,0,145.3,0.6,4.0,12.0,3.0,0,0,100.0,20.0,0,0,0,province_panel_simulation
province_year,2004,陕西,34.3416,108.9398,西北,,,,230566.87,2.85,8480.6,32.2,115283435,0.306,20.0,0,0,0,0,0,145.3,0.6,4.0,12.0,3.0,0,0,100.0,20.0,0,0,0,province_panel_simulation
province_year,2004,甘肃,36.0613,103.834,西北,,,,213798.37,2.64,7863.8,31.1,106899186,0.295,20.0,0,0,0,0,0,145.3,0.6,4.0,12.0,3.0,0,0,100.0,20.0,0,0,0,province_panel_simulation
province_year,2004,青海,36.6173,101.7782,西北,,,,4192.12,0.05,154.2,32.3,2096062,0.231,20.0,0,0,0,0,0,145.3,0.6,4.0,12.0,3.0,0,0,100.0,20.0,0,0,0,province_panel_simulation
province_year,2004,宁夏,38.472,106.2589,西北,,,,5240.16,0.06,192.7,37.7,2620078,0.269,20.0,0,0,0,0,0,145.3,0.6,4.0,12.0,3.0,0,0,100.0,20.0,0,0,0,province_panel_simulation
province_year,2004,新疆,43.7928,87.617,西北,,,,66025.97,0.81,2428.5,39.5,33012983,0.248,20.0,0,0,0,0,0,145.3,0.6,4.0,12.0,3.0,0,0,100.0,20.0,0,0,0,province_panel_simulation
province_year,2005,北京,39.9042,116.4074,华北,,,,8655.52,0.1,304.3,32.6,4222203,0.216,20.5,43224.2,21864.0,8000.0,3200.0,0,148.0,0.6,4.0,12.0,3.0,70.0,30.0,110.0,22.0,8000.0,10.0,12.0,province_panel_simulation
province_year,2005,天津,39.1252,117.1908,华北,,,,5409.7,0.06,190.2,35.6,2638877,0.311,20.5,42987.8,23171.2,8000.0,3200.0,0,148.0,0.6,4.0,12.0,3.0,70.0,30.0,110.0,22.0,8000.0,10.0,12.0,province_panel_simulation
province_year,2005,河北,38.0455,114.502,华北,,,,136324.4,1.63,4793.2,35.0,66499705,0.306,20.5,68156.1,27332.6,8000.0,3200.0,0,148.0,0.6,4.0,12.0,3.0,70.0,30.0,110.0,22.0,8000.0,10.0,12.0,province_panel_simulation
province_year,2005,山西,37.8706,112.5489,华北,,,,119013.36,1.43,4184.6,32.9,58055298,0.213,20.5,43272.9,23321.0,8000.0,3200.0,0,148.0,0.6,4.0,12.0,3.0,70.0,30.0,110.0,22.0,8000.0,10.0,12.0,province_panel_simulation
province_year,2005,内蒙古,40.8422,111.7498,华北,,,,50851.16,0.61,1787.9,31.8,24805445,0.2,20.5,54085.5,23953.2,8000.0,3200.0,0,148.0,0.6,4.0,12.0,3.0,70.0,30.0,110.0,22.0,8000.0,10.0,12.0,province_panel_simulation
province_year,2005,辽宁,41.8057,123.4315,东北,,,,110357.85,1.32,3880.2,40.2,53833095,0.28,20.5,59277.9,21954.8,8000.0,3200.0,0,148.0,0.6,4.0,12.0,3.0,70.0,30.0,110.0,22.0,8000.0,10.0,12.0,province_panel_simulation
province_year,2005,吉林,43.8961,125.3265,东北,,,,93046.81,1.12,3271.6,60.1,45388688,0.271,20.5,64852.5,27999.9,8000.0,3200.0,0,148.0,0.6,4.0,12.0,3.0,70.0,30.0,110.0,22.0,8000.0,10.0,12.0,province_panel_simulation
province_year,2005,黑龙江,45.8038,126.535,东北,,,,59506.68,0.71,2092.3,34.9,29027649,0.263,20.5,42962.8,20943.6,8000.0,3200.0,0,148.0,0.6,4.0,12.0,3.0,70.0,30.0,110.0,22.0,8000.0,10.0,12.0,province_panel_simulation
province_year,2005,上海,31.2304,121.4737,华东,,,,6491.64,0.08,228.2,39.9,3166652,0.269,20.5,63243.3,25659.6,8000.0,3200.0,0,148.0,0.6,4.0,12.0,3.0,70.0,30.0,110.0,22.0,8000.0,10.0,12.0,province_panel_simulation
province_year,2005,江苏,32.0603,118.7969,华东,,,,143897.97,1.73,5059.5,30.7,70194133,0.39,20.5,38804.8,22264.2,8000.0,3200.0,0,148.0,0.6,4.0,12.0,3.0,70.0,30.0,110.0,22.0,8000.0,10.0,12.0,province_panel_simulation
province_year,2005,浙江,30.2741,120.1551,华东,,,,1367571.73,16.4,48084.4,52.6,667108160,0.343,20.5,68706.6,21849.1,8000.0,3200.0,0,148.0,0.6,4.0,12.0,3.0,70.0,30.0,110.0,22.0,8000.0,10.0,12.0,province_panel_simulation
province_year,2005,安徽,31.8206,117.2272,华东,,,,246682.24,2.96,8673.4,38.0,120332801,0.387,20.5,62245.6,23296.8,8000.0,3200.0,0,148.0,0.6,4.0,12.0,3.0,70.0,30.0,110.0,22.0,8000.0,10.0,12.0,province_panel_simulation
province_year,2005,福建,26.0745,119.2965,华东,,,,271566.85,3.26,9548.4,35.4,132471636,0.207,20.5,51178.5,31862.2,8000.0,3200.0,0,148.0,0.6,4.0,12.0,3.0,70.0,30.0,110.0,22.0,8000.0,10.0,12.0,province_panel_simulation
province_year,2005,江西,28.6829,115.858,华东,,,,229371.21,2.75,8064.8,63.1,111888393,0.244,20.5,56848.7,28480.0,8000.0,3200.0,0,148.0,0.6,4.0,12.0,3.0,70.0,30.0,110.0,22.0,8000.0,10.0,12.0,province_panel_simulation
province_year,2005,山东,36.6516,117.1201,华东,,,,187175.56,2.24,6581.2,37.7,91305151,0.339,20.5,43707.7,23098.8,8000.0,3200.0,0,148.0,0.6,4.0,12.0,3.0,70.0,30.0,110.0,22.0,8000.0,10.0,12.0,province_panel_simulation
province_year,2005,河南,34.7466,113.6254,华中,,,,670802.59,8.04,23585.7,55.0,327220774,0.321,20.5,42627.3,21263.4,8000.0,3200.0,0,148.0,0.6,4.0,12.0,3.0,70.0,30.0,110.0,22.0,8000.0,10.0,12.0,province_panel_simulation
province_year,2005,湖北,30.5928,114.3055,华中,,,,262911.34,3.15,9244.1,29.9,128249432,0.364,20.5,55983.2,24182.0,8000.0,3200.0,0,148.0,0.6,4.0,12.0,3.0,70.0,30.0,110.0,22.0,8000.0,10.0,12.0,province_panel_simulation
province_year,2005,湖南,28.2282,112.9388,华中,,,,407891.25,4.89,14341.6,32.4,198971342,0.303,20.5,59455.0,26379.4,8000.0,3200.0,0,148.0,0.6,4.0,12.0,3.0,70.0,30.0,110.0,22.0,8000.0,10.0,12.0,province_panel_simulation
province_year,2005,广东,23.1291,113.2644,华南,,,,212060.17,2.54,7456.1,37.2,103443986,0.267,20.5,62152.9,28688.3,8000.0,3200.0,0,148.0,0.6,4.0,12.0,3.0,70.0,30.0,110.0,22.0,8000.0,10.0,12.0,province_panel_simulation
province_year,2005,广西,22.817,108.3665,华南,,,,178520.04,2.14,6276.8,55.0,87082948,0.337,20.5,50619.4,27601.6,8000.0,3200.0,0,148.0,0.6,4.0,12.0,3.0,70.0,30.0,110.0,22.0,8000.0,10.0,12.0,province_panel_simulation
province_year,2005,海南,20.044,110.3508,华南,,,,12983.28,0.16,456.5,36.8,6333305,0.333,20.5,63386.9,21214.0,8000.0,3200.0,0,148.0,0.6,4.0,12.0,3.0,70.0,30.0,110.0,22.0,8000.0,10.0,12.0,province_panel_simulation
province_year,2005,重庆,29.4316,106.9123,西南,,,,357040.09,4.28,12553.7,31.7,174165896,0.244,20.5,60916.9,27934.3,8000.0,3200.0,0,148.0,0.6,4.0,12.0,3.0,70.0,30.0,110.0,22.0,8000.0,10.0,12.0,province_panel_simulation
province_year,2005,四川,30.5728,104.0668,西南,,,,1469274.06,17.62,51660.2,33.0,716719051,0.316,20.5,59000.0,29696.4,8000.0,3200.0,0,148.0,0.6,4.0,12.0,3.0,70.0,30.0,110.0,22.0,8000.0,10.0,12.0,province_panel_simulation
province_year,2005,贵州,26.6477,106.6302,西南,,,,518249.1,6.21,18221.8,34.2,252804437,0.213,20.5,52802.7,21336.0,8000.0,3200.0,0,148.0,0.6,4.0,12.0,3.0,70.0,30.0,110.0,22.0,8000.0,10.0,12.0,province_panel_simulation
province_year,2005,云南,25.0389,102.7183,西南,,,,798471.47,9.58,28074.6,18.3,389498277,0.204,20.5,47349.8,23630.0,8000.0,3200.0,0,148.0,0.6,4.0,12.0,3.0,70.0,30.0,110.0,22.0,8000.0,10.0,12.0,province_panel_simulation
province_year,2005,西藏,29.65,91.1,西南,,,,3245.82,0.04,114.1,30.9,1583326,0.341,20.5,63683.5,28015.2,8000.0,3200.0,0,148.0,0.6,4.0,12.0,3.0,70.0,30.0,110.0,22.0,8000.0,10.0,12.0,province_panel_simulation
province_year,2005,陕西,34.3416,108.9398,西北,,,,238026.72,2.85,8369.1,40.0,116110597,0.346,20.5,58478.6,23888.4,8000.0,3200.0,0,148.0,0.6,4.0,12.0,3.0,70.0,30.0,110.0,22.0,8000.0,10.0,12.0,province_panel_simulation
province_year,2005,甘肃,36.0613,103.834,西北,,,,220715.69,2.65,7760.4,18.3,107666190,0.31,20.5,52061.9,29045.4,8000.0,3200.0,0,148.0,0.6,4.0,12.0,3.0,70.0,30.0,110.0,22.0,8000.0,10.0,12.0,province_panel_simulation
province_year,2005,青海,36.6173,101.7782,西北,,,,4327.76,0.05,152.2,39.6,2111101,0.225,20.5,55713.5,28819.6,8000.0,3200.0,0,148.0,0.6,4.0,12.0,3.0,70.0,30.0,110.0,22.0,8000.0,10.0,12.0,province_panel_simulation
province_year,2005,宁夏,38.472,106.2589,西北,,,,5409.7,0.06,190.2,35.1,2638877,0.212,20.5,48165.2,24749.7,8000.0,3200.0,0,148.0,0.6,4.0,12.0,3.0,70.0,30.0,110.0,22.0,8000.0,10.0,12.0,province_panel_simulation
province_year,2005,新疆,43.7928,87.617,西北,,,,68162.2,0.82,2396.6,37.0,33249852,0.326,20.5,47587.8,29614.6,8000.0,3200.0,0,148.0,0.6,4.0,12.0,3.0,70.0,30.0,110.0,22.0,8000.0,10.0,12.0,province_panel_simulation
province_year,2006,北京,39.9042,116.4074,华北,,,,8828.74,0.1,351.4,37.3,4204161,0.338,21.0,68555.7,30341.4,0,0,0,152.8,0.6,4.0,12.0,3.0,0,0,120.0,24.0,8500.0,11.0,13.0,province_panel_simulation
province_year,2006,天津,39.1252,117.1908,华北,,,,5517.96,0.07,219.6,39.3,2627600,0.244,21.0,51581.7,36558.7,0,0,0,152.8,0.6,4.0,12.0,3.0,0,0,120.0,24.0,8500.0,11.0,13.0,province_panel_simulation
province_year,2006,河北,38.0455,114.502,华北,,,,139052.64,1.64,5535.0,38.7,66215545,0.274,21.0,74598.7,31933.4,0,0,0,152.8,0.6,4.0,12.0,3.0,0,0,120.0,24.0,8500.0,11.0,13.0,province_panel_simulation
province_year,2006,山西,37.8706,112.5489,华北,,,,121395.17,1.43,4832.2,40.3,57807221,0.259,21.0,46884.1,27554.3,0,0,0,152.8,0.6,4.0,12.0,3.0,0,0,120.0,24.0,8500.0,11.0,13.0,province_panel_simulation
province_year,2006,内蒙古,40.8422,111.7498,华北,,,,51868.84,0.61,2064.7,42.9,24699449,0.29,21.0,66700.9,25212.7,0,0,0,152.8,0.6,4.0,12.0,3.0,0,0,120.0,24.0,8500.0,11.0,13.0,province_panel_simulation
province_year,2006,辽宁,41.8057,123.4315,东北,,,,112566.43,1.33,4480.7,40.4,53603060,0.335,21.0,55557.6,32534.1,0,0,0,152.8,0.6,4.0,12.0,3.0,0,0,120.0,24.0,8500.0,11.0,13.0,province_panel_simulation
province_year,2006,吉林,43.8961,125.3265,东北,,,,94908.95,1.12,3777.9,47.2,45194737,0.342,21.0,61469.1,25741.6,0,0,0,152.8,0.6,4.0,12.0,3.0,0,0,120.0,24.0,8500.0,11.0,13.0,province_panel_simulation
province_year,2006,黑龙江,45.8038,126.535,东北,,,,60697.58,0.72,2416.1,35.7,28903610,0.28,21.0,59508.9,23579.5,0,0,0,152.8,0.6,4.0,12.0,3.0,0,0,120.0,24.0,8500.0,11.0,13.0,province_panel_simulation
province_year,2006,上海,31.2304,121.4737,华东,,,,6621.55,0.08,263.6,45.7,3153121,0.333,21.0,56365.3,23938.5,0,0,0,152.8,0.6,4.0,12.0,3.0,0,0,120.0,24.0,8500.0,11.0,13.0,province_panel_simulation
province_year,2006,江苏,32.0603,118.7969,华东,,,,146777.79,1.73,5842.5,43.8,69894186,0.37,21.0,65198.8,29731.3,0,0,0,152.8,0.6,4.0,12.0,3.0,0,0,120.0,24.0,8500.0,11.0,13.0,province_panel_simulation
province_year,2006,浙江,30.2741,120.1551,华东,,,,1394940.82,16.45,55525.9,51.4,664257532,0.42,21.0,74326.1,25807.2,0,0,0,152.8,0.6,4.0,12.0,3.0,0,0,120.0,24.0,8500.0,11.0,13.0,province_panel_simulation
province_year,2006,安徽,31.8206,117.2272,华东,,,,251619.07,2.97,10015.7,40.4,119818605,0.354,21.0,72305.1,29722.0,0,0,0,152.8,0.6,4.0,12.0,3.0,0,0,120.0,24.0,8500.0,11.0,13.0,province_panel_simulation
province_year,2006,福建,26.0745,119.2965,华东,,,,277001.7,3.27,11026.1,44.3,131905570,0.259,21.0,49953.7,33892.1,0,0,0,152.8,0.6,4.0,12.0,3.0,0,0,120.0,24.0,8500.0,11.0,13.0,province_panel_simulation
province_year,2006,江西,28.6829,115.858,华东,,,,233961.59,2.76,9312.9,55.3,111410282,0.336,21.0,57967.9,34344.1,0,0,0,152.8,0.6,4.0,12.0,3.0,0,0,120.0,24.0,8500.0,11.0,13.0,province_panel_simulation
province_year,2006,山东,36.6516,117.1201,华东,,,,190921.49,2.25,7599.7,37.2,90914994,0.242,21.0,60709.8,36983.8,0,0,0,152.8,0.6,4.0,12.0,3.0,0,0,120.0,24.0,8500.0,11.0,13.0,province_panel_simulation
province_year,2006,河南,34.7466,113.6254,华中,,,,684227.3,8.07,27235.8,57.4,325822523,0.318,21.0,59035.7,27307.8,0,0,0,152.8,0.6,4.0,12.0,3.0,0,0,120.0,24.0,8500.0,11.0,13.0,province_panel_simulation
province_year,2006,湖北,30.5928,114.3055,华中,,,,268172.96,3.16,10674.7,40.4,127701408,0.377,21.0,56154.0,26962.3,0,0,0,152.8,0.6,4.0,12.0,3.0,0,0,120.0,24.0,8500.0,11.0,13.0,province_panel_simulation
province_year,2006,湖南,28.2282,112.9388,华中,,,,416054.34,4.91,16561.1,36.1,198121115,0.301,21.0,60185.6,25656.7,0,0,0,152.8,0.6,4.0,12.0,3.0,0,0,120.0,24.0,8500.0,11.0,13.0,province_panel_simulation
province_year,2006,广东,23.1291,113.2644,华南,,,,216304.11,2.55,8610.0,43.1,103001959,0.154,21.0,66171.7,32637.4,0,0,0,152.8,0.6,4.0,12.0,3.0,0,0,120.0,24.0,8500.0,11.0,13.0,province_panel_simulation
province_year,2006,广西,22.817,108.3665,华南,,,,182092.75,2.15,7248.2,66.4,86710832,0.255,21.0,63366.9,34347.1,0,0,0,152.8,0.6,4.0,12.0,3.0,0,0,120.0,24.0,8500.0,11.0,13.0,province_panel_simulation
province_year,2006,海南,20.044,110.3508,华南,,,,13243.11,0.16,527.1,45.5,6306242,0.271,21.0,41671.6,29633.9,0,0,0,152.8,0.6,4.0,12.0,3.0,0,0,120.0,24.0,8500.0,11.0,13.0,province_panel_simulation
province_year,2006,重庆,29.4316,106.9123,西南,,,,364185.5,4.29,14496.5,40.9,173421665,0.326,21.0,70654.5,28716.5,0,0,0,152.8,0.6,4.0,12.0,3.0,0,0,120.0,24.0,8500.0,11.0,13.0,province_panel_simulation
province_year,2006,四川,30.5728,104.0668,西南,,,,1498678.51,17.67,59655.2,40.1,713656431,0.365,21.0,65401.0,28267.7,0,0,0,152.8,0.6,4.0,12.0,3.0,0,0,120.0,24.0,8500.0,11.0,13.0,province_panel_simulation
province_year,2006,贵州,26.6477,106.6302,西南,,,,528620.77,6.23,21041.9,32.9,251724175,0.168,21.0,56643.8,36544.2,0,0,0,152.8,0.6,4.0,12.0,3.0,0,0,120.0,24.0,8500.0,11.0,13.0,province_panel_simulation
province_year,2006,云南,25.0389,102.7183,西南,,,,814451.21,9.6,32419.4,26.6,387833907,0.237,21.0,62887.3,34806.1,0,0,0,152.8,0.6,4.0,12.0,3.0,0,0,120.0,24.0,8500.0,11.0,13.0,province_panel_simulation
province_year,2006,西藏,29.65,91.1,西南,,,,3310.78,0.04,131.8,44.0,1576560,0.325,21.0,53545.9,26886.6,0,0,0,152.8,0.6,4.0,12.0,3.0,0,0,120.0,24.0,8500.0,11.0,13.0,province_panel_simulation
province_year,2006,陕西,34.3416,108.9398,西北,,,,242790.33,2.86,9664.3,42.4,115614443,0.31,21.0,70591.9,22731.3,0,0,0,152.8,0.6,4.0,12.0,3.0,0,0,120.0,24.0,8500.0,11.0,13.0,province_panel_simulation
province_year,2006,甘肃,36.0613,103.834,西北,,,,225132.85,2.65,8961.5,21.3,107206120,0.291,21.0,72272.6,36961.9,0,0,0,152.8,0.6,4.0,12.0,3.0,0,0,120.0,24.0,8500.0,11.0,13.0,province_panel_simulation
province_year,2006,青海,36.6173,101.7782,西北,,,,4414.37,0.05,175.7,42.7,2102080,0.262,21.0,43798.1,31579.5,0,0,0,152.8,0.6,4.0,12.0,3.0,0,0,120.0,24.0,8500.0,11.0,13.0,province_panel_simulation
province_year,2006,宁夏,38.472,106.2589,西北,,,,5517.96,0.07,219.6,44.2,2627600,0.264,21.0,64416.3,35570.7,0,0,0,152.8,0.6,4.0,12.0,3.0,0,0,120.0,24.0,8500.0,11.0,13.0,province_panel_simulation
province_year,2006,新疆,43.7928,87.617,西北,,,,69526.32,0.82,2767.5,34.4,33107772,0.315,21.0,50546.4,27747.6,0,0,0,152.8,0.6,4.0,12.0,3.0,0,0,120.0,24.0,8500.0,11.0,13.0,province_panel_simulation
province_year,2007,北京,39.9042,116.4074,华北,,,,8951.13,0.1,369.6,36.9,4163315,0.276,21.5,64764.4,36451.1,0,0,0,156.3,0.6,4.0,12.0,3.0,0,0,130.0,26.0,9000.0,12.0,14.0,province_panel_simulation
province_year,2007,天津,39.1252,117.1908,华北,,,,5594.45,0.07,231.0,37.2,2602072,0.209,21.5,76162.0,33703.4,0,0,0,156.3,0.6,4.0,12.0,3.0,0,0,130.0,26.0,9000.0,12.0,14.0,province_panel_simulation
province_year,2007,河北,38.0455,114.502,华北,,,,140980.26,1.64,5821.4,38.1,65572214,0.332,21.5,48959.7,31182.3,0,0,0,156.3,0.6,4.0,12.0,3.0,0,0,130.0,26.0,9000.0,12.0,14.0,province_panel_simulation
province_year,2007,山西,37.8706,112.5489,华北,,,,123078.01,1.44,5082.2,38.3,57245584,0.235,21.5,43961.3,36643.7,0,0,0,156.3,0.6,4.0,12.0,3.0,0,0,130.0,26.0,9000.0,12.0,14.0,province_panel_simulation
province_year,2007,内蒙古,40.8422,111.7498,华北,,,,52587.88,0.61,2171.5,46.3,24459476,0.298,21.5,49515.1,30873.5,0,0,0,156.3,0.6,4.0,12.0,3.0,0,0,130.0,26.0,9000.0,12.0,14.0,province_panel_simulation
province_year,2007,辽宁,41.8057,123.4315,东北,,,,114126.88,1.33,4712.5,39.4,53082269,0.284,21.5,67493.5,30596.5,0,0,0,156.3,0.6,4.0,12.0,3.0,0,0,130.0,26.0,9000.0,12.0,14.0,province_panel_simulation
province_year,2007,吉林,43.8961,125.3265,东北,,,,96224.62,1.12,3973.3,52.7,44755638,0.322,21.5,51056.7,29966.6,0,0,0,156.3,0.6,4.0,12.0,3.0,0,0,130.0,26.0,9000.0,12.0,14.0,province_panel_simulation
province_year,2007,黑龙江,45.8038,126.535,东北,,,,61539.0,0.72,2541.1,41.1,28622792,0.233,21.5,64988.5,32989.5,0,0,0,156.3,0.6,4.0,12.0,3.0,0,0,130.0,26.0,9000.0,12.0,14.0,province_panel_simulation
province_year,2007,上海,31.2304,121.4737,华东,,,,6713.35,0.08,277.2,47.4,3122486,0.241,21.5,80165.6,34315.9,0,0,0,156.3,0.6,4.0,12.0,3.0,0,0,130.0,26.0,9000.0,12.0,14.0,province_panel_simulation
province_year,2007,江苏,32.0603,118.7969,华东,,,,148812.5,1.74,6144.8,38.5,69215115,0.38,21.5,69245.2,35690.2,0,0,0,156.3,0.6,4.0,12.0,3.0,0,0,130.0,26.0,9000.0,12.0,14.0,province_panel_simulation
province_year,2007,浙江,30.2741,120.1551,华东,,,,1414278.18,16.5,58398.6,46.8,657803806,0.386,21.5,62177.7,38226.1,0,0,0,156.3,0.6,4.0,12.0,3.0,0,0,130.0,26.0,9000.0,12.0,14.0,province_panel_simulation
province_year,2007,安徽,31.8206,117.2272,华东,,,,255107.14,2.98,10533.9,38.7,118654484,0.414,21.5,66302.1,29451.9,0,0,0,156.3,0.6,4.0,12.0,3.0,0,0,130.0,26.0,9000.0,12.0,14.0,province_panel_simulation
province_year,2007,福建,26.0745,119.2965,华东,,,,280841.63,3.28,11596.6,43.0,130624015,0.228,21.5,68944.8,35312.8,0,0,0,156.3,0.6,4.0,12.0,3.0,0,0,130.0,26.0,9000.0,12.0,14.0,province_panel_simulation
province_year,2007,江西,28.6829,115.858,华东,,,,237204.89,2.77,9794.7,64.5,110327853,0.321,21.5,67093.9,38214.1,0,0,0,156.3,0.6,4.0,12.0,3.0,0,0,130.0,26.0,9000.0,12.0,14.0,province_panel_simulation
province_year,2007,山东,36.6516,117.1201,华东,,,,193568.14,2.26,7992.9,43.1,90031691,0.243,21.5,60088.0,33065.2,0,0,0,156.3,0.6,4.0,12.0,3.0,0,0,130.0,26.0,9000.0,12.0,14.0,province_panel_simulation
province_year,2007,河南,34.7466,113.6254,华中,,,,693712.4,8.09,28644.9,66.6,322656930,0.31,21.5,54641.2,35734.9,0,0,0,156.3,0.6,4.0,12.0,3.0,0,0,130.0,26.0,9000.0,12.0,14.0,province_panel_simulation
province_year,2007,湖北,30.5928,114.3055,华中,,,,271890.51,3.17,11227.0,37.3,126460700,0.316,21.5,63773.1,39296.7,0,0,0,156.3,0.6,4.0,12.0,3.0,0,0,130.0,26.0,9000.0,12.0,14.0,province_panel_simulation
province_year,2007,湖南,28.2282,112.9388,华中,,,,421821.9,4.92,17417.9,41.7,196196230,0.332,21.5,74653.1,27935.8,0,0,0,156.3,0.6,4.0,12.0,3.0,0,0,130.0,26.0,9000.0,12.0,14.0,province_panel_simulation
province_year,2007,广东,23.1291,113.2644,华南,,,,219302.63,2.56,9055.5,45.3,102001223,0.21,21.5,73756.5,35720.3,0,0,0,156.3,0.6,4.0,12.0,3.0,0,0,130.0,26.0,9000.0,12.0,14.0,province_panel_simulation
province_year,2007,广西,22.817,108.3665,华南,,,,184617.01,2.15,7623.2,55.2,85868376,0.214,21.5,79603.0,26088.0,0,0,0,156.3,0.6,4.0,12.0,3.0,0,0,130.0,26.0,9000.0,12.0,14.0,province_panel_simulation
province_year,2007,海南,20.044,110.3508,华南,,,,13426.69,0.16,554.4,47.1,6244972,0.324,21.5,70681.2,39431.1,0,0,0,156.3,0.6,4.0,12.0,3.0,0,0,130.0,26.0,9000.0,12.0,14.0,province_panel_simulation
province_year,2007,重庆,29.4316,106.9123,西南,,,,369234.02,4.31,15246.5,47.1,171736753,0.317,21.5,57282.7,36421.8,0,0,0,156.3,0.6,4.0,12.0,3.0,0,0,130.0,26.0,9000.0,12.0,14.0,province_panel_simulation
province_year,2007,四川,30.5728,104.0668,西南,,,,1519453.94,17.72,62741.6,35.3,706722760,0.375,21.5,60609.9,34548.0,0,0,0,156.3,0.6,4.0,12.0,3.0,0,0,130.0,26.0,9000.0,12.0,14.0,province_panel_simulation
province_year,2007,贵州,26.6477,106.6302,西南,,,,535948.77,6.25,22130.5,34.5,249278499,0.223,21.5,74352.0,38800.6,0,0,0,156.3,0.6,4.0,12.0,3.0,0,0,130.0,26.0,9000.0,12.0,14.0,province_panel_simulation
province_year,2007,云南,25.0389,102.7183,西南,,,,825741.54,9.63,34096.7,22.9,384065830,0.177,21.5,44545.4,37909.3,0,0,0,156.3,0.6,4.0,12.0,3.0,0,0,130.0,26.0,9000.0,12.0,14.0,province_panel_simulation
province_year,2007,西藏,29.65,91.1,西南,,,,3356.67,0.04,138.6,42.1,1561243,0.332,21.5,51884.7,24855.2,0,0,0,156.3,0.6,4.0,12.0,3.0,0,0,130.0,26.0,9000.0,12.0,14.0,province_panel_simulation
province_year,2007,陕西,34.3416,108.9398,西北,,,,246156.01,2.87,10164.3,45.3,114491168,0.331,21.5,54905.9,30341.9,0,0,0,156.3,0.6,4.0,12.0,3.0,0,0,130.0,26.0,9000.0,12.0,14.0,province_panel_simulation
province_year,2007,甘肃,36.0613,103.834,西北,,,,228253.76,2.66,9425.1,23.5,106164538,0.337,21.5,54987.1,31682.7,0,0,0,156.3,0.6,4.0,12.0,3.0,0,0,130.0,26.0,9000.0,12.0,14.0,province_panel_simulation
province_year,2007,青海,36.6173,101.7782,西北,,,,4475.56,0.05,184.8,36.3,2081657,0.328,21.5,48681.1,31062.9,0,0,0,156.3,0.6,4.0,12.0,3.0,0,0,130.0,26.0,9000.0,12.0,14.0,province_panel_simulation
province_year,2007,宁夏,38.472,106.2589,西北,,,,5594.45,0.07,231.0,43.4,2602072,0.307,21.5,78970.5,30514.1,0,0,0,156.3,0.6,4.0,12.0,3.0,0,0,130.0,26.0,9000.0,12.0,14.0,province_panel_simulation
province_year,2007,新疆,43.7928,87.617,西北,,,,70490.13,0.82,2910.7,44.3,32786107,0.22,21.5,59118.4,25424.4,0,0,0,156.3,0.6,4.0,12.0,3.0,0,0,130.0,26.0,9000.0,12.0,14.0,province_panel_simulation
province_year,2008,北京,39.9042,116.4074,华北,,,,9184.93,0.1,426.4,46.3,4174966,0.257,22.0,86549.2,26209.4,0,0,0,159.5,0.6,4.0,12.0,3.0,0,0,140.0,28.0,9500.0,14.0,16.0,province_panel_simulation
province_year,2008,天津,39.1252,117.1908,华北,,,,5740.58,0.07,266.5,44.6,2609353,0.263,22.0,86509.7,40278.2,0,0,0,159.5,0.6,4.0,12.0,3.0,0,0,140.0,28.0,9500.0,14.0,16.0,province_panel_simulation
province_year,2008,河北,38.0455,114.502,华北,,,,144662.57,1.65,6716.2,40.8,65755715,0.298,22.0,69916.9,42371.1,0,0,0,159.5,0.6,4.0,12.0,3.0,0,0,140.0,28.0,9500.0,14.0,16.0,province_panel_simulation
province_year,2008,山西,37.8706,112.5489,华北,,,,126292.72,1.44,5863.4,44.4,57405782,0.256,22.0,55425.6,27738.9,0,0,0,159.5,0.6,4.0,12.0,3.0,0,0,140.0,28.0,9500.0,14.0,16.0,province_panel_simulation
province_year,2008,内蒙古,40.8422,111.7498,华北,,,,53961.44,0.62,2505.3,51.2,24527925,0.264,22.0,74750.7,36623.1,0,0,0,159.5,0.6,4.0,12.0,3.0,0,0,140.0,28.0,9500.0,14.0,16.0,province_panel_simulation
province_year,2008,辽宁,41.8057,123.4315,东北,,,,117107.8,1.34,5436.9,47.8,53230816,0.2,22.0,79818.4,29815.0,0,0,0,159.5,0.6,4.0,12.0,3.0,0,0,140.0,28.0,9500.0,14.0,16.0,province_panel_simulation
province_year,2008,吉林,43.8961,125.3265,东北,,,,98737.95,1.13,4584.1,55.1,44880884,0.28,22.0,50473.4,38734.2,0,0,0,159.5,0.6,4.0,12.0,3.0,0,0,140.0,28.0,9500.0,14.0,16.0,province_panel_simulation
province_year,2008,黑龙江,45.8038,126.535,东北,,,,63146.36,0.72,2931.7,42.3,28702891,0.228,22.0,83205.8,31268.4,0,0,0,159.5,0.6,4.0,12.0,3.0,0,0,140.0,28.0,9500.0,14.0,16.0,province_panel_simulation
province_year,2008,上海,31.2304,121.4737,华东,,,,6888.69,0.08,319.8,41.5,3131224,0.33,22.0,47785.9,40328.7,0,0,0,159.5,0.6,4.0,12.0,3.0,0,0,140.0,28.0,9500.0,14.0,16.0,province_panel_simulation
province_year,2008,江苏,32.0603,118.7969,华东,,,,152699.38,1.74,7089.3,41.5,69408810,0.314,22.0,57911.7,28633.9,0,0,0,159.5,0.6,4.0,12.0,3.0,0,0,140.0,28.0,9500.0,14.0,16.0,province_panel_simulation
province_year,2008,浙江,30.2741,120.1551,华东,,,,1451218.19,16.55,67375.5,72.5,659644633,0.299,22.0,48277.2,39158.7,0,0,0,159.5,0.6,4.0,12.0,3.0,0,0,140.0,28.0,9500.0,14.0,16.0,province_panel_simulation
province_year,2008,安徽,31.8206,117.2272,华东,,,,261770.37,2.98,12153.2,42.8,118986531,0.343,22.0,54789.7,26546.0,0,0,0,159.5,0.6,4.0,12.0,3.0,0,0,140.0,28.0,9500.0,14.0,16.0,province_panel_simulation
province_year,2008,福建,26.0745,119.2965,华东,,,,288177.03,3.29,13379.1,49.8,130989559,0.215,22.0,78137.9,33793.8,0,0,0,159.5,0.6,4.0,12.0,3.0,0,0,140.0,28.0,9500.0,14.0,16.0,province_panel_simulation
province_year,2008,江西,28.6829,115.858,华东,,,,243400.52,2.77,11300.3,76.3,110636599,0.273,22.0,52125.9,34265.6,0,0,0,159.5,0.6,4.0,12.0,3.0,0,0,140.0,28.0,9500.0,14.0,16.0,province_panel_simulation
province_year,2008,山东,36.6516,117.1201,华东,,,,198624.01,2.26,9221.5,52.6,90283640,0.204,22.0,79672.7,40475.4,0,0,0,159.5,0.6,4.0,12.0,3.0,0,0,140.0,28.0,9500.0,14.0,16.0,province_panel_simulation
province_year,2008,河南,34.7466,113.6254,华中,,,,711831.71,8.12,33048.1,68.0,323559867,0.363,22.0,87060.1,26690.1,0,0,0,159.5,0.6,4.0,12.0,3.0,0,0,140.0,28.0,9500.0,14.0,16.0,province_panel_simulation
province_year,2008,湖北,30.5928,114.3055,华中,,,,278992.11,3.18,12952.7,46.1,126814593,0.354,22.0,75703.9,34033.6,0,0,0,159.5,0.6,4.0,12.0,3.0,0,0,140.0,28.0,9500.0,14.0,16.0,province_panel_simulation
province_year,2008,湖南,28.2282,112.9388,华中,,,,432839.6,4.93,20095.4,52.1,196745274,0.208,22.0,50971.1,36051.9,0,0,0,159.5,0.6,4.0,12.0,3.0,0,0,140.0,28.0,9500.0,14.0,16.0,province_panel_simulation
province_year,2008,广东,23.1291,113.2644,华南,,,,225030.67,2.57,10447.5,40.4,102286667,0.183,22.0,73537.5,35026.9,0,0,0,159.5,0.6,4.0,12.0,3.0,0,0,140.0,28.0,9500.0,14.0,16.0,province_panel_simulation
province_year,2008,广西,22.817,108.3665,华南,,,,189439.08,2.16,8795.1,61.6,86108674,0.343,22.0,69348.6,33408.5,0,0,0,159.5,0.6,4.0,12.0,3.0,0,0,140.0,28.0,9500.0,14.0,16.0,province_panel_simulation
province_year,2008,海南,20.044,110.3508,华南,,,,13777.39,0.16,639.6,47.9,6262449,0.212,22.0,76344.7,40232.8,0,0,0,159.5,0.6,4.0,12.0,3.0,0,0,140.0,28.0,9500.0,14.0,16.0,province_panel_simulation
province_year,2008,重庆,29.4316,106.9123,西南,,,,378878.17,4.32,17590.1,48.5,172217348,0.31,22.0,77123.5,29326.9,0,0,0,159.5,0.6,4.0,12.0,3.0,0,0,140.0,28.0,9500.0,14.0,16.0,province_panel_simulation
province_year,2008,四川,30.5728,104.0668,西南,,,,1559141.06,17.78,72386.0,45.7,708700484,0.329,22.0,61518.7,33404.8,0,0,0,159.5,0.6,4.0,12.0,3.0,0,0,140.0,28.0,9500.0,14.0,16.0,province_panel_simulation
province_year,2008,贵州,26.6477,106.6302,西南,,,,549947.4,6.27,25532.3,32.9,249976091,0.159,22.0,65107.6,37023.3,0,0,0,159.5,0.6,4.0,12.0,3.0,0,0,140.0,28.0,9500.0,14.0,16.0,province_panel_simulation
province_year,2008,云南,25.0389,102.7183,西南,,,,847309.36,9.66,39337.9,31.9,385140616,0.167,22.0,85383.2,26798.0,0,0,0,159.5,0.6,4.0,12.0,3.0,0,0,140.0,28.0,9500.0,14.0,16.0,province_panel_simulation
province_year,2008,西藏,29.65,91.1,西南,,,,3444.35,0.04,159.9,51.0,1565612,0.211,22.0,51615.6,38283.4,0,0,0,159.5,0.6,4.0,12.0,3.0,0,0,140.0,28.0,9500.0,14.0,16.0,province_panel_simulation
province_year,2008,陕西,34.3416,108.9398,西北,,,,252585.44,2.88,11726.7,50.7,114811565,0.278,22.0,71633.0,35253.1,0,0,0,159.5,0.6,4.0,12.0,3.0,0,0,140.0,28.0,9500.0,14.0,16.0,province_panel_simulation
province_year,2008,甘肃,36.0613,103.834,西北,,,,234215.59,2.67,10873.9,30.8,106461633,0.215,22.0,62118.0,37027.3,0,0,0,159.5,0.6,4.0,12.0,3.0,0,0,140.0,28.0,9500.0,14.0,16.0,province_panel_simulation
province_year,2008,青海,36.6173,101.7782,西北,,,,4592.46,0.05,213.2,49.9,2087483,0.325,22.0,77132.5,42209.6,0,0,0,159.5,0.6,4.0,12.0,3.0,0,0,140.0,28.0,9500.0,14.0,16.0,province_panel_simulation
province_year,2008,宁夏,38.472,106.2589,西北,,,,5740.58,0.07,266.5,47.8,2609353,0.249,22.0,71283.8,29287.8,0,0,0,159.5,0.6,4.0,12.0,3.0,0,0,140.0,28.0,9500.0,14.0,16.0,province_panel_simulation
province_year,2008,新疆,43.7928,87.617,西北,,,,72331.29,0.82,3358.1,48.6,32877857,0.23,22.0,52091.8,40105.9,0,0,0,159.5,0.6,4.0,12.0,3.0,0,0,140.0,28.0,9500.0,14.0,16.0,province_panel_simulation
province_year,2009,北京,39.9042,116.4074,华北,,,,9270.59,0.11,422.2,43.7,4213906,0.308,22.0,75618.9,41760.7,0,0,0,162.2,0.6,4.0,12.0,3.0,0,0,150.0,30.0,10000.0,15.0,18.0,province_panel_simulation
province_year,2009,天津,39.1252,117.1908,华北,,,,5794.12,0.07,263.9,50.2,2633691,0.34,22.0,86232.5,38255.7,0,0,0,162.2,0.6,4.0,12.0,3.0,0,0,150.0,30.0,10000.0,15.0,18.0,province_panel_simulation
province_year,2009,河北,38.0455,114.502,华北,,,,146011.87,1.65,6649.6,47.4,66369032,0.2,22.0,91039.4,42163.2,0,0,0,162.2,0.6,4.0,12.0,3.0,0,0,150.0,30.0,10000.0,15.0,18.0,province_panel_simulation
province_year,2009,山西,37.8706,112.5489,华北,,,,127470.68,1.44,5805.2,42.3,57941218,0.223,22.0,81205.2,32742.6,0,0,0,162.2,0.6,4.0,12.0,3.0,0,0,150.0,30.0,10000.0,15.0,18.0,province_panel_simulation
province_year,2009,内蒙古,40.8422,111.7498,华北,,,,54464.75,0.62,2480.4,43.3,24756702,0.197,22.0,88466.8,37400.4,0,0,0,162.2,0.6,4.0,12.0,3.0,0,0,150.0,30.0,10000.0,15.0,18.0,province_panel_simulation
province_year,2009,辽宁,41.8057,123.4315,东北,,,,118200.09,1.34,5383.0,44.1,53727311,0.217,22.0,78185.0,27704.9,0,0,0,162.2,0.6,4.0,12.0,3.0,0,0,150.0,30.0,10000.0,15.0,18.0,province_panel_simulation
province_year,2009,吉林,43.8961,125.3265,东北,,,,99658.9,1.13,4538.6,73.8,45299498,0.228,22.0,68917.5,33320.2,0,0,0,162.2,0.6,4.0,12.0,3.0,0,0,150.0,30.0,10000.0,15.0,18.0,province_panel_simulation
province_year,2009,黑龙江,45.8038,126.535,东北,,,,63735.34,0.72,2902.6,43.7,28970609,0.302,22.0,84425.7,37423.4,0,0,0,162.2,0.6,4.0,12.0,3.0,0,0,150.0,30.0,10000.0,15.0,18.0,province_panel_simulation
province_year,2009,上海,31.2304,121.4737,华东,,,,6952.95,0.08,316.6,39.8,3160430,0.204,22.0,57517.9,38332.9,0,0,0,162.2,0.6,4.0,12.0,3.0,0,0,150.0,30.0,10000.0,15.0,18.0,province_panel_simulation
province_year,2009,江苏,32.0603,118.7969,华东,,,,154123.64,1.75,7019.0,47.9,70056200,0.335,22.0,79434.6,35940.5,0,0,0,162.2,0.6,4.0,12.0,3.0,0,0,150.0,30.0,10000.0,15.0,18.0,province_panel_simulation
province_year,2009,浙江,30.2741,120.1551,华东,,,,1464754.0,16.59,66706.8,64.1,665797274,0.335,22.0,83474.7,29210.1,0,0,0,162.2,0.6,4.0,12.0,3.0,0,0,150.0,30.0,10000.0,15.0,18.0,province_panel_simulation
province_year,2009,安徽,31.8206,117.2272,华东,,,,264211.96,2.99,12032.6,44.5,120096343,0.336,22.0,80153.4,35958.1,0,0,0,162.2,0.6,4.0,12.0,3.0,0,0,150.0,30.0,10000.0,15.0,18.0,province_panel_simulation
province_year,2009,福建,26.0745,119.2965,华东,,,,290864.92,3.3,13246.4,47.8,132211325,0.153,22.0,67850.2,37997.8,0,0,0,162.2,0.6,4.0,12.0,3.0,0,0,150.0,30.0,10000.0,15.0,18.0,province_panel_simulation
province_year,2009,江西,28.6829,115.858,华东,,,,245670.77,2.78,11188.2,50.3,111668530,0.241,22.0,59856.0,29633.9,0,0,0,162.2,0.6,4.0,12.0,3.0,0,0,150.0,30.0,10000.0,15.0,18.0,province_panel_simulation
province_year,2009,山东,36.6516,117.1201,华东,,,,200476.62,2.27,9130.0,42.2,91125734,0.245,22.0,51015.8,40671.0,0,0,0,162.2,0.6,4.0,12.0,3.0,0,0,150.0,30.0,10000.0,15.0,18.0,province_panel_simulation
province_year,2009,河南,34.7466,113.6254,华中,,,,718471.11,8.14,32720.1,55.6,326577777,0.351,22.0,81247.5,36204.7,0,0,0,162.2,0.6,4.0,12.0,3.0,0,0,150.0,30.0,10000.0,15.0,18.0,province_panel_simulation
province_year,2009,湖北,30.5928,114.3055,华中,,,,281594.32,3.19,12824.2,50.1,127997419,0.413,22.0,53811.0,42747.9,0,0,0,162.2,0.6,4.0,12.0,3.0,0,0,150.0,30.0,10000.0,15.0,18.0,province_panel_simulation
province_year,2009,湖南,28.2282,112.9388,华中,,,,436876.79,4.95,19895.9,39.3,198580358,0.199,22.0,90695.3,42754.2,0,0,0,162.2,0.6,4.0,12.0,3.0,0,0,150.0,30.0,10000.0,15.0,18.0,province_panel_simulation
province_year,2009,广东,23.1291,113.2644,华南,,,,227129.58,2.57,10343.8,46.5,103240716,0.221,22.0,81500.6,34710.3,0,0,0,162.2,0.6,4.0,12.0,3.0,0,0,150.0,30.0,10000.0,15.0,18.0,province_panel_simulation
province_year,2009,广西,22.817,108.3665,华南,,,,191206.02,2.17,8707.8,53.7,86911827,0.199,22.0,64787.9,41653.9,0,0,0,162.2,0.6,4.0,12.0,3.0,0,0,150.0,30.0,10000.0,15.0,18.0,province_panel_simulation
province_year,2009,海南,20.044,110.3508,华南,,,,13905.89,0.16,633.3,47.1,6320860,0.319,22.0,90634.8,28745.2,0,0,0,162.2,0.6,4.0,12.0,3.0,0,0,150.0,30.0,10000.0,15.0,18.0,province_panel_simulation
province_year,2009,重庆,29.4316,106.9123,西南,,,,382412.04,4.33,17415.5,50.2,173823655,0.232,22.0,76260.6,36633.7,0,0,0,162.2,0.6,4.0,12.0,3.0,0,0,150.0,30.0,10000.0,15.0,18.0,province_panel_simulation
province_year,2009,四川,30.5728,104.0668,西南,,,,1573683.5,17.83,71667.6,44.1,715310679,0.341,22.0,65428.5,33178.5,0,0,0,162.2,0.6,4.0,12.0,3.0,0,0,150.0,30.0,10000.0,15.0,18.0,province_panel_simulation
province_year,2009,贵州,26.6477,106.6302,西南,,,,555076.87,6.29,25278.9,26.6,252307669,0.212,22.0,55633.3,36380.1,0,0,0,162.2,0.6,4.0,12.0,3.0,0,0,150.0,30.0,10000.0,15.0,18.0,province_panel_simulation
province_year,2009,云南,25.0389,102.7183,西南,,,,855212.39,9.69,38947.5,43.4,388732902,0.191,22.0,82277.3,41973.0,0,0,0,162.2,0.6,4.0,12.0,3.0,0,0,150.0,30.0,10000.0,15.0,18.0,province_panel_simulation
province_year,2009,西藏,29.65,91.1,西南,,,,3476.47,0.04,158.3,49.8,1580215,0.231,22.0,57041.5,30720.6,0,0,0,162.2,0.6,4.0,12.0,3.0,0,0,150.0,30.0,10000.0,15.0,18.0,province_panel_simulation
province_year,2009,陕西,34.3416,108.9398,西北,,,,254941.36,2.89,11610.4,46.9,115882437,0.308,22.0,79155.3,30356.3,0,0,0,162.2,0.6,4.0,12.0,3.0,0,0,150.0,30.0,10000.0,15.0,18.0,province_panel_simulation
province_year,2009,甘肃,36.0613,103.834,西北,,,,236400.17,2.68,10766.0,40.3,107454623,0.269,22.0,83453.1,40903.8,0,0,0,162.2,0.6,4.0,12.0,3.0,0,0,150.0,30.0,10000.0,15.0,18.0,province_panel_simulation
province_year,2009,青海,36.6173,101.7782,西北,,,,4635.3,0.05,211.1,44.8,2106953,0.333,22.0,75201.5,38648.9,0,0,0,162.2,0.6,4.0,12.0,3.0,0,0,150.0,30.0,10000.0,15.0,18.0,province_panel_simulation
province_year,2009,宁夏,38.472,106.2589,西北,,,,5794.12,0.07,263.9,47.2,2633691,0.324,22.0,77926.3,29882.3,0,0,0,162.2,0.6,4.0,12.0,3.0,0,0,150.0,30.0,10000.0,15.0,18.0,province_panel_simulation
province_year,2009,新疆,43.7928,87.617,西北,,,,73005.94,0.83,3324.8,39.6,33184516,0.261,22.0,63834.5,32121.6,0,0,0,162.2,0.6,4.0,12.0,3.0,0,0,150.0,30.0,10000.0,15.0,18.0,province_panel_simulation
province_year,2010,北京,39.9042,116.4074,华北,,,,9372.02,0.11,431.0,39.9,4260008,0.27,22.0,69924.7,38452.7,12000.0,4500.0,0,165.1,0.9,5.5,16.0,4.0,68.0,32.0,160.0,32.0,12000.0,18.0,20.0,province_panel_simulation
province_year,2010,天津,39.1252,117.1908,华北,,,,5857.51,0.07,269.3,39.9,2662505,0.319,22.0,58862.4,46575.7,12000.0,4500.0,0,165.1,0.9,5.5,16.0,4.0,68.0,32.0,160.0,32.0,12000.0,18.0,20.0,province_panel_simulation
province_year,2010,河北,38.0455,114.502,华北,,,,147609.28,1.66,6787.6,50.9,67095127,0.286,22.0,79234.6,38665.4,12000.0,4500.0,0,165.1,0.9,5.5,16.0,4.0,68.0,32.0,160.0,32.0,12000.0,18.0,20.0,province_panel_simulation
province_year,2010,山西,37.8706,112.5489,华北,,,,128865.24,1.45,5925.7,46.7,58575111,0.313,22.0,97640.8,38409.8,12000.0,4500.0,0,165.1,0.9,5.5,16.0,4.0,68.0,32.0,160.0,32.0,12000.0,18.0,20.0,province_panel_simulation
province_year,2010,内蒙古,40.8422,111.7498,华北,,,,55060.6,0.62,2531.9,50.3,25027547,0.292,22.0,70451.1,38919.9,12000.0,4500.0,0,165.1,0.9,5.5,16.0,4.0,68.0,32.0,160.0,32.0,12000.0,18.0,20.0,province_panel_simulation
province_year,2010,辽宁,41.8057,123.4315,东北,,,,119493.23,1.34,5494.7,41.2,54315103,0.205,22.0,60129.8,47262.8,12000.0,4500.0,0,165.1,0.9,5.5,16.0,4.0,68.0,32.0,160.0,32.0,12000.0,18.0,20.0,province_panel_simulation
province_year,2010,吉林,43.8961,125.3265,东北,,,,100749.19,1.13,4632.8,61.7,45795086,0.301,22.0,79115.3,32949.4,12000.0,4500.0,0,165.1,0.9,5.5,16.0,4.0,68.0,32.0,160.0,32.0,12000.0,18.0,20.0,province_panel_simulation
province_year,2010,黑龙江,45.8038,126.535,东北,,,,64432.62,0.72,2962.8,42.5,29287555,0.261,22.0,76032.2,39848.1,12000.0,4500.0,0,165.1,0.9,5.5,16.0,4.0,68.0,32.0,160.0,32.0,12000.0,18.0,20.0,province_panel_simulation
province_year,2010,上海,31.2304,121.4737,华东,,,,7029.01,0.08,323.2,41.3,3195006,0.251,22.0,68622.2,37602.8,12000.0,4500.0,0,165.1,0.9,5.5,16.0,4.0,68.0,32.0,160.0,32.0,12000.0,18.0,20.0,province_panel_simulation
province_year,2010,江苏,32.0603,118.7969,华东,,,,155809.8,1.75,7164.7,43.8,70822634,0.382,22.0,92592.0,42301.9,12000.0,4500.0,0,165.1,0.9,5.5,16.0,4.0,68.0,32.0,160.0,32.0,12000.0,18.0,20.0,province_panel_simulation
province_year,2010,浙江,30.2741,120.1551,华东,,,,1480778.81,16.64,68091.4,52.7,673081277,0.308,22.0,87344.5,35147.7,12000.0,4500.0,0,165.1,0.9,5.5,16.0,4.0,68.0,32.0,160.0,32.0,12000.0,18.0,20.0,province_panel_simulation
province_year,2010,安徽,31.8206,117.2272,华东,,,,267102.51,3.0,12282.3,49.1,121410230,0.39,22.0,98136.3,46753.6,12000.0,4500.0,0,165.1,0.9,5.5,16.0,4.0,68.0,32.0,160.0,32.0,12000.0,18.0,20.0,province_panel_simulation
province_year,2010,福建,26.0745,119.2965,华东,,,,294047.06,3.3,13521.3,43.7,133657753,0.221,22.0,61925.2,36441.5,12000.0,4500.0,0,165.1,0.9,5.5,16.0,4.0,68.0,32.0,160.0,32.0,12000.0,18.0,20.0,province_panel_simulation
province_year,2010,江西,28.6829,115.858,华东,,,,248358.47,2.79,11420.4,81.8,112890214,0.299,22.0,73785.3,41272.3,12000.0,4500.0,0,165.1,0.9,5.5,16.0,4.0,68.0,32.0,160.0,32.0,12000.0,18.0,20.0,province_panel_simulation
province_year,2010,山东,36.6516,117.1201,华东,,,,202669.88,2.28,9319.5,52.0,92122674,0.241,22.0,73062.0,45145.7,12000.0,4500.0,0,165.1,0.9,5.5,16.0,4.0,68.0,32.0,160.0,32.0,12000.0,18.0,20.0,province_panel_simulation
province_year,2010,河南,34.7466,113.6254,华中,,,,726331.38,8.16,33399.3,76.8,330150626,0.393,22.0,94472.9,44103.9,12000.0,4500.0,0,165.1,0.9,5.5,16.0,4.0,68.0,32.0,160.0,32.0,12000.0,18.0,20.0,province_panel_simulation
province_year,2010,湖北,30.5928,114.3055,华中,,,,284675.04,3.2,13090.4,48.6,129397745,0.371,22.0,85812.8,37891.1,12000.0,4500.0,0,165.1,0.9,5.5,16.0,4.0,68.0,32.0,160.0,32.0,12000.0,18.0,20.0,province_panel_simulation
province_year,2010,湖南,28.2282,112.9388,华中,,,,441656.34,4.96,20308.9,44.1,200752881,0.249,22.0,63763.6,33769.6,12000.0,4500.0,0,165.1,0.9,5.5,16.0,4.0,68.0,32.0,160.0,32.0,12000.0,18.0,20.0,province_panel_simulation
province_year,2010,广东,23.1291,113.2644,华南,,,,229614.44,2.58,10558.5,52.2,104370198,0.209,22.0,65954.5,32260.0,12000.0,4500.0,0,165.1,0.9,5.5,16.0,4.0,68.0,32.0,160.0,32.0,12000.0,18.0,20.0,province_panel_simulation
province_year,2010,广西,22.817,108.3665,华南,,,,193297.87,2.17,8888.5,53.1,87862666,0.32,22.0,60018.0,44736.2,12000.0,4500.0,0,165.1,0.9,5.5,16.0,4.0,68.0,32.0,160.0,32.0,12000.0,18.0,20.0,province_panel_simulation
province_year,2010,海南,20.044,110.3508,华南,,,,14058.03,0.16,646.4,50.6,6390012,0.326,22.0,57017.0,36184.3,12000.0,4500.0,0,165.1,0.9,5.5,16.0,4.0,68.0,32.0,160.0,32.0,12000.0,18.0,20.0,province_panel_simulation
province_year,2010,重庆,29.4316,106.9123,西南,,,,386595.73,4.34,17777.0,49.7,175725333,0.216,22.0,73063.9,32746.3,12000.0,4500.0,0,165.1,0.9,5.5,16.0,4.0,68.0,32.0,160.0,32.0,12000.0,18.0,20.0,province_panel_simulation
province_year,2010,四川,30.5728,104.0668,西南,,,,1590900.02,17.88,73155.2,50.6,723136372,0.408,22.0,93530.1,32811.1,12000.0,4500.0,0,165.1,0.9,5.5,16.0,4.0,68.0,32.0,160.0,32.0,12000.0,18.0,20.0,province_panel_simulation
province_year,2010,贵州,26.6477,106.6302,西南,,,,561149.57,6.31,25803.6,33.1,255067984,0.199,22.0,87249.0,34229.3,12000.0,4500.0,0,165.1,0.9,5.5,16.0,4.0,68.0,32.0,160.0,32.0,12000.0,18.0,20.0,province_panel_simulation
province_year,2010,云南,25.0389,102.7183,西南,,,,864568.64,9.72,39755.9,33.2,392985746,0.183,22.0,90665.7,38393.9,12000.0,4500.0,0,165.1,0.9,5.5,16.0,4.0,68.0,32.0,160.0,32.0,12000.0,18.0,20.0,province_panel_simulation
province_year,2010,西藏,29.65,91.1,西南,,,,3514.51,0.04,161.6,46.5,1597503,0.241,22.0,93510.3,38789.6,12000.0,4500.0,0,165.1,0.9,5.5,16.0,4.0,68.0,32.0,160.0,32.0,12000.0,18.0,20.0,province_panel_simulation
province_year,2010,陕西,34.3416,108.9398,西北,,,,257730.49,2.9,11851.4,50.6,117150222,0.25,22.0,100067.1,48943.5,12000.0,4500.0,0,165.1,0.9,5.5,16.0,4.0,68.0,32.0,160.0,32.0,12000.0,18.0,20.0,province_panel_simulation
province_year,2010,甘肃,36.0613,103.834,西北,,,,238986.45,2.69,10989.4,33.6,108630206,0.237,22.0,73307.8,39941.0,12000.0,4500.0,0,165.1,0.9,5.5,16.0,4.0,68.0,32.0,160.0,32.0,12000.0,18.0,20.0,province_panel_simulation
province_year,2010,青海,36.6173,101.7782,西北,,,,4686.01,0.05,215.5,52.4,2130004,0.317,22.0,93161.6,32276.5,12000.0,4500.0,0,165.1,0.9,5.5,16.0,4.0,68.0,32.0,160.0,32.0,12000.0,18.0,20.0,province_panel_simulation
province_year,2010,宁夏,38.472,106.2589,西北,,,,5857.51,0.07,269.3,42.6,2662505,0.29,22.0,96610.7,40474.5,12000.0,4500.0,0,165.1,0.9,5.5,16.0,4.0,68.0,32.0,160.0,32.0,12000.0,18.0,20.0,province_panel_simulation
province_year,2010,新疆,43.7928,87.617,西北,,,,73804.64,0.83,3393.8,40.5,33547563,0.32,22.0,95524.2,35165.7,12000.0,4500.0,0,165.1,0.9,5.5,16.0,4.0,68.0,32.0,160.0,32.0,12000.0,18.0,20.0,province_panel_simulation
province_year,2011,北京,39.9042,116.4074,华北,,,,9458.62,0.11,471.2,53.7,4203830,0.236,22.5,108157.0,34923.8,0,0,0,168.5,0.9,5.5,16.0,4.0,0,0,170.0,35.0,13000.0,20.0,22.0,province_panel_simulation
province_year,2011,天津,39.1252,117.1908,华北,,,,5911.64,0.07,294.5,48.9,2627394,0.334,22.5,72490.4,41363.9,0,0,0,168.5,0.9,5.5,16.0,4.0,0,0,170.0,35.0,13000.0,20.0,22.0,province_panel_simulation
province_year,2011,河北,38.0455,114.502,华北,,,,148973.26,1.66,7422.0,47.6,66210337,0.2,22.5,63680.0,42442.6,0,0,0,168.5,0.9,5.5,16.0,4.0,0,0,170.0,35.0,13000.0,20.0,22.0,province_panel_simulation
province_year,2011,山西,37.8706,112.5489,华北,,,,130056.02,1.45,6479.5,45.9,57802675,0.341,22.5,80470.4,32397.6,0,0,0,168.5,0.9,5.5,16.0,4.0,0,0,170.0,35.0,13000.0,20.0,22.0,province_panel_simulation
province_year,2011,内蒙古,40.8422,111.7498,华北,,,,55569.39,0.62,2768.5,56.2,24697506,0.319,22.5,94827.9,48577.3,0,0,0,168.5,0.9,5.5,16.0,4.0,0,0,170.0,35.0,13000.0,20.0,22.0,province_panel_simulation
province_year,2011,辽宁,41.8057,123.4315,东北,,,,120597.4,1.35,6008.3,44.4,53598844,0.238,22.5,104213.6,46556.7,0,0,0,168.5,0.9,5.5,16.0,4.0,0,0,170.0,35.0,13000.0,20.0,22.0,province_panel_simulation
province_year,2011,吉林,43.8961,125.3265,东北,,,,101680.16,1.14,5065.8,59.6,45191182,0.299,22.5,84317.0,31911.3,0,0,0,168.5,0.9,5.5,16.0,4.0,0,0,170.0,35.0,13000.0,20.0,22.0,province_panel_simulation
province_year,2011,黑龙江,45.8038,126.535,东北,,,,65028.01,0.73,3239.7,43.5,28901337,0.233,22.5,104485.1,43434.7,0,0,0,168.5,0.9,5.5,16.0,4.0,0,0,170.0,35.0,13000.0,20.0,22.0,province_panel_simulation
province_year,2011,上海,31.2304,121.4737,华东,,,,7093.96,0.08,353.4,53.2,3152873,0.273,22.5,66704.0,37907.8,0,0,0,168.5,0.9,5.5,16.0,4.0,0,0,170.0,35.0,13000.0,20.0,22.0,province_panel_simulation
province_year,2011,江苏,32.0603,118.7969,华东,,,,157249.55,1.76,7834.3,46.8,69888689,0.3,22.5,82814.9,48630.7,0,0,0,168.5,0.9,5.5,16.0,4.0,0,0,170.0,35.0,13000.0,20.0,22.0,province_panel_simulation
province_year,2011,浙江,30.2741,120.1551,华东,,,,1494461.91,16.69,74455.3,70.7,664205292,0.31,22.5,108148.7,44450.9,0,0,0,168.5,0.9,5.5,16.0,4.0,0,0,170.0,35.0,13000.0,20.0,22.0,province_panel_simulation
province_year,2011,安徽,31.8206,117.2272,华东,,,,269570.66,3.01,13430.2,42.6,119809182,0.369,22.5,73529.2,34843.8,0,0,0,168.5,0.9,5.5,16.0,4.0,0,0,170.0,35.0,13000.0,20.0,22.0,province_panel_simulation
province_year,2011,福建,26.0745,119.2965,华东,,,,296764.19,3.31,14785.0,48.7,131895196,0.225,22.5,73457.5,40631.2,0,0,0,168.5,0.9,5.5,16.0,4.0,0,0,170.0,35.0,13000.0,20.0,22.0,province_panel_simulation
province_year,2011,江西,28.6829,115.858,华东,,,,250653.42,2.8,12487.8,77.9,111401520,0.208,22.5,111777.0,33234.8,0,0,0,168.5,0.9,5.5,16.0,4.0,0,0,170.0,35.0,13000.0,20.0,22.0,province_panel_simulation
province_year,2011,山东,36.6516,117.1201,华东,,,,204542.65,2.28,10190.5,50.2,90907844,0.27,22.5,112490.9,43548.0,0,0,0,168.5,0.9,5.5,16.0,4.0,0,0,170.0,35.0,13000.0,20.0,22.0,province_panel_simulation
province_year,2011,河南,34.7466,113.6254,华中,,,,733043.02,8.19,36520.8,68.4,325796899,0.363,22.5,94082.0,52598.0,0,0,0,168.5,0.9,5.5,16.0,4.0,0,0,170.0,35.0,13000.0,20.0,22.0,province_panel_simulation
province_year,2011,湖北,30.5928,114.3055,华中,,,,287305.57,3.21,14313.8,46.1,127691365,0.295,22.5,102060.7,39109.8,0,0,0,168.5,0.9,5.5,16.0,4.0,0,0,170.0,35.0,13000.0,20.0,22.0,province_panel_simulation
province_year,2011,湖南,28.2282,112.9388,华中,,,,445737.45,4.98,22207.0,53.3,198105534,0.288,22.5,101172.4,47386.0,0,0,0,168.5,0.9,5.5,16.0,4.0,0,0,170.0,35.0,13000.0,20.0,22.0,province_panel_simulation
province_year,2011,广东,23.1291,113.2644,华南,,,,231736.18,2.59,11545.3,47.3,102993858,0.153,22.5,89401.9,49046.4,0,0,0,168.5,0.9,5.5,16.0,4.0,0,0,170.0,35.0,13000.0,20.0,22.0,province_panel_simulation
province_year,2011,广西,22.817,108.3665,华南,,,,195084.03,2.18,9719.2,60.9,86704013,0.31,22.5,85153.3,46542.3,0,0,0,168.5,0.9,5.5,16.0,4.0,0,0,170.0,35.0,13000.0,20.0,22.0,province_panel_simulation
province_year,2011,海南,20.044,110.3508,华南,,,,14187.93,0.16,706.9,51.8,6305746,0.315,22.5,64193.8,48255.2,0,0,0,168.5,0.9,5.5,16.0,4.0,0,0,170.0,35.0,13000.0,20.0,22.0,province_panel_simulation
province_year,2011,重庆,29.4316,106.9123,西南,,,,390168.06,4.36,19438.5,49.2,173408027,0.239,22.5,63186.7,36028.8,0,0,0,168.5,0.9,5.5,16.0,4.0,0,0,170.0,35.0,13000.0,20.0,22.0,province_panel_simulation
province_year,2011,四川,30.5728,104.0668,西南,,,,1605600.69,17.93,79992.3,43.0,713600306,0.43,22.5,87803.0,52769.4,0,0,0,168.5,0.9,5.5,16.0,4.0,0,0,170.0,35.0,13000.0,20.0,22.0,province_panel_simulation
province_year,2011,贵州,26.6477,106.6302,西南,,,,566334.85,6.33,28215.3,38.4,251704379,0.179,22.5,100221.8,35851.4,0,0,0,168.5,0.9,5.5,16.0,4.0,0,0,170.0,35.0,13000.0,20.0,22.0,province_panel_simulation
province_year,2011,云南,25.0389,102.7183,西南,,,,872557.66,9.75,43471.5,33.8,387803406,0.246,22.5,106094.7,38836.8,0,0,0,168.5,0.9,5.5,16.0,4.0,0,0,170.0,35.0,13000.0,20.0,22.0,province_panel_simulation
province_year,2011,西藏,29.65,91.1,西南,,,,3546.98,0.04,176.7,44.2,1576436,0.249,22.5,107331.2,47558.1,0,0,0,168.5,0.9,5.5,16.0,4.0,0,0,170.0,35.0,13000.0,20.0,22.0,province_panel_simulation
province_year,2011,陕西,34.3416,108.9398,西北,,,,260112.04,2.91,12959.0,55.7,115605351,0.252,22.5,111728.4,42319.5,0,0,0,168.5,0.9,5.5,16.0,4.0,0,0,170.0,35.0,13000.0,20.0,22.0,province_panel_simulation
province_year,2011,甘肃,36.0613,103.834,西北,,,,241194.8,2.69,12016.5,37.3,107197689,0.332,22.5,88006.2,48784.3,0,0,0,168.5,0.9,5.5,16.0,4.0,0,0,170.0,35.0,13000.0,20.0,22.0,province_panel_simulation
province_year,2011,青海,36.6173,101.7782,西北,,,,4729.31,0.05,235.6,53.2,2101915,0.207,22.5,92348.1,49233.6,0,0,0,168.5,0.9,5.5,16.0,4.0,0,0,170.0,35.0,13000.0,20.0,22.0,province_panel_simulation
province_year,2011,宁夏,38.472,106.2589,西北,,,,5911.64,0.07,294.5,50.5,2627394,0.243,22.5,65079.6,45811.5,0,0,0,168.5,0.9,5.5,16.0,4.0,0,0,170.0,35.0,13000.0,20.0,22.0,province_panel_simulation
province_year,2011,新疆,43.7928,87.617,西北,,,,74486.63,0.83,3711.0,46.9,33105168,0.284,22.5,83143.3,46423.0,0,0,0,168.5,0.9,5.5,16.0,4.0,0,0,170.0,35.0,13000.0,20.0,22.0,province_panel_simulation
province_year,2012,北京,39.9042,116.4074,华北,,,,9521.4,0.11,489.7,49.1,4139741,0.201,23.0,113648.1,42238.4,0,0,0,171.8,0.9,5.5,16.0,4.0,0,0,180.0,38.0,13500.0,22.0,25.0,province_panel_simulation
province_year,2012,天津,39.1252,117.1908,华北,,,,5950.88,0.07,306.0,59.1,2587338,0.235,23.0,119785.5,55812.2,0,0,0,171.8,0.9,5.5,16.0,4.0,0,0,180.0,38.0,13500.0,22.0,25.0,province_panel_simulation
province_year,2012,河北,38.0455,114.502,华北,,,,149962.12,1.67,7712.4,44.8,65200921,0.289,23.0,85372.8,52465.0,0,0,0,171.8,0.9,5.5,16.0,4.0,0,0,180.0,38.0,13500.0,22.0,25.0,province_panel_simulation
province_year,2012,山西,37.8706,112.5489,华北,,,,130919.31,1.46,6733.1,54.2,56921439,0.335,23.0,73067.1,48052.7,0,0,0,171.8,0.9,5.5,16.0,4.0,0,0,180.0,38.0,13500.0,22.0,25.0,province_panel_simulation
province_year,2012,内蒙古,40.8422,111.7498,华北,,,,55938.25,0.62,2876.8,55.7,24320978,0.2,23.0,68851.6,51950.2,0,0,0,171.8,0.9,5.5,16.0,4.0,0,0,180.0,38.0,13500.0,22.0,25.0,province_panel_simulation
province_year,2012,辽宁,41.8057,123.4315,东北,,,,121397.91,1.35,6243.4,49.3,52781698,0.251,23.0,96752.3,47996.2,0,0,0,171.8,0.9,5.5,16.0,4.0,0,0,180.0,38.0,13500.0,22.0,25.0,province_panel_simulation
province_year,2012,吉林,43.8961,125.3265,东北,,,,102355.1,1.14,5264.0,81.0,44502216,0.334,23.0,85858.3,51598.3,0,0,0,171.8,0.9,5.5,16.0,4.0,0,0,180.0,38.0,13500.0,22.0,25.0,province_panel_simulation
province_year,2012,黑龙江,45.8038,126.535,东北,,,,65459.66,0.73,3366.5,52.5,28460719,0.272,23.0,87310.3,49010.0,0,0,0,171.8,0.9,5.5,16.0,4.0,0,0,180.0,38.0,13500.0,22.0,25.0,province_panel_simulation
province_year,2012,上海,31.2304,121.4737,华东,,,,7141.05,0.08,367.3,47.5,3104805,0.212,23.0,106150.7,45578.2,0,0,0,171.8,0.9,5.5,16.0,4.0,0,0,180.0,38.0,13500.0,22.0,25.0,province_panel_simulation
province_year,2012,江苏,32.0603,118.7969,华东,,,,158293.35,1.76,8140.9,49.7,68823194,0.375,23.0,79707.1,40134.6,0,0,0,171.8,0.9,5.5,16.0,4.0,0,0,180.0,38.0,13500.0,22.0,25.0,province_panel_simulation
province_year,2012,浙江,30.2741,120.1551,华东,,,,1504381.9,16.74,77368.9,72.6,654079086,0.438,23.0,81035.2,55095.7,0,0,0,171.8,0.9,5.5,16.0,4.0,0,0,180.0,38.0,13500.0,22.0,25.0,province_panel_simulation
province_year,2012,安徽,31.8206,117.2272,华东,,,,271360.03,3.02,13955.8,51.3,117982619,0.31,23.0,112687.7,44506.6,0,0,0,171.8,0.9,5.5,16.0,4.0,0,0,180.0,38.0,13500.0,22.0,25.0,province_panel_simulation
province_year,2012,福建,26.0745,119.2965,华东,,,,298734.06,3.32,15363.6,57.5,129884375,0.203,23.0,69998.7,49748.0,0,0,0,171.8,0.9,5.5,16.0,4.0,0,0,180.0,38.0,13500.0,22.0,25.0,province_panel_simulation
province_year,2012,江西,28.6829,115.858,华东,,,,252317.22,2.81,12976.4,87.0,109703137,0.242,23.0,84486.3,35680.6,0,0,0,171.8,0.9,5.5,16.0,4.0,0,0,180.0,38.0,13500.0,22.0,25.0,province_panel_simulation
province_year,2012,山东,36.6516,117.1201,华东,,,,205900.37,2.29,10589.3,52.1,89521900,0.326,23.0,112606.0,50429.2,0,0,0,171.8,0.9,5.5,16.0,4.0,0,0,180.0,38.0,13500.0,22.0,25.0,province_panel_simulation
province_year,2012,河南,34.7466,113.6254,华中,,,,737908.84,8.21,37949.9,89.9,320829931,0.386,23.0,109388.3,45799.6,0,0,0,171.8,0.9,5.5,16.0,4.0,0,0,180.0,38.0,13500.0,22.0,25.0,province_panel_simulation
province_year,2012,湖北,30.5928,114.3055,华中,,,,289212.66,3.22,14873.9,45.6,125744634,0.322,23.0,72849.3,52220.5,0,0,0,171.8,0.9,5.5,16.0,4.0,0,0,180.0,38.0,13500.0,22.0,25.0,province_panel_simulation
province_year,2012,湖南,28.2282,112.9388,华中,,,,448696.18,4.99,23076.0,44.1,195085297,0.276,23.0,85685.2,52523.5,0,0,0,171.8,0.9,5.5,16.0,4.0,0,0,180.0,38.0,13500.0,22.0,25.0,province_panel_simulation
province_year,2012,广东,23.1291,113.2644,华南,,,,233274.41,2.6,11997.1,52.2,101423655,0.224,23.0,69910.8,41251.8,0,0,0,171.8,0.9,5.5,16.0,4.0,0,0,180.0,38.0,13500.0,22.0,25.0,province_panel_simulation
province_year,2012,广西,22.817,108.3665,华南,,,,196378.97,2.19,10099.6,92.5,85382159,0.301,23.0,94433.8,51737.0,0,0,0,171.8,0.9,5.5,16.0,4.0,0,0,180.0,38.0,13500.0,22.0,25.0,province_panel_simulation
province_year,2012,海南,20.044,110.3508,华南,,,,14282.11,0.16,734.5,56.4,6209611,0.206,23.0,119358.8,48845.3,0,0,0,171.8,0.9,5.5,16.0,4.0,0,0,180.0,38.0,13500.0,22.0,25.0,province_panel_simulation
province_year,2012,重庆,29.4316,106.9123,西南,,,,392757.93,4.37,20199.2,50.6,170764318,0.295,23.0,84323.9,54217.5,0,0,0,171.8,0.9,5.5,16.0,4.0,0,0,180.0,38.0,13500.0,22.0,25.0,province_panel_simulation
province_year,2012,四川,30.5728,104.0668,西南,,,,1616258.4,17.98,83122.6,55.7,702721043,0.386,23.0,75253.5,56230.8,0,0,0,171.8,0.9,5.5,16.0,4.0,0,0,180.0,38.0,13500.0,22.0,25.0,province_panel_simulation
province_year,2012,贵州,26.6477,106.6302,西南,,,,570094.09,6.34,29319.4,36.8,247866995,0.262,23.0,68192.0,37030.9,0,0,0,171.8,0.9,5.5,16.0,4.0,0,0,180.0,38.0,13500.0,22.0,25.0,province_panel_simulation
province_year,2012,云南,25.0389,102.7183,西南,,,,878349.56,9.77,45172.6,29.6,381891111,0.167,23.0,83104.5,50372.8,0,0,0,171.8,0.9,5.5,16.0,4.0,0,0,180.0,38.0,13500.0,22.0,25.0,province_panel_simulation
province_year,2012,西藏,29.65,91.1,西南,,,,3570.53,0.04,183.6,49.0,1552402,0.333,23.0,115036.9,53487.3,0,0,0,171.8,0.9,5.5,16.0,4.0,0,0,180.0,38.0,13500.0,22.0,25.0,province_panel_simulation
province_year,2012,陕西,34.3416,108.9398,西北,,,,261838.62,2.91,13466.1,47.6,113842878,0.288,23.0,95837.0,37053.9,0,0,0,171.8,0.9,5.5,16.0,4.0,0,0,180.0,38.0,13500.0,22.0,25.0,province_panel_simulation
province_year,2012,甘肃,36.0613,103.834,西北,,,,242795.81,2.7,12486.7,33.5,105563396,0.273,23.0,93143.6,38044.9,0,0,0,171.8,0.9,5.5,16.0,4.0,0,0,180.0,38.0,13500.0,22.0,25.0,province_panel_simulation
province_year,2012,青海,36.6173,101.7782,西北,,,,4760.7,0.05,244.8,58.2,2069870,0.218,23.0,101857.3,50630.4,0,0,0,171.8,0.9,5.5,16.0,4.0,0,0,180.0,38.0,13500.0,22.0,25.0,province_panel_simulation
province_year,2012,宁夏,38.472,106.2589,西北,,,,5950.88,0.07,306.0,53.0,2587338,0.318,23.0,96549.9,53015.4,0,0,0,171.8,0.9,5.5,16.0,4.0,0,0,180.0,38.0,13500.0,22.0,25.0,province_panel_simulation
province_year,2012,新疆,43.7928,87.617,西北,,,,74981.06,0.83,3856.2,44.1,32600460,0.202,23.0,100893.1,47350.4,0,0,0,171.8,0.9,5.5,16.0,4.0,0,0,180.0,38.0,13500.0,22.0,25.0,province_panel_simulation
province_year,2013,北京,39.9042,116.4074,华北,,,,9583.82,0.11,11.8,1.3,4078222,0.307,23.5,91385.4,50480.2,0,0,0,173.4,0.9,5.5,16.0,4.0,0,0,190.0,40.0,14000.0,23.0,26.0,province_panel_simulation
province_year,2013,天津,39.1252,117.1908,华北,,,,5989.89,0.07,7.4,1.2,2548888,0.286,23.5,84059.8,57976.9,0,0,0,173.4,0.9,5.5,16.0,4.0,0,0,190.0,40.0,14000.0,23.0,26.0,province_panel_simulation
province_year,2013,河北,38.0455,114.502,华北,,,,150945.2,1.67,186.3,1.2,64231998,0.313,23.5,106877.7,42419.4,0,0,0,173.4,0.9,5.5,16.0,4.0,0,0,190.0,40.0,14000.0,23.0,26.0,province_panel_simulation
province_year,2013,山西,37.8706,112.5489,华北,,,,131777.55,1.46,162.6,1.0,56075554,0.204,23.5,92714.0,46828.3,0,0,0,173.4,0.9,5.5,16.0,4.0,0,0,190.0,40.0,14000.0,23.0,26.0,province_panel_simulation
province_year,2013,内蒙古,40.8422,111.7498,华北,,,,56304.95,0.62,69.5,1.1,23959555,0.283,23.5,85382.3,52353.4,0,0,0,173.4,0.9,5.5,16.0,4.0,0,0,190.0,40.0,14000.0,23.0,26.0,province_panel_simulation
province_year,2013,辽宁,41.8057,123.4315,东北,,,,122193.73,1.35,150.8,1.3,51997332,0.32,23.5,123638.6,38486.1,0,0,0,173.4,0.9,5.5,16.0,4.0,0,0,190.0,40.0,14000.0,23.0,26.0,province_panel_simulation
province_year,2013,吉林,43.8961,125.3265,东北,,,,103026.09,1.14,127.1,1.6,43840888,0.277,23.5,85759.4,46408.8,0,0,0,173.4,0.9,5.5,16.0,4.0,0,0,190.0,40.0,14000.0,23.0,26.0,province_panel_simulation
province_year,2013,黑龙江,45.8038,126.535,东北,,,,65888.78,0.73,81.3,1.1,28037777,0.231,23.5,72928.0,42249.0,0,0,0,173.4,0.9,5.5,16.0,4.0,0,0,190.0,40.0,14000.0,23.0,26.0,province_panel_simulation
province_year,2013,上海,31.2304,121.4737,华东,,,,7187.87,0.08,8.9,1.2,3058666,0.284,23.5,81670.2,55821.3,0,0,0,173.4,0.9,5.5,16.0,4.0,0,0,190.0,40.0,14000.0,23.0,26.0,province_panel_simulation
province_year,2013,江苏,32.0603,118.7969,华东,,,,159331.04,1.77,196.6,1.1,67800443,0.34,23.5,100684.1,42780.1,0,0,0,173.4,0.9,5.5,16.0,4.0,0,0,190.0,40.0,14000.0,23.0,26.0,province_panel_simulation
province_year,2013,浙江,30.2741,120.1551,华东,,,,1514243.89,16.79,1868.6,2.0,644359100,0.365,23.5,97049.9,47170.7,0,0,0,173.4,0.9,5.5,16.0,4.0,0,0,190.0,40.0,14000.0,23.0,26.0,province_panel_simulation
province_year,2013,安徽,31.8206,117.2272,华东,,,,273138.93,3.03,337.1,1.1,116229331,0.295,23.5,121898.8,47328.5,0,0,0,173.4,0.9,5.5,16.0,4.0,0,0,190.0,40.0,14000.0,23.0,26.0,province_panel_simulation
province_year,2013,福建,26.0745,119.2965,华东,,,,300692.42,3.33,371.1,1.4,127954220,0.173,23.5,87709.1,36592.8,0,0,0,173.4,0.9,5.5,16.0,4.0,0,0,190.0,40.0,14000.0,23.0,26.0,province_panel_simulation
province_year,2013,江西,28.6829,115.858,华东,,,,253971.28,2.82,313.4,1.7,108072887,0.323,23.5,105103.9,46505.8,0,0,0,173.4,0.9,5.5,16.0,4.0,0,0,190.0,40.0,14000.0,23.0,26.0,province_panel_simulation
province_year,2013,山东,36.6516,117.1201,华东,,,,207250.15,2.3,255.8,1.2,88191554,0.318,23.5,92213.2,56226.0,0,0,0,173.4,0.9,5.5,16.0,4.0,0,0,190.0,40.0,14000.0,23.0,26.0,province_panel_simulation
province_year,2013,河南,34.7466,113.6254,华中,,,,742746.21,8.23,916.6,1.9,316062216,0.404,23.5,88461.9,44853.7,0,0,0,173.4,0.9,5.5,16.0,4.0,0,0,190.0,40.0,14000.0,23.0,26.0,province_panel_simulation
province_year,2013,湖北,30.5928,114.3055,华中,,,,291108.6,3.23,359.2,1.2,123875997,0.32,23.5,99272.0,37135.3,0,0,0,173.4,0.9,5.5,16.0,4.0,0,0,190.0,40.0,14000.0,23.0,26.0,province_panel_simulation
province_year,2013,湖南,28.2282,112.9388,华中,,,,451637.61,5.01,557.3,1.2,192186219,0.307,23.5,83485.5,58742.5,0,0,0,173.4,0.9,5.5,16.0,4.0,0,0,190.0,40.0,14000.0,23.0,26.0,province_panel_simulation
province_year,2013,广东,23.1291,113.2644,华南,,,,234803.64,2.6,289.8,1.3,99916442,0.161,23.5,123621.8,44696.1,0,0,0,173.4,0.9,5.5,16.0,4.0,0,0,190.0,40.0,14000.0,23.0,26.0,province_panel_simulation
province_year,2013,广西,22.817,108.3665,华南,,,,197666.33,2.19,243.9,2.0,84113331,0.244,23.5,121536.1,53217.2,0,0,0,173.4,0.9,5.5,16.0,4.0,0,0,190.0,40.0,14000.0,23.0,26.0,province_panel_simulation
province_year,2013,海南,20.044,110.3508,华南,,,,14375.73,0.16,17.7,1.1,6117333,0.269,23.5,96204.5,36469.2,0,0,0,173.4,0.9,5.5,16.0,4.0,0,0,190.0,40.0,14000.0,23.0,26.0,province_panel_simulation
province_year,2013,重庆,29.4316,106.9123,西南,,,,395332.66,4.38,487.9,1.1,168226663,0.243,23.5,94684.5,46184.9,0,0,0,173.4,0.9,5.5,16.0,4.0,0,0,190.0,40.0,14000.0,23.0,26.0,province_panel_simulation
province_year,2013,四川,30.5728,104.0668,西南,,,,1626853.8,18.04,2007.6,1.2,692278210,0.367,23.5,86270.2,49868.4,0,0,0,173.4,0.9,5.5,16.0,4.0,0,0,190.0,40.0,14000.0,23.0,26.0,province_panel_simulation
province_year,2013,贵州,26.6477,106.6302,西南,,,,573831.35,6.36,708.1,0.7,244183551,0.272,23.5,110013.5,42461.9,0,0,0,173.4,0.9,5.5,16.0,4.0,0,0,190.0,40.0,14000.0,23.0,26.0,province_panel_simulation
province_year,2013,云南,25.0389,102.7183,西南,,,,884107.59,9.8,1091.0,0.8,376215993,0.251,23.5,98066.7,52126.3,0,0,0,173.4,0.9,5.5,16.0,4.0,0,0,190.0,40.0,14000.0,23.0,26.0,province_panel_simulation
province_year,2013,西藏,29.65,91.1,西南,,,,3593.93,0.04,4.4,1.1,1529333,0.314,23.5,88601.6,51301.8,0,0,0,173.4,0.9,5.5,16.0,4.0,0,0,190.0,40.0,14000.0,23.0,26.0,province_panel_simulation
province_year,2013,陕西,34.3416,108.9398,西北,,,,263555.11,2.92,325.2,1.4,112151109,0.281,23.5,113328.7,52517.7,0,0,0,173.4,0.9,5.5,16.0,4.0,0,0,190.0,40.0,14000.0,23.0,26.0,province_panel_simulation
province_year,2013,甘肃,36.0613,103.834,西北,,,,244387.46,2.71,301.6,1.0,103994664,0.199,23.5,94733.3,58222.9,0,0,0,173.4,0.9,5.5,16.0,4.0,0,0,190.0,40.0,14000.0,23.0,26.0,province_panel_simulation
province_year,2013,青海,36.6173,101.7782,西北,,,,4791.91,0.05,5.9,1.3,2039111,0.308,23.5,100681.1,52425.0,0,0,0,173.4,0.9,5.5,16.0,4.0,0,0,190.0,40.0,14000.0,23.0,26.0,province_panel_simulation
province_year,2013,宁夏,38.472,106.2589,西北,,,,5989.89,0.07,7.4,1.2,2548888,0.22,23.5,103647.3,50025.8,0,0,0,173.4,0.9,5.5,16.0,4.0,0,0,190.0,40.0,14000.0,23.0,26.0,province_panel_simulation
province_year,2013,新疆,43.7928,87.617,西北,,,,75472.6,0.84,93.1,1.3,32115999,0.216,23.5,106631.6,36145.1,0,0,0,173.4,0.9,5.5,16.0,4.0,0,0,190.0,40.0,14000.0,23.0,26.0,province_panel_simulation
province_year,2014,北京,39.9042,116.4074,华北,,,,9670.1,0.11,505.9,59.3,4029208,0.21,24.0,73981.7,44616.8,0,0,0,175.0,0.9,5.5,16.0,4.0,0,0,200.0,42.0,14500.0,24.0,27.0,province_panel_simulation
province_year,2014,天津,39.1252,117.1908,华北,,,,6043.81,0.07,316.2,46.8,2518255,0.295,24.0,98407.6,55964.3,0,0,0,175.0,0.9,5.5,16.0,4.0,0,0,200.0,42.0,14500.0,24.0,27.0,province_panel_simulation
province_year,2014,河北,38.0455,114.502,华北,,,,152304.09,1.68,7968.2,58.9,63460037,0.322,24.0,118716.2,38432.1,0,0,0,175.0,0.9,5.5,16.0,4.0,0,0,200.0,42.0,14500.0,24.0,27.0,province_panel_simulation
province_year,2014,山西,37.8706,112.5489,华北,,,,132963.89,1.47,6956.4,46.6,55401620,0.225,24.0,93083.1,53190.8,0,0,0,175.0,0.9,5.5,16.0,4.0,0,0,200.0,42.0,14500.0,24.0,27.0,province_panel_simulation
province_year,2014,内蒙古,40.8422,111.7498,华北,,,,56811.84,0.63,2972.3,52.7,23671601,0.24,24.0,83606.6,59338.3,0,0,0,175.0,0.9,5.5,16.0,4.0,0,0,200.0,42.0,14500.0,24.0,27.0,province_panel_simulation
province_year,2014,辽宁,41.8057,123.4315,东北,,,,123293.79,1.36,6450.5,49.8,51372411,0.246,24.0,120972.2,54634.7,0,0,0,175.0,0.9,5.5,16.0,4.0,0,0,200.0,42.0,14500.0,24.0,27.0,province_panel_simulation
province_year,2014,吉林,43.8961,125.3265,东北,,,,103953.59,1.15,5438.6,81.1,43313993,0.295,24.0,110868.8,41629.7,0,0,0,175.0,0.9,5.5,16.0,4.0,0,0,200.0,42.0,14500.0,24.0,27.0,province_panel_simulation
province_year,2014,黑龙江,45.8038,126.535,东北,,,,66481.94,0.73,3478.2,48.3,27700810,0.276,24.0,86831.7,60833.6,0,0,0,175.0,0.9,5.5,16.0,4.0,0,0,200.0,42.0,14500.0,24.0,27.0,province_panel_simulation
province_year,2014,上海,31.2304,121.4737,华东,,,,7252.58,0.08,379.4,49.1,3021906,0.236,24.0,85734.1,54242.7,0,0,0,175.0,0.9,5.5,16.0,4.0,0,0,200.0,42.0,14500.0,24.0,27.0,province_panel_simulation
province_year,2014,江苏,32.0603,118.7969,华东,,,,160765.43,1.77,8410.9,49.4,66985595,0.342,24.0,131062.9,56467.0,0,0,0,175.0,0.9,5.5,16.0,4.0,0,0,200.0,42.0,14500.0,24.0,27.0,province_panel_simulation
province_year,2014,浙江,30.2741,120.1551,华东,,,,1527875.96,16.84,79935.4,67.5,636614981,0.309,24.0,115021.2,46240.5,0,0,0,175.0,0.9,5.5,16.0,4.0,0,0,200.0,42.0,14500.0,24.0,27.0,province_panel_simulation
province_year,2014,安徽,31.8206,117.2272,华东,,,,275597.88,3.04,14418.7,59.8,114832449,0.411,24.0,132367.6,56693.5,0,0,0,175.0,0.9,5.5,16.0,4.0,0,0,200.0,42.0,14500.0,24.0,27.0,province_panel_simulation
province_year,2014,福建,26.0745,119.2965,华东,,,,303399.42,3.34,15873.3,49.0,126416424,0.182,24.0,117362.4,45420.5,0,0,0,175.0,0.9,5.5,16.0,4.0,0,0,200.0,42.0,14500.0,24.0,27.0,province_panel_simulation
province_year,2014,江西,28.6829,115.858,华东,,,,256257.68,2.82,13406.9,73.7,106774031,0.231,24.0,102694.5,41870.9,0,0,0,175.0,0.9,5.5,16.0,4.0,0,0,200.0,42.0,14500.0,24.0,27.0,province_panel_simulation
province_year,2014,山东,36.6516,117.1201,华东,,,,209115.93,2.3,10940.5,52.9,87131639,0.33,24.0,116241.1,40276.9,0,0,0,175.0,0.9,5.5,16.0,4.0,0,0,200.0,42.0,14500.0,24.0,27.0,province_panel_simulation
province_year,2014,河南,34.7466,113.6254,华中,,,,749432.83,8.26,39208.8,80.1,312263677,0.377,24.0,87929.4,53377.9,0,0,0,175.0,0.9,5.5,16.0,4.0,0,0,200.0,42.0,14500.0,24.0,27.0,province_panel_simulation
province_year,2014,湖北,30.5928,114.3055,华中,,,,293729.32,3.24,15367.3,52.8,122387215,0.385,24.0,76075.4,47067.2,0,0,0,175.0,0.9,5.5,16.0,4.0,0,0,200.0,42.0,14500.0,24.0,27.0,province_panel_simulation
province_year,2014,湖南,28.2282,112.9388,华中,,,,455703.51,5.02,23841.5,55.7,189876462,0.209,24.0,120895.8,37027.5,0,0,0,175.0,0.9,5.5,16.0,4.0,0,0,200.0,42.0,14500.0,24.0,27.0,province_panel_simulation
province_year,2014,广东,23.1291,113.2644,华南,,,,236917.47,2.61,12395.1,53.1,98715614,0.263,24.0,98191.0,59901.8,0,0,0,175.0,0.9,5.5,16.0,4.0,0,0,200.0,42.0,14500.0,24.0,27.0,province_panel_simulation
province_year,2014,广西,22.817,108.3665,华南,,,,199445.83,2.2,10434.6,89.7,83102430,0.264,24.0,85246.1,60612.3,0,0,0,175.0,0.9,5.5,16.0,4.0,0,0,200.0,42.0,14500.0,24.0,27.0,province_panel_simulation
province_year,2014,海南,20.044,110.3508,华南,,,,14505.15,0.16,758.9,49.5,6043813,0.289,24.0,129455.3,39100.7,0,0,0,175.0,0.9,5.5,16.0,4.0,0,0,200.0,42.0,14500.0,24.0,27.0,province_panel_simulation
province_year,2014,重庆,29.4316,106.9123,西南,,,,398891.67,4.4,20869.2,53.5,166204860,0.272,24.0,117922.5,59942.1,0,0,0,175.0,0.9,5.5,16.0,4.0,0,0,200.0,42.0,14500.0,24.0,27.0,province_panel_simulation
province_year,2014,四川,30.5728,104.0668,西南,,,,1641499.64,18.09,85880.0,58.8,683958184,0.317,24.0,127852.1,41224.4,0,0,0,175.0,0.9,5.5,16.0,4.0,0,0,200.0,42.0,14500.0,24.0,27.0,province_panel_simulation
province_year,2014,贵州,26.6477,106.6302,西南,,,,578997.3,6.38,30292.0,50.2,241248873,0.272,24.0,97572.5,49086.4,0,0,0,175.0,0.9,5.5,16.0,4.0,0,0,200.0,42.0,14500.0,24.0,27.0,province_panel_simulation
province_year,2014,云南,25.0389,102.7183,西南,,,,892066.82,9.83,46671.2,50.6,371694506,0.267,24.0,130584.9,58467.9,0,0,0,175.0,0.9,5.5,16.0,4.0,0,0,200.0,42.0,14500.0,24.0,27.0,province_panel_simulation
province_year,2014,西藏,29.65,91.1,西南,,,,3626.29,0.04,189.7,44.6,1510953,0.277,24.0,79495.6,61081.6,0,0,0,175.0,0.9,5.5,16.0,4.0,0,0,200.0,42.0,14500.0,24.0,27.0,province_panel_simulation
province_year,2014,陕西,34.3416,108.9398,西北,,,,265927.78,2.93,13912.8,48.9,110803240,0.338,24.0,106702.0,49050.2,0,0,0,175.0,0.9,5.5,16.0,4.0,0,0,200.0,42.0,14500.0,24.0,27.0,province_panel_simulation
province_year,2014,甘肃,36.0613,103.834,西北,,,,246587.58,2.72,12901.0,50.7,102744822,0.319,24.0,102004.5,41643.2,0,0,0,175.0,0.9,5.5,16.0,4.0,0,0,200.0,42.0,14500.0,24.0,27.0,province_panel_simulation
province_year,2014,青海,36.6173,101.7782,西北,,,,4835.05,0.05,253.0,46.2,2014604,0.218,24.0,101436.3,43228.7,0,0,0,175.0,0.9,5.5,16.0,4.0,0,0,200.0,42.0,14500.0,24.0,27.0,province_panel_simulation
province_year,2014,宁夏,38.472,106.2589,西北,,,,6043.81,0.07,316.2,47.4,2518255,0.301,24.0,122143.9,50867.4,0,0,0,175.0,0.9,5.5,16.0,4.0,0,0,200.0,42.0,14500.0,24.0,27.0,province_panel_simulation
province_year,2014,新疆,43.7928,87.617,西北,,,,76152.05,0.84,3984.1,56.3,31730018,0.22,24.0,126223.5,58967.3,0,0,0,175.0,0.9,5.5,16.0,4.0,0,0,200.0,42.0,14500.0,24.0,27.0,province_panel_simulation
province_year,2015,北京,39.9042,116.4074,华北,,,,9756.56,0.11,12.5,1.4,4065235,0.269,24.0,84228.8,57268.4,15000.0,5200.0,0,178.3,0.9,5.5,16.0,4.0,65.0,35.0,210.0,45.0,15000.0,25.0,28.0,province_panel_simulation
province_year,2015,天津,39.1252,117.1908,华北,,,,6097.85,0.07,7.8,1.2,2540772,0.214,24.0,100146.0,46148.4,15000.0,5200.0,0,178.3,0.9,5.5,16.0,4.0,65.0,35.0,210.0,45.0,15000.0,25.0,28.0,province_panel_simulation
province_year,2015,河北,38.0455,114.502,华北,,,,153665.89,1.68,197.4,1.2,64027454,0.228,24.0,129052.4,64786.5,15000.0,5200.0,0,178.3,0.9,5.5,16.0,4.0,65.0,35.0,210.0,45.0,15000.0,25.0,28.0,province_panel_simulation
province_year,2015,山西,37.8706,112.5489,华北,,,,134152.76,1.47,172.3,1.2,55896984,0.299,24.0,79168.5,56857.2,15000.0,5200.0,0,178.3,0.9,5.5,16.0,4.0,65.0,35.0,210.0,45.0,15000.0,25.0,28.0,province_panel_simulation
province_year,2015,内蒙古,40.8422,111.7498,华北,,,,57319.82,0.63,73.6,1.4,23883256,0.203,24.0,86344.7,47699.7,15000.0,5200.0,0,178.3,0.9,5.5,16.0,4.0,65.0,35.0,210.0,45.0,15000.0,25.0,28.0,province_panel_simulation
province_year,2015,辽宁,41.8057,123.4315,东北,,,,124396.2,1.36,159.8,1.3,51831749,0.267,24.0,138552.0,58173.9,15000.0,5200.0,0,178.3,0.9,5.5,16.0,4.0,65.0,35.0,210.0,45.0,15000.0,25.0,28.0,province_panel_simulation
province_year,2015,吉林,43.8961,125.3265,东北,,,,104883.07,1.15,134.7,1.7,43701278,0.211,24.0,139964.0,47389.0,15000.0,5200.0,0,178.3,0.9,5.5,16.0,4.0,65.0,35.0,210.0,45.0,15000.0,25.0,28.0,province_panel_simulation
province_year,2015,黑龙江,45.8038,126.535,东北,,,,67076.38,0.73,86.2,1.3,27948492,0.226,24.0,87375.8,43644.1,15000.0,5200.0,0,178.3,0.9,5.5,16.0,4.0,65.0,35.0,210.0,45.0,15000.0,25.0,28.0,province_panel_simulation
province_year,2015,上海,31.2304,121.4737,华东,,,,7317.42,0.08,9.4,1.4,3048926,0.282,24.0,106344.8,54099.8,15000.0,5200.0,0,178.3,0.9,5.5,16.0,4.0,65.0,35.0,210.0,45.0,15000.0,25.0,28.0,province_panel_simulation
province_year,2015,江苏,32.0603,118.7969,华东,,,,162202.89,1.78,208.3,1.3,67584535,0.37,24.0,123027.1,45366.1,15000.0,5200.0,0,178.3,0.9,5.5,16.0,4.0,65.0,35.0,210.0,45.0,15000.0,25.0,28.0,province_panel_simulation
province_year,2015,浙江,30.2741,120.1551,华东,,,,1541537.2,16.88,1979.9,1.7,642307166,0.401,24.0,137074.7,41761.4,15000.0,5200.0,0,178.3,0.9,5.5,16.0,4.0,65.0,35.0,210.0,45.0,15000.0,25.0,28.0,province_panel_simulation
province_year,2015,安徽,31.8206,117.2272,华东,,,,278062.09,3.05,357.1,1.3,115859204,0.394,24.0,83648.5,54494.1,15000.0,5200.0,0,178.3,0.9,5.5,16.0,4.0,65.0,35.0,210.0,45.0,15000.0,25.0,28.0,province_panel_simulation
province_year,2015,福建,26.0745,119.2965,华东,,,,306112.21,3.35,393.2,1.1,127546755,0.214,24.0,112368.7,54719.3,15000.0,5200.0,0,178.3,0.9,5.5,16.0,4.0,65.0,35.0,210.0,45.0,15000.0,25.0,28.0,province_panel_simulation
province_year,2015,江西,28.6829,115.858,华东,,,,258548.96,2.83,332.1,1.6,107728733,0.242,24.0,113367.0,42668.7,15000.0,5200.0,0,178.3,0.9,5.5,16.0,4.0,65.0,35.0,210.0,45.0,15000.0,25.0,28.0,province_panel_simulation
province_year,2015,山东,36.6516,117.1201,华东,,,,210985.71,2.31,271.0,1.2,87910711,0.278,24.0,84511.3,53073.9,15000.0,5200.0,0,178.3,0.9,5.5,16.0,4.0,65.0,35.0,210.0,45.0,15000.0,25.0,28.0,province_panel_simulation
province_year,2015,河南,34.7466,113.6254,华中,,,,756133.75,8.28,971.1,2.2,315055730,0.357,24.0,112890.3,51659.5,15000.0,5200.0,0,178.3,0.9,5.5,16.0,4.0,65.0,35.0,210.0,45.0,15000.0,25.0,28.0,province_panel_simulation
province_year,2015,湖北,30.5928,114.3055,华中,,,,296355.65,3.25,380.6,1.1,123481520,0.358,24.0,132624.7,58694.6,15000.0,5200.0,0,178.3,0.9,5.5,16.0,4.0,65.0,35.0,210.0,45.0,15000.0,25.0,28.0,province_panel_simulation
province_year,2015,湖南,28.2282,112.9388,华中,,,,459778.1,5.04,590.5,1.3,191574210,0.312,24.0,128518.1,54867.4,15000.0,5200.0,0,178.3,0.9,5.5,16.0,4.0,65.0,35.0,210.0,45.0,15000.0,25.0,28.0,province_panel_simulation
province_year,2015,广东,23.1291,113.2644,华南,,,,239035.83,2.62,307.0,1.1,99598263,0.189,24.0,82684.7,65844.9,15000.0,5200.0,0,178.3,0.9,5.5,16.0,4.0,65.0,35.0,210.0,45.0,15000.0,25.0,28.0,province_panel_simulation
province_year,2015,广西,22.817,108.3665,华南,,,,201229.14,2.2,258.5,2.3,83845476,0.204,24.0,141149.7,40437.8,15000.0,5200.0,0,178.3,0.9,5.5,16.0,4.0,65.0,35.0,210.0,45.0,15000.0,25.0,28.0,province_panel_simulation
province_year,2015,海南,20.044,110.3508,华南,,,,14634.85,0.16,18.8,1.3,6097852,0.306,24.0,129863.6,65428.0,15000.0,5200.0,0,178.3,0.9,5.5,16.0,4.0,65.0,35.0,210.0,45.0,15000.0,25.0,28.0,province_panel_simulation
province_year,2015,重庆,29.4316,106.9123,西南,,,,402458.29,4.41,516.9,1.4,167690953,0.255,24.0,145120.0,49697.5,15000.0,5200.0,0,178.3,0.9,5.5,16.0,4.0,65.0,35.0,210.0,45.0,15000.0,25.0,28.0,province_panel_simulation
province_year,2015,四川,30.5728,104.0668,西南,,,,1656176.83,18.14,2127.1,1.4,690073680,0.423,24.0,103643.4,57624.1,15000.0,5200.0,0,178.3,0.9,5.5,16.0,4.0,65.0,35.0,210.0,45.0,15000.0,25.0,28.0,province_panel_simulation
province_year,2015,贵州,26.6477,106.6302,西南,,,,584174.3,6.4,750.3,1.1,243405959,0.213,24.0,122317.5,48781.1,15000.0,5200.0,0,178.3,0.9,5.5,16.0,4.0,65.0,35.0,210.0,45.0,15000.0,25.0,28.0,province_panel_simulation
province_year,2015,云南,25.0389,102.7183,西南,,,,900043.08,9.86,1156.0,0.8,375017950,0.213,24.0,113938.2,58815.5,15000.0,5200.0,0,178.3,0.9,5.5,16.0,4.0,65.0,35.0,210.0,45.0,15000.0,25.0,28.0,province_panel_simulation
province_year,2015,西藏,29.65,91.1,西南,,,,3658.71,0.04,4.7,1.2,1524463,0.195,24.0,79927.8,47476.8,15000.0,5200.0,0,178.3,0.9,5.5,16.0,4.0,65.0,35.0,210.0,45.0,15000.0,25.0,28.0,province_panel_simulation
province_year,2015,陕西,34.3416,108.9398,西北,,,,268305.53,2.94,344.6,1.4,111793968,0.274,24.0,114145.9,61336.7,15000.0,5200.0,0,178.3,0.9,5.5,16.0,4.0,65.0,35.0,210.0,45.0,15000.0,25.0,28.0,province_panel_simulation
province_year,2015,甘肃,36.0613,103.834,西北,,,,248792.4,2.73,319.5,0.8,103663498,0.244,24.0,96923.7,64347.6,15000.0,5200.0,0,178.3,0.9,5.5,16.0,4.0,65.0,35.0,210.0,45.0,15000.0,25.0,28.0,province_panel_simulation
province_year,2015,青海,36.6173,101.7782,西北,,,,4878.28,0.05,6.3,1.4,2032617,0.21,24.0,132796.9,50668.0,15000.0,5200.0,0,178.3,0.9,5.5,16.0,4.0,65.0,35.0,210.0,45.0,15000.0,25.0,28.0,province_panel_simulation
province_year,2015,宁夏,38.472,106.2589,西北,,,,6097.85,0.07,7.8,1.4,2540772,0.323,24.0,79451.4,45040.6,15000.0,5200.0,0,178.3,0.9,5.5,16.0,4.0,65.0,35.0,210.0,45.0,15000.0,25.0,28.0,province_panel_simulation
province_year,2015,新疆,43.7928,87.617,西北,,,,76832.95,0.84,98.7,1.1,32013727,0.199,24.0,118571.1,58166.8,15000.0,5200.0,0,178.3,0.9,5.5,16.0,4.0,65.0,35.0,210.0,45.0,15000.0,25.0,28.0,province_panel_simulation
province_year,2016,北京,39.9042,116.4074,华北,,,,9842.87,0.11,603.2,53.0,4017498,0.301,24.5,112115.9,47607.6,0,0,0,174.0,0.9,5.5,16.0,4.0,0,0,220.0,48.0,14500.0,26.0,30.0,province_panel_simulation
province_year,2016,天津,39.1252,117.1908,华北,,,,6151.79,0.07,377.0,56.1,2510936,0.319,24.5,87403.5,55006.9,0,0,0,174.0,0.9,5.5,16.0,4.0,0,0,220.0,48.0,14500.0,26.0,30.0,province_panel_simulation
province_year,2016,河北,38.0455,114.502,华北,,,,155025.23,1.69,9501.0,57.4,63275603,0.312,24.5,135644.2,49928.9,0,0,0,174.0,0.9,5.5,16.0,4.0,0,0,220.0,48.0,14500.0,26.0,30.0,province_panel_simulation
province_year,2016,山西,37.8706,112.5489,华北,,,,135339.49,1.47,8294.5,63.1,55240606,0.291,24.5,106284.7,49458.4,0,0,0,174.0,0.9,5.5,16.0,4.0,0,0,220.0,48.0,14500.0,26.0,30.0,province_panel_simulation
province_year,2016,内蒙古,40.8422,111.7498,华北,,,,57826.87,0.63,3544.0,54.7,23602804,0.289,24.5,99165.7,49423.8,0,0,0,174.0,0.9,5.5,16.0,4.0,0,0,220.0,48.0,14500.0,26.0,30.0,province_panel_simulation
province_year,2016,辽宁,41.8057,123.4315,东北,,,,125496.61,1.37,7691.3,53.2,51223107,0.331,24.5,146234.4,66197.8,0,0,0,174.0,0.9,5.5,16.0,4.0,0,0,220.0,48.0,14500.0,26.0,30.0,province_panel_simulation
province_year,2016,吉林,43.8961,125.3265,东北,,,,105810.87,1.15,6484.8,94.3,43188110,0.256,24.5,118787.1,67864.4,0,0,0,174.0,0.9,5.5,16.0,4.0,0,0,220.0,48.0,14500.0,26.0,30.0,province_panel_simulation
province_year,2016,黑龙江,45.8038,126.535,东北,,,,67669.74,0.74,4147.3,69.4,27620303,0.291,24.5,139523.6,49924.3,0,0,0,174.0,0.9,5.5,16.0,4.0,0,0,220.0,48.0,14500.0,26.0,30.0,province_panel_simulation
province_year,2016,上海,31.2304,121.4737,华东,,,,7382.15,0.08,452.4,59.8,3013123,0.215,24.5,110271.8,61883.7,0,0,0,174.0,0.9,5.5,16.0,4.0,0,0,220.0,48.0,14500.0,26.0,30.0,province_panel_simulation
province_year,2016,江苏,32.0603,118.7969,华东,,,,163637.74,1.78,10028.9,60.8,66790915,0.413,24.5,104860.6,60598.0,0,0,0,174.0,0.9,5.5,16.0,4.0,0,0,220.0,48.0,14500.0,26.0,30.0,province_panel_simulation
province_year,2016,浙江,30.2741,120.1551,华东,,,,1555173.73,16.93,95311.9,102.0,634764789,0.423,24.5,123558.1,67740.7,0,0,0,174.0,0.9,5.5,16.0,4.0,0,0,220.0,48.0,14500.0,26.0,30.0,province_panel_simulation
province_year,2016,安徽,31.8206,117.2272,华东,,,,280521.84,3.05,17192.3,62.4,114498711,0.31,24.5,100724.7,46756.6,0,0,0,174.0,0.9,5.5,16.0,4.0,0,0,220.0,48.0,14500.0,26.0,30.0,province_panel_simulation
province_year,2016,福建,26.0745,119.2965,华东,,,,308820.1,3.36,18926.6,64.0,126049020,0.261,24.5,143906.2,43713.1,0,0,0,174.0,0.9,5.5,16.0,4.0,0,0,220.0,48.0,14500.0,26.0,30.0,province_panel_simulation
province_year,2016,江西,28.6829,115.858,华东,,,,260836.1,2.84,15985.9,98.5,106463714,0.222,24.5,102554.3,59667.3,0,0,0,174.0,0.9,5.5,16.0,4.0,0,0,220.0,48.0,14500.0,26.0,30.0,province_panel_simulation
province_year,2016,山东,36.6516,117.1201,华东,,,,212852.1,2.32,13045.1,63.2,86878408,0.32,24.5,96816.1,62083.6,0,0,0,174.0,0.9,5.5,16.0,4.0,0,0,220.0,48.0,14500.0,26.0,30.0,province_panel_simulation
province_year,2016,河南,34.7466,113.6254,华中,,,,762822.56,8.31,46751.1,98.5,311356146,0.372,24.5,117627.5,65042.1,0,0,0,174.0,0.9,5.5,16.0,4.0,0,0,220.0,48.0,14500.0,26.0,30.0,province_panel_simulation
province_year,2016,湖北,30.5928,114.3055,华中,,,,298977.23,3.26,18323.4,58.2,122031521,0.43,24.5,84465.7,66900.0,0,0,0,174.0,0.9,5.5,16.0,4.0,0,0,220.0,48.0,14500.0,26.0,30.0,province_panel_simulation
province_year,2016,湖南,28.2282,112.9388,华中,,,,463845.33,5.05,28427.7,69.8,189324624,0.211,24.5,154799.4,54321.4,0,0,0,174.0,0.9,5.5,16.0,4.0,0,0,220.0,48.0,14500.0,26.0,30.0,province_panel_simulation
province_year,2016,广东,23.1291,113.2644,华南,,,,241150.36,2.63,14779.4,56.6,98428717,0.222,24.5,97984.5,66295.2,0,0,0,174.0,0.9,5.5,16.0,4.0,0,0,220.0,48.0,14500.0,26.0,30.0,province_panel_simulation
province_year,2016,广西,22.817,108.3665,华南,,,,203009.23,2.21,12441.8,91.1,82860909,0.306,24.5,110572.1,55823.7,0,0,0,174.0,0.9,5.5,16.0,4.0,0,0,220.0,48.0,14500.0,26.0,30.0,province_panel_simulation
province_year,2016,海南,20.044,110.3508,华南,,,,14764.31,0.16,904.9,58.7,6026247,0.231,24.5,120015.9,54825.3,0,0,0,174.0,0.9,5.5,16.0,4.0,0,0,220.0,48.0,14500.0,26.0,30.0,province_panel_simulation
province_year,2016,重庆,29.4316,106.9123,西南,,,,406018.46,4.42,24883.6,53.9,165721819,0.336,24.5,116919.8,64225.6,0,0,0,174.0,0.9,5.5,16.0,4.0,0,0,220.0,48.0,14500.0,26.0,30.0,province_panel_simulation
province_year,2016,四川,30.5728,104.0668,西南,,,,1670827.48,18.19,102399.9,68.9,681970398,0.345,24.5,112949.4,56616.3,0,0,0,174.0,0.9,5.5,16.0,4.0,0,0,220.0,48.0,14500.0,26.0,30.0,province_panel_simulation
province_year,2016,贵州,26.6477,106.6302,西南,,,,589341.94,6.42,36119.0,37.4,240547732,0.164,24.5,102004.9,66834.1,0,0,0,174.0,0.9,5.5,16.0,4.0,0,0,220.0,48.0,14500.0,26.0,30.0,province_panel_simulation
province_year,2016,云南,25.0389,102.7183,西南,,,,908004.92,9.89,55648.9,48.4,370614251,0.197,24.5,94261.3,50229.8,0,0,0,174.0,0.9,5.5,16.0,4.0,0,0,220.0,48.0,14500.0,26.0,30.0,province_panel_simulation
province_year,2016,西藏,29.65,91.1,西南,,,,3691.08,0.04,226.2,59.1,1506561,0.315,24.5,119050.1,59144.0,0,0,0,174.0,0.9,5.5,16.0,4.0,0,0,220.0,48.0,14500.0,26.0,30.0,province_panel_simulation
province_year,2016,陕西,34.3416,108.9398,西北,,,,270678.97,2.95,16589.1,64.7,110481213,0.231,24.5,142081.0,67705.7,0,0,0,174.0,0.9,5.5,16.0,4.0,0,0,220.0,48.0,14500.0,26.0,30.0,province_panel_simulation
province_year,2016,甘肃,36.0613,103.834,西北,,,,250993.23,2.73,15382.6,50.3,102446215,0.265,24.5,95392.0,62997.1,0,0,0,174.0,0.9,5.5,16.0,4.0,0,0,220.0,48.0,14500.0,26.0,30.0,province_panel_simulation
province_year,2016,青海,36.6173,101.7782,西北,,,,4921.44,0.05,301.6,55.2,2008749,0.298,24.5,118265.1,66343.9,0,0,0,174.0,0.9,5.5,16.0,4.0,0,0,220.0,48.0,14500.0,26.0,30.0,province_panel_simulation
province_year,2016,宁夏,38.472,106.2589,西北,,,,6151.79,0.07,377.0,62.1,2510936,0.287,24.5,87567.0,42103.5,0,0,0,174.0,0.9,5.5,16.0,4.0,0,0,220.0,48.0,14500.0,26.0,30.0,province_panel_simulation
province_year,2016,新疆,43.7928,87.617,西北,,,,77512.61,0.84,4750.5,67.7,31637801,0.331,24.5,131120.7,62156.1,0,0,0,174.0,0.9,5.5,16.0,4.0,0,0,220.0,48.0,14500.0,26.0,30.0,province_panel_simulation
province_year,2017,北京,39.9042,116.4074,华北,,,,9929.17,0.11,583.1,57.2,3971667,0.315,25.0,86822.0,63014.7,0,0,0,165.5,0.9,5.5,16.0,4.0,0,0,230.0,50.0,13000.0,26.0,30.0,province_panel_simulation
province_year,2017,天津,39.1252,117.1908,华北,,,,6205.73,0.07,364.4,50.1,2482291,0.267,25.0,95625.8,60464.2,0,0,0,165.5,0.9,5.5,16.0,4.0,0,0,230.0,50.0,13000.0,26.0,30.0,province_panel_simulation
province_year,2017,河北,38.0455,114.502,华北,,,,156384.39,1.69,9184.1,61.6,62553756,0.282,25.0,102457.0,56753.2,0,0,0,165.5,0.9,5.5,16.0,4.0,0,0,230.0,50.0,13000.0,26.0,30.0,province_panel_simulation
province_year,2017,山西,37.8706,112.5489,华北,,,,136526.06,1.48,8017.8,50.0,54610422,0.273,25.0,73185.9,57939.9,0,0,0,165.5,0.9,5.5,16.0,4.0,0,0,230.0,50.0,13000.0,26.0,30.0,province_panel_simulation
province_year,2017,内蒙古,40.8422,111.7498,华北,,,,58333.86,0.63,3425.8,54.7,23333544,0.335,25.0,73514.6,66040.6,0,0,0,165.5,0.9,5.5,16.0,4.0,0,0,230.0,50.0,13000.0,26.0,30.0,province_panel_simulation
province_year,2017,辽宁,41.8057,123.4315,东北,,,,126596.89,1.37,7434.7,61.8,50638755,0.31,25.0,128946.9,45880.3,0,0,0,165.5,0.9,5.5,16.0,4.0,0,0,230.0,50.0,13000.0,26.0,30.0,province_panel_simulation
province_year,2017,吉林,43.8961,125.3265,东北,,,,106738.55,1.16,6268.5,68.5,42695420,0.214,25.0,84369.0,57855.3,0,0,0,165.5,0.9,5.5,16.0,4.0,0,0,230.0,50.0,13000.0,26.0,30.0,province_panel_simulation
province_year,2017,黑龙江,45.8038,126.535,东北,,,,68263.03,0.74,4008.9,64.3,27305211,0.232,25.0,97097.3,53475.6,0,0,0,165.5,0.9,5.5,16.0,4.0,0,0,230.0,50.0,13000.0,26.0,30.0,province_panel_simulation
province_year,2017,上海,31.2304,121.4737,华东,,,,7446.88,0.08,437.3,57.0,2978750,0.275,25.0,133943.5,49273.2,0,0,0,165.5,0.9,5.5,16.0,4.0,0,0,230.0,50.0,13000.0,26.0,30.0,province_panel_simulation
province_year,2017,江苏,32.0603,118.7969,华东,,,,165072.41,1.79,9694.3,61.9,66028964,0.412,25.0,113047.0,67327.2,0,0,0,165.5,0.9,5.5,16.0,4.0,0,0,230.0,50.0,13000.0,26.0,30.0,province_panel_simulation
province_year,2017,浙江,30.2741,120.1551,华东,,,,1568808.49,16.98,92132.1,95.8,627523396,0.303,25.0,96002.3,58604.6,0,0,0,165.5,0.9,5.5,16.0,4.0,0,0,230.0,50.0,13000.0,26.0,30.0,province_panel_simulation
province_year,2017,安徽,31.8206,117.2272,华东,,,,282981.28,3.06,16618.8,50.9,113192511,0.291,25.0,83092.9,57096.0,0,0,0,165.5,0.9,5.5,16.0,4.0,0,0,230.0,50.0,13000.0,26.0,30.0,province_panel_simulation
province_year,2017,福建,26.0745,119.2965,华东,,,,311527.64,3.37,18295.2,57.5,124611054,0.243,25.0,107589.7,67319.8,0,0,0,165.5,0.9,5.5,16.0,4.0,0,0,230.0,50.0,13000.0,26.0,30.0,province_panel_simulation
province_year,2017,江西,28.6829,115.858,华东,,,,263122.94,2.85,15452.5,68.5,105249177,0.27,25.0,75092.5,48861.0,0,0,0,165.5,0.9,5.5,16.0,4.0,0,0,230.0,50.0,13000.0,26.0,30.0,province_panel_simulation
province_year,2017,山东,36.6516,117.1201,华东,,,,214718.25,2.32,12609.9,65.2,85887300,0.322,25.0,101978.6,44154.3,0,0,0,165.5,0.9,5.5,16.0,4.0,0,0,230.0,50.0,13000.0,26.0,30.0,province_panel_simulation
province_year,2017,河南,34.7466,113.6254,华中,,,,769510.49,8.33,45191.4,67.6,307804197,0.424,25.0,128297.3,58913.2,0,0,0,165.5,0.9,5.5,16.0,4.0,0,0,230.0,50.0,13000.0,26.0,30.0,province_panel_simulation
province_year,2017,湖北,30.5928,114.3055,华中,,,,301598.47,3.26,17712.1,50.5,120639387,0.424,25.0,91979.5,70274.9,0,0,0,165.5,0.9,5.5,16.0,4.0,0,0,230.0,50.0,13000.0,26.0,30.0,province_panel_simulation
province_year,2017,湖南,28.2282,112.9388,华中,,,,467912.03,5.06,27479.3,60.2,187164810,0.302,25.0,116709.4,54196.4,0,0,0,165.5,0.9,5.5,16.0,4.0,0,0,230.0,50.0,13000.0,26.0,30.0,province_panel_simulation
province_year,2017,广东,23.1291,113.2644,华南,,,,243264.61,2.63,14286.3,51.2,97305843,0.165,25.0,87383.3,66654.3,0,0,0,165.5,0.9,5.5,16.0,4.0,0,0,230.0,50.0,13000.0,26.0,30.0,province_panel_simulation
province_year,2017,广西,22.817,108.3665,华南,,,,204789.08,2.22,12026.7,80.6,81915633,0.323,25.0,93050.4,64397.6,0,0,0,165.5,0.9,5.5,16.0,4.0,0,0,230.0,50.0,13000.0,26.0,30.0,province_panel_simulation
province_year,2017,海南,20.044,110.3508,华南,,,,14893.75,0.16,874.7,52.4,5957500,0.336,25.0,117420.6,57122.6,0,0,0,165.5,0.9,5.5,16.0,4.0,0,0,230.0,50.0,13000.0,26.0,30.0,province_panel_simulation
province_year,2017,重庆,29.4316,106.9123,西南,,,,409578.17,4.43,24053.5,67.1,163831266,0.201,25.0,99593.2,66769.2,0,0,0,165.5,0.9,5.5,16.0,4.0,0,0,230.0,50.0,13000.0,26.0,30.0,province_panel_simulation
province_year,2017,四川,30.5728,104.0668,西南,,,,1685476.21,18.24,98983.7,55.9,674190484,0.401,25.0,131746.7,54150.9,0,0,0,165.5,0.9,5.5,16.0,4.0,0,0,230.0,50.0,13000.0,26.0,30.0,province_panel_simulation
province_year,2017,贵州,26.6477,106.6302,西南,,,,594508.91,6.44,34914.0,52.1,237803565,0.149,25.0,89423.6,71163.3,0,0,0,165.5,0.9,5.5,16.0,4.0,0,0,230.0,50.0,13000.0,26.0,30.0,province_panel_simulation
province_year,2017,云南,25.0389,102.7183,西南,,,,915965.72,9.91,53792.3,43.7,366386286,0.189,25.0,130895.0,55154.3,0,0,0,165.5,0.9,5.5,16.0,4.0,0,0,230.0,50.0,13000.0,26.0,30.0,province_panel_simulation
province_year,2017,西藏,29.65,91.1,西南,,,,3723.44,0.04,218.7,61.9,1489375,0.289,25.0,77771.6,60486.5,0,0,0,165.5,0.9,5.5,16.0,4.0,0,0,230.0,50.0,13000.0,26.0,30.0,province_panel_simulation
province_year,2017,陕西,34.3416,108.9398,西北,,,,273052.11,2.96,16035.7,63.9,109220844,0.297,25.0,77544.6,47228.0,0,0,0,165.5,0.9,5.5,16.0,4.0,0,0,230.0,50.0,13000.0,26.0,30.0,province_panel_simulation
province_year,2017,甘肃,36.0613,103.834,西北,,,,253193.78,2.74,14869.4,50.2,101277510,0.285,25.0,118382.6,51866.2,0,0,0,165.5,0.9,5.5,16.0,4.0,0,0,230.0,50.0,13000.0,26.0,30.0,province_panel_simulation
province_year,2017,青海,36.6173,101.7782,西北,,,,4964.58,0.05,291.6,51.8,1985833,0.194,25.0,91593.4,53100.6,0,0,0,165.5,0.9,5.5,16.0,4.0,0,0,230.0,50.0,13000.0,26.0,30.0,province_panel_simulation
province_year,2017,宁夏,38.472,106.2589,西北,,,,6205.73,0.07,364.4,54.6,2482291,0.213,25.0,84087.0,55639.5,0,0,0,165.5,0.9,5.5,16.0,4.0,0,0,230.0,50.0,13000.0,26.0,30.0,province_panel_simulation
province_year,2017,新疆,43.7928,87.617,西北,,,,78192.2,0.85,4592.0,59.7,31276878,0.252,25.0,74080.9,52929.3,0,0,0,165.5,0.9,5.5,16.0,4.0,0,0,230.0,50.0,13000.0,26.0,30.0,province_panel_simulation
province_year,2018,北京,39.9042,116.4074,华北,,,,10014.55,0.11,492.8,43.2,4005818,0.28,25.0,97786.1,56274.4,0,0,0,155.2,0.9,5.5,16.0,4.0,55.0,45.0,240.0,52.0,13500.0,27.0,32.0,province_panel_simulation
province_year,2018,天津,39.1252,117.1908,华北,,,,6259.09,0.07,308.0,46.1,2503636,0.249,25.0,82064.6,71673.9,0,0,0,155.2,0.9,5.5,16.0,4.0,55.0,45.0,240.0,52.0,13500.0,27.0,32.0,province_panel_simulation
province_year,2018,河北,38.0455,114.502,华北,,,,157729.09,1.7,7761.2,55.2,63091634,0.335,25.0,114019.2,49837.1,0,0,0,155.2,0.9,5.5,16.0,4.0,55.0,45.0,240.0,52.0,13500.0,27.0,32.0,province_panel_simulation
province_year,2018,山西,37.8706,112.5489,华北,,,,137700.0,1.48,6775.6,47.4,55079998,0.213,25.0,96258.2,59494.7,0,0,0,155.2,0.9,5.5,16.0,4.0,55.0,45.0,240.0,52.0,13500.0,27.0,32.0,province_panel_simulation
province_year,2018,内蒙古,40.8422,111.7498,华北,,,,58835.45,0.63,2895.0,42.8,23534180,0.255,25.0,104125.9,59229.3,0,0,0,155.2,0.9,5.5,16.0,4.0,55.0,45.0,240.0,52.0,13500.0,27.0,32.0,province_panel_simulation
province_year,2018,辽宁,41.8057,123.4315,东北,,,,127685.45,1.37,6282.8,43.0,51074179,0.229,25.0,92681.4,63432.3,0,0,0,155.2,0.9,5.5,16.0,4.0,55.0,45.0,240.0,52.0,13500.0,27.0,32.0,province_panel_simulation
province_year,2018,吉林,43.8961,125.3265,东北,,,,107656.36,1.16,5297.3,74.6,43062543,0.221,25.0,83525.2,53869.0,0,0,0,155.2,0.9,5.5,16.0,4.0,55.0,45.0,240.0,52.0,13500.0,27.0,32.0,province_panel_simulation
province_year,2018,黑龙江,45.8038,126.535,东北,,,,68850.0,0.74,3387.8,55.8,27539999,0.241,25.0,117182.2,68776.7,0,0,0,155.2,0.9,5.5,16.0,4.0,55.0,45.0,240.0,52.0,13500.0,27.0,32.0,province_panel_simulation
province_year,2018,上海,31.2304,121.4737,华东,,,,7510.91,0.08,369.6,46.7,3004363,0.241,25.0,129988.9,70431.3,0,0,0,155.2,0.9,5.5,16.0,4.0,55.0,45.0,240.0,52.0,13500.0,27.0,32.0,province_panel_simulation
province_year,2018,江苏,32.0603,118.7969,华东,,,,166491.81,1.79,8192.3,56.2,66596724,0.308,25.0,97539.2,73051.3,0,0,0,155.2,0.9,5.5,16.0,4.0,55.0,45.0,240.0,52.0,13500.0,27.0,32.0,province_panel_simulation
province_year,2018,浙江,30.2741,120.1551,华东,,,,1582298.12,17.03,77858.0,61.0,632919249,0.335,25.0,139766.8,73691.4,0,0,0,155.2,0.9,5.5,16.0,4.0,55.0,45.0,240.0,52.0,13500.0,27.0,32.0,province_panel_simulation
province_year,2018,安徽,31.8206,117.2272,华东,,,,285414.54,3.07,14044.0,46.1,114165814,0.389,25.0,108710.3,61965.0,0,0,0,155.2,0.9,5.5,16.0,4.0,55.0,45.0,240.0,52.0,13500.0,27.0,32.0,province_panel_simulation
province_year,2018,福建,26.0745,119.2965,华东,,,,314206.35,3.38,15460.7,45.4,125682540,0.192,25.0,130055.7,56504.1,0,0,0,155.2,0.9,5.5,16.0,4.0,55.0,45.0,240.0,52.0,13500.0,27.0,32.0,province_panel_simulation
province_year,2018,江西,28.6829,115.858,华东,,,,265385.44,2.86,13058.5,58.0,106154177,0.275,25.0,115348.2,61062.0,0,0,0,155.2,0.9,5.5,16.0,4.0,55.0,45.0,240.0,52.0,13500.0,27.0,32.0,province_panel_simulation
province_year,2018,山东,36.6516,117.1201,华东,,,,216564.54,2.33,10656.2,51.9,86625815,0.273,25.0,139008.0,58554.4,0,0,0,155.2,0.9,5.5,16.0,4.0,55.0,45.0,240.0,52.0,13500.0,27.0,32.0,province_panel_simulation
province_year,2018,河南,34.7466,113.6254,华中,,,,776127.24,8.35,38189.8,78.5,310450897,0.353,25.0,95615.5,65456.1,0,0,0,155.2,0.9,5.5,16.0,4.0,55.0,45.0,240.0,52.0,13500.0,27.0,32.0,province_panel_simulation
province_year,2018,湖北,30.5928,114.3055,华中,,,,304191.81,3.27,14967.9,53.9,121676722,0.404,25.0,103341.5,59679.2,0,0,0,155.2,0.9,5.5,16.0,4.0,55.0,45.0,240.0,52.0,13500.0,27.0,32.0,province_panel_simulation
province_year,2018,湖南,28.2282,112.9388,华中,,,,471935.44,5.08,23221.9,51.2,188774175,0.228,25.0,119705.1,66124.8,0,0,0,155.2,0.9,5.5,16.0,4.0,55.0,45.0,240.0,52.0,13500.0,27.0,32.0,province_panel_simulation
province_year,2018,广东,23.1291,113.2644,华南,,,,245356.35,2.64,12072.9,53.5,98142541,0.154,25.0,141480.1,59080.2,0,0,0,155.2,0.9,5.5,16.0,4.0,55.0,45.0,240.0,52.0,13500.0,27.0,32.0,province_panel_simulation
province_year,2018,广西,22.817,108.3665,华南,,,,206549.99,2.22,10163.4,67.9,82619997,0.266,25.0,136869.3,65422.5,0,0,0,155.2,0.9,5.5,16.0,4.0,55.0,45.0,240.0,52.0,13500.0,27.0,32.0,province_panel_simulation
province_year,2018,海南,20.044,110.3508,华南,,,,15021.82,0.16,739.2,49.8,6008727,0.308,25.0,100087.9,71505.7,0,0,0,155.2,0.9,5.5,16.0,4.0,55.0,45.0,240.0,52.0,13500.0,27.0,32.0,province_panel_simulation
province_year,2018,重庆,29.4316,106.9123,西南,,,,413099.99,4.45,20326.8,49.7,165239994,0.285,25.0,82083.1,67728.3,0,0,0,155.2,0.9,5.5,16.0,4.0,55.0,45.0,240.0,52.0,13500.0,27.0,32.0,province_panel_simulation
province_year,2018,四川,30.5728,104.0668,西南,,,,1699969.03,18.3,83648.0,51.5,679987611,0.34,25.0,118940.3,46097.3,0,0,0,155.2,0.9,5.5,16.0,4.0,55.0,45.0,240.0,52.0,13500.0,27.0,32.0,province_panel_simulation
province_year,2018,贵州,26.6477,106.6302,西南,,,,599620.89,6.45,29504.7,48.8,239848355,0.229,25.0,102716.9,67242.6,0,0,0,155.2,0.9,5.5,16.0,4.0,55.0,45.0,240.0,52.0,13500.0,27.0,32.0,province_panel_simulation
province_year,2018,云南,25.0389,102.7183,西南,,,,923841.78,9.94,45458.2,48.4,369536713,0.199,25.0,77201.7,52498.3,0,0,0,155.2,0.9,5.5,16.0,4.0,55.0,45.0,240.0,52.0,13500.0,27.0,32.0,province_panel_simulation
province_year,2018,西藏,29.65,91.1,西南,,,,3755.45,0.04,184.8,49.4,1502181,0.268,25.0,114580.4,61945.8,0,0,0,155.2,0.9,5.5,16.0,4.0,55.0,45.0,240.0,52.0,13500.0,27.0,32.0,province_panel_simulation
province_year,2018,陕西,34.3416,108.9398,西北,,,,275399.99,2.96,13551.2,48.4,110159996,0.25,25.0,127160.2,62344.4,0,0,0,155.2,0.9,5.5,16.0,4.0,55.0,45.0,240.0,52.0,13500.0,27.0,32.0,province_panel_simulation
province_year,2018,甘肃,36.0613,103.834,西北,,,,255370.9,2.75,12565.7,36.9,102148359,0.243,25.0,78120.8,47895.8,0,0,0,155.2,0.9,5.5,16.0,4.0,55.0,45.0,240.0,52.0,13500.0,27.0,32.0,province_panel_simulation
province_year,2018,青海,36.6173,101.7782,西北,,,,5007.27,0.05,246.4,48.0,2002909,0.332,25.0,84121.8,72854.2,0,0,0,155.2,0.9,5.5,16.0,4.0,55.0,45.0,240.0,52.0,13500.0,27.0,32.0,province_panel_simulation
province_year,2018,宁夏,38.472,106.2589,西北,,,,6259.09,0.07,308.0,43.9,2503636,0.238,25.0,106370.7,50950.0,0,0,0,155.2,0.9,5.5,16.0,4.0,55.0,45.0,240.0,52.0,13500.0,27.0,32.0,province_panel_simulation
province_year,2018,新疆,43.7928,87.617,西北,,,,78864.54,0.85,3880.6,48.9,31545817,0.261,25.0,105244.9,65573.4,0,0,0,155.2,0.9,5.5,16.0,4.0,55.0,45.0,240.0,52.0,13500.0,27.0,32.0,province_panel_simulation
province_year,2019,北京,39.9042,116.4074,华北,,,,10105.16,0.11,483.1,45.2,3962807,0.236,25.5,139605.3,50390.7,0,0,0,145.6,0.9,5.5,16.0,4.0,0,0,250.0,55.0,14000.0,28.0,33.0,province_panel_simulation
province_year,2019,天津,39.1252,117.1908,华北,,,,6315.72,0.07,302.0,52.8,2476754,0.286,25.5,130209.6,51927.8,0,0,0,145.6,0.9,5.5,16.0,4.0,0,0,250.0,55.0,14000.0,28.0,33.0,province_panel_simulation
province_year,2019,河北,38.0455,114.502,华北,,,,159156.27,1.7,7609.2,54.7,62414223,0.228,25.5,94709.9,51796.2,0,0,0,145.6,0.9,5.5,16.0,4.0,0,0,250.0,55.0,14000.0,28.0,33.0,province_panel_simulation
province_year,2019,山西,37.8706,112.5489,华北,,,,138945.95,1.49,6643.0,48.7,54488607,0.331,25.5,98763.6,59437.5,0,0,0,145.6,0.9,5.5,16.0,4.0,0,0,250.0,55.0,14000.0,28.0,33.0,province_panel_simulation
province_year,2019,内蒙古,40.8422,111.7498,华北,,,,59367.81,0.64,2838.4,43.3,23281495,0.285,25.5,112907.3,47710.8,0,0,0,145.6,0.9,5.5,16.0,4.0,0,0,250.0,55.0,14000.0,28.0,33.0,province_panel_simulation
province_year,2019,辽宁,41.8057,123.4315,东北,,,,128840.79,1.38,6159.9,49.4,50525799,0.221,25.5,124211.4,58931.7,0,0,0,145.6,0.9,5.5,16.0,4.0,0,0,250.0,55.0,14000.0,28.0,33.0,province_panel_simulation
province_year,2019,吉林,43.8961,125.3265,东北,,,,108630.47,1.16,5193.6,76.2,42600184,0.222,25.5,135519.2,72032.4,0,0,0,145.6,0.9,5.5,16.0,4.0,0,0,250.0,55.0,14000.0,28.0,33.0,province_panel_simulation
province_year,2019,黑龙江,45.8038,126.535,东北,,,,69472.97,0.74,3321.5,41.5,27244303,0.207,25.5,143969.2,52633.1,0,0,0,145.6,0.9,5.5,16.0,4.0,0,0,250.0,55.0,14000.0,28.0,33.0,province_panel_simulation
province_year,2019,上海,31.2304,121.4737,华东,,,,7578.87,0.08,362.3,45.3,2972105,0.259,25.5,100917.4,73714.3,0,0,0,145.6,0.9,5.5,16.0,4.0,0,0,250.0,55.0,14000.0,28.0,33.0,province_panel_simulation
province_year,2019,江苏,32.0603,118.7969,华东,,,,167998.28,1.8,8032.0,48.2,65881680,0.381,25.5,124548.1,65872.8,0,0,0,145.6,0.9,5.5,16.0,4.0,0,0,250.0,55.0,14000.0,28.0,33.0,province_panel_simulation
province_year,2019,浙江,30.2741,120.1551,华东,,,,1596615.27,17.08,76334.0,72.2,626123636,0.339,25.5,142100.5,66061.7,0,0,0,145.6,0.9,5.5,16.0,4.0,0,0,250.0,55.0,14000.0,28.0,33.0,province_panel_simulation
province_year,2019,安徽,31.8206,117.2272,华东,,,,287997.06,3.08,13769.1,52.3,112940023,0.391,25.5,103395.6,65971.9,0,0,0,145.6,0.9,5.5,16.0,4.0,0,0,250.0,55.0,14000.0,28.0,33.0,province_panel_simulation
province_year,2019,福建,26.0745,119.2965,华东,,,,317049.39,3.39,15158.1,41.8,124333095,0.161,25.5,90713.4,56327.9,0,0,0,145.6,0.9,5.5,16.0,4.0,0,0,250.0,55.0,14000.0,28.0,33.0,province_panel_simulation
province_year,2019,江西,28.6829,115.858,华东,,,,267786.74,2.86,12802.9,58.7,105014407,0.292,25.5,118464.5,59849.1,0,0,0,145.6,0.9,5.5,16.0,4.0,0,0,250.0,55.0,14000.0,28.0,33.0,province_panel_simulation
province_year,2019,山东,36.6516,117.1201,华东,,,,218524.08,2.34,10447.6,42.6,85695719,0.248,25.5,95507.9,66627.7,0,0,0,145.6,0.9,5.5,16.0,4.0,0,0,250.0,55.0,14000.0,28.0,33.0,province_panel_simulation
province_year,2019,河南,34.7466,113.6254,华中,,,,783149.9,8.38,37442.3,75.8,307117606,0.382,25.5,153002.9,64113.3,0,0,0,145.6,0.9,5.5,16.0,4.0,0,0,250.0,55.0,14000.0,28.0,33.0,province_panel_simulation
province_year,2019,湖北,30.5928,114.3055,华中,,,,306944.23,3.28,14675.0,47.7,120370287,0.309,25.5,104605.6,60871.2,0,0,0,145.6,0.9,5.5,16.0,4.0,0,0,250.0,55.0,14000.0,28.0,33.0,province_panel_simulation
province_year,2019,湖南,28.2282,112.9388,华中,,,,476205.66,5.09,22767.3,41.4,186747318,0.244,25.5,83066.8,51059.9,0,0,0,145.6,0.9,5.5,16.0,4.0,0,0,250.0,55.0,14000.0,28.0,33.0,province_panel_simulation
province_year,2019,广东,23.1291,113.2644,华南,,,,247576.42,2.65,11836.6,52.3,97088791,0.265,25.5,118084.0,62243.1,0,0,0,145.6,0.9,5.5,16.0,4.0,0,0,250.0,55.0,14000.0,28.0,33.0,province_panel_simulation
province_year,2019,广西,22.817,108.3665,华南,,,,208418.92,2.23,9964.5,75.5,81732911,0.252,25.5,141703.2,62047.4,0,0,0,145.6,0.9,5.5,16.0,4.0,0,0,250.0,55.0,14000.0,28.0,33.0,province_panel_simulation
province_year,2019,海南,20.044,110.3508,华南,,,,15157.74,0.16,724.7,41.8,5944211,0.197,25.5,136135.8,55913.2,0,0,0,145.6,0.9,5.5,16.0,4.0,0,0,250.0,55.0,14000.0,28.0,33.0,province_panel_simulation
province_year,2019,重庆,29.4316,106.9123,西南,,,,416837.85,4.46,19929.0,44.6,163465822,0.27,25.5,94268.9,61068.4,0,0,0,145.6,0.9,5.5,16.0,4.0,0,0,250.0,55.0,14000.0,28.0,33.0,province_panel_simulation
province_year,2019,四川,30.5728,104.0668,西南,,,,1715350.9,18.35,82010.8,51.3,672686628,0.399,25.5,121211.7,50332.2,0,0,0,145.6,0.9,5.5,16.0,4.0,0,0,250.0,55.0,14000.0,28.0,33.0,province_panel_simulation
province_year,2019,贵州,26.6477,106.6302,西南,,,,605046.45,6.47,28927.2,26.6,237273118,0.241,25.5,140530.2,58246.1,0,0,0,145.6,0.9,5.5,16.0,4.0,0,0,250.0,55.0,14000.0,28.0,33.0,province_panel_simulation
province_year,2019,云南,25.0389,102.7183,西南,,,,932201.01,9.97,44568.4,43.6,365569022,0.149,25.5,133164.4,63846.2,0,0,0,145.6,0.9,5.5,16.0,4.0,0,0,250.0,55.0,14000.0,28.0,33.0,province_panel_simulation
province_year,2019,西藏,29.65,91.1,西南,,,,3789.43,0.04,181.2,54.8,1486052,0.207,25.5,141009.6,70242.0,0,0,0,145.6,0.9,5.5,16.0,4.0,0,0,250.0,55.0,14000.0,28.0,33.0,province_panel_simulation
province_year,2019,陕西,34.3416,108.9398,西北,,,,277891.9,2.97,13286.0,44.9,108977215,0.337,25.5,114150.1,57675.6,0,0,0,145.6,0.9,5.5,16.0,4.0,0,0,250.0,55.0,14000.0,28.0,33.0,province_panel_simulation
province_year,2019,甘肃,36.0613,103.834,西北,,,,257681.58,2.76,12319.7,43.4,101051599,0.256,25.5,152583.3,70999.7,0,0,0,145.6,0.9,5.5,16.0,4.0,0,0,250.0,55.0,14000.0,28.0,33.0,province_panel_simulation
province_year,2019,青海,36.6173,101.7782,西北,,,,5052.58,0.05,241.6,44.0,1981403,0.31,25.5,123909.2,57739.7,0,0,0,145.6,0.9,5.5,16.0,4.0,0,0,250.0,55.0,14000.0,28.0,33.0,province_panel_simulation
province_year,2019,宁夏,38.472,106.2589,西北,,,,6315.72,0.07,302.0,50.8,2476754,0.284,25.5,94111.6,51144.1,0,0,0,145.6,0.9,5.5,16.0,4.0,0,0,250.0,55.0,14000.0,28.0,33.0,province_panel_simulation
province_year,2019,新疆,43.7928,87.617,西北,,,,79578.13,0.85,3804.6,43.6,31207111,0.222,25.5,86581.9,57745.4,0,0,0,145.6,0.9,5.5,16.0,4.0,0,0,250.0,55.0,14000.0,28.0,33.0,province_panel_simulation
province_year,2020,北京,39.9042,116.4074,华北,,,,10146.42,0.11,505.7,46.5,3902468,0.27,26.0,114456.6,71631.7,12000.0,5500.0,0,140.8,1.2,6.5,20.0,5.0,50.0,50.0,260.0,55.0,12000.0,28.0,34.0,province_panel_simulation
province_year,2020,天津,39.1252,117.1908,华北,,,,6341.51,0.07,316.0,46.7,2439043,0.23,26.0,155495.7,80778.4,12000.0,5500.0,0,140.8,1.2,6.5,20.0,5.0,50.0,50.0,260.0,55.0,12000.0,28.0,34.0,province_panel_simulation
province_year,2020,河北,38.0455,114.502,华北,,,,159806.1,1.71,7964.2,52.5,61463885,0.205,26.0,163540.9,74285.0,12000.0,5500.0,0,140.8,1.2,6.5,20.0,5.0,50.0,50.0,260.0,55.0,12000.0,28.0,34.0,province_panel_simulation
province_year,2020,山西,37.8706,112.5489,华北,,,,139513.26,1.49,6952.9,56.1,53658947,0.335,26.0,156189.3,52873.9,12000.0,5500.0,0,140.8,1.2,6.5,20.0,5.0,50.0,50.0,260.0,55.0,12000.0,28.0,34.0,province_panel_simulation
province_year,2020,内蒙古,40.8422,111.7498,华北,,,,59610.21,0.64,2970.8,55.3,22927004,0.228,26.0,144235.1,75675.7,12000.0,5500.0,0,140.8,1.2,6.5,20.0,5.0,50.0,50.0,260.0,55.0,12000.0,28.0,34.0,province_panel_simulation
province_year,2020,辽宁,41.8057,123.4315,东北,,,,129366.84,1.38,6447.2,53.7,49756478,0.289,26.0,127190.4,67516.3,12000.0,5500.0,0,140.8,1.2,6.5,20.0,5.0,50.0,50.0,260.0,55.0,12000.0,28.0,34.0,province_panel_simulation
province_year,2020,吉林,43.8961,125.3265,东北,,,,109074.01,1.17,5435.9,64.1,41951540,0.252,26.0,124313.0,69342.9,12000.0,5500.0,0,140.8,1.2,6.5,20.0,5.0,50.0,50.0,260.0,55.0,12000.0,28.0,34.0,province_panel_simulation
province_year,2020,黑龙江,45.8038,126.535,东北,,,,69756.63,0.75,3476.4,55.5,26829473,0.205,26.0,129199.1,57792.3,12000.0,5500.0,0,140.8,1.2,6.5,20.0,5.0,50.0,50.0,260.0,55.0,12000.0,28.0,34.0,province_panel_simulation
province_year,2020,上海,31.2304,121.4737,华东,,,,7609.81,0.08,379.2,56.3,2926851,0.245,26.0,162579.5,59386.9,12000.0,5500.0,0,140.8,1.2,6.5,20.0,5.0,50.0,50.0,260.0,55.0,12000.0,28.0,34.0,province_panel_simulation
province_year,2020,江苏,32.0603,118.7969,华东,,,,168684.22,1.8,8406.7,42.4,64878545,0.399,26.0,145873.2,72505.3,12000.0,5500.0,0,140.8,1.2,6.5,20.0,5.0,50.0,50.0,260.0,55.0,12000.0,28.0,34.0,province_panel_simulation
province_year,2020,浙江,30.2741,120.1551,华东,,,,1603134.23,17.13,79894.9,70.8,616590088,0.384,26.0,117111.5,50808.2,12000.0,5500.0,0,140.8,1.2,6.5,20.0,5.0,50.0,50.0,260.0,55.0,12000.0,28.0,34.0,province_panel_simulation
province_year,2020,安徽,31.8206,117.2272,华东,,,,289172.95,3.09,14411.4,50.3,111220364,0.32,26.0,122596.6,55635.2,12000.0,5500.0,0,140.8,1.2,6.5,20.0,5.0,50.0,50.0,260.0,55.0,12000.0,28.0,34.0,province_panel_simulation
province_year,2020,福建,26.0745,119.2965,华东,,,,318343.9,3.4,15865.2,46.3,122439962,0.248,26.0,115539.6,67532.8,12000.0,5500.0,0,140.8,1.2,6.5,20.0,5.0,50.0,50.0,260.0,55.0,12000.0,28.0,34.0,province_panel_simulation
province_year,2020,江西,28.6829,115.858,华东,,,,268880.11,2.87,13400.1,74.5,103415426,0.262,26.0,115999.2,70932.9,12000.0,5500.0,0,140.8,1.2,6.5,20.0,5.0,50.0,50.0,260.0,55.0,12000.0,28.0,34.0,province_panel_simulation
province_year,2020,山东,36.6516,117.1201,华东,,,,219416.31,2.34,10935.0,43.1,84390890,0.206,26.0,149802.7,63686.4,12000.0,5500.0,0,140.8,1.2,6.5,20.0,5.0,50.0,50.0,260.0,55.0,12000.0,28.0,34.0,province_panel_simulation
province_year,2020,河南,34.7466,113.6254,华中,,,,786347.49,8.4,39188.9,59.1,302441341,0.412,26.0,123490.8,48772.0,12000.0,5500.0,0,140.8,1.2,6.5,20.0,5.0,50.0,50.0,260.0,55.0,12000.0,28.0,34.0,province_panel_simulation
province_year,2020,湖北,30.5928,114.3055,华中,,,,308197.48,3.29,15359.5,56.6,118537493,0.317,26.0,142483.9,53037.2,12000.0,5500.0,0,140.8,1.2,6.5,20.0,5.0,50.0,50.0,260.0,55.0,12000.0,28.0,34.0,province_panel_simulation
province_year,2020,湖南,28.2282,112.9388,华中,,,,478150.0,5.11,23829.4,52.0,183903847,0.215,26.0,161233.3,57655.6,12000.0,5500.0,0,140.8,1.2,6.5,20.0,5.0,50.0,50.0,260.0,55.0,12000.0,28.0,34.0,province_panel_simulation
province_year,2020,广东,23.1291,113.2644,华南,,,,248587.27,2.66,12388.8,52.1,95610488,0.176,26.0,118157.6,78123.5,12000.0,5500.0,0,140.8,1.2,6.5,20.0,5.0,50.0,50.0,260.0,55.0,12000.0,28.0,34.0,province_panel_simulation
province_year,2020,广西,22.817,108.3665,华南,,,,209269.9,2.24,10429.3,60.6,80488421,0.249,26.0,113063.1,71481.8,12000.0,5500.0,0,140.8,1.2,6.5,20.0,5.0,50.0,50.0,260.0,55.0,12000.0,28.0,34.0,province_panel_simulation
province_year,2020,海南,20.044,110.3508,华南,,,,15219.63,0.16,758.5,45.8,5853703,0.286,26.0,143644.0,48785.3,12000.0,5500.0,0,140.8,1.2,6.5,20.0,5.0,50.0,50.0,260.0,55.0,12000.0,28.0,34.0,province_panel_simulation
province_year,2020,重庆,29.4316,106.9123,西南,,,,418539.79,4.47,20858.6,49.5,160976842,0.211,26.0,106971.5,70849.4,12000.0,5500.0,0,140.8,1.2,6.5,20.0,5.0,50.0,50.0,260.0,55.0,12000.0,28.0,34.0,province_panel_simulation
province_year,2020,四川,30.5728,104.0668,西南,,,,1722354.66,18.4,85836.4,42.5,662444098,0.388,26.0,152354.0,80865.0,12000.0,5500.0,0,140.8,1.2,6.5,20.0,5.0,50.0,50.0,260.0,55.0,12000.0,28.0,34.0,province_panel_simulation
province_year,2020,贵州,26.6477,106.6302,西南,,,,607516.85,6.49,30276.6,35.4,233660326,0.16,26.0,95039.6,61199.8,12000.0,5500.0,0,140.8,1.2,6.5,20.0,5.0,50.0,50.0,260.0,55.0,12000.0,28.0,34.0,province_panel_simulation
province_year,2020,云南,25.0389,102.7183,西南,,,,936007.17,10.0,46647.5,43.1,360002757,0.156,26.0,113665.4,77382.1,12000.0,5500.0,0,140.8,1.2,6.5,20.0,5.0,50.0,50.0,260.0,55.0,12000.0,28.0,34.0,province_panel_simulation
province_year,2020,西藏,29.65,91.1,西南,,,,3804.91,0.04,189.6,44.4,1463425,0.303,26.0,147442.5,53077.3,12000.0,5500.0,0,140.8,1.2,6.5,20.0,5.0,50.0,50.0,260.0,55.0,12000.0,28.0,34.0,province_panel_simulation
province_year,2020,陕西,34.3416,108.9398,西北,,,,279026.53,2.98,13905.8,57.2,107317895,0.212,26.0,130343.0,49025.4,12000.0,5500.0,0,140.8,1.2,6.5,20.0,5.0,50.0,50.0,260.0,55.0,12000.0,28.0,34.0,province_panel_simulation
province_year,2020,甘肃,36.0613,103.834,西北,,,,258733.69,2.76,12894.4,41.1,99512957,0.255,26.0,145082.8,69162.6,12000.0,5500.0,0,140.8,1.2,6.5,20.0,5.0,50.0,50.0,260.0,55.0,12000.0,28.0,34.0,province_panel_simulation
province_year,2020,青海,36.6173,101.7782,西北,,,,5073.21,0.05,252.8,44.6,1951234,0.252,26.0,142328.3,76698.8,12000.0,5500.0,0,140.8,1.2,6.5,20.0,5.0,50.0,50.0,260.0,55.0,12000.0,28.0,34.0,province_panel_simulation
province_year,2020,宁夏,38.472,106.2589,西北,,,,6341.51,0.07,316.0,43.6,2439043,0.206,26.0,147387.8,67911.2,12000.0,5500.0,0,140.8,1.2,6.5,20.0,5.0,50.0,50.0,260.0,55.0,12000.0,28.0,34.0,province_panel_simulation
province_year,2020,新疆,43.7928,87.617,西北,,,,79903.05,0.85,3982.1,48.1,30731942,0.33,26.0,113753.9,53294.5,12000.0,5500.0,0,140.8,1.2,6.5,20.0,5.0,50.0,50.0,260.0,55.0,12000.0,28.0,34.0,province_panel_simulation
province_year,2021,北京,39.9042,116.4074,华北,,,,10209.12,0.11,14.4,1.3,3926585,0.204,26.0,139841.1,71295.3,0,0,0,136.5,1.2,6.5,20.0,5.0,0,0,270.0,58.0,12500.0,29.0,35.0,province_panel_simulation
province_year,2021,天津,39.1252,117.1908,华北,,,,6380.7,0.07,9.0,1.4,2454115,0.304,26.0,150985.7,79710.9,0,0,0,136.5,1.2,6.5,20.0,5.0,0,0,270.0,58.0,12500.0,29.0,35.0,province_panel_simulation
province_year,2021,河北,38.0455,114.502,华北,,,,160793.66,1.71,227.0,1.5,61843713,0.235,26.0,136943.0,68223.3,0,0,0,136.5,1.2,6.5,20.0,5.0,0,0,270.0,58.0,12500.0,29.0,35.0,province_panel_simulation
province_year,2021,山西,37.8706,112.5489,华北,,,,140375.41,1.49,198.2,1.5,53990543,0.234,26.0,99286.5,81409.1,0,0,0,136.5,1.2,6.5,20.0,5.0,0,0,270.0,58.0,12500.0,29.0,35.0,province_panel_simulation
province_year,2021,内蒙古,40.8422,111.7498,华北,,,,59978.59,0.64,84.7,1.6,23068686,0.262,26.0,104016.1,67885.8,0,0,0,136.5,1.2,6.5,20.0,5.0,0,0,270.0,58.0,12500.0,29.0,35.0,province_panel_simulation
province_year,2021,辽宁,41.8057,123.4315,东北,,,,130166.29,1.39,183.8,1.4,50063958,0.267,26.0,174336.8,84429.7,0,0,0,136.5,1.2,6.5,20.0,5.0,0,0,270.0,58.0,12500.0,29.0,35.0,province_panel_simulation
province_year,2021,吉林,43.8961,125.3265,东北,,,,109748.05,1.17,155.0,2.5,42210788,0.211,26.0,164834.2,70221.5,0,0,0,136.5,1.2,6.5,20.0,5.0,0,0,270.0,58.0,12500.0,29.0,35.0,province_panel_simulation
province_year,2021,黑龙江,45.8038,126.535,东北,,,,70187.71,0.75,99.1,1.3,26995271,0.289,26.0,156859.6,83328.7,0,0,0,136.5,1.2,6.5,20.0,5.0,0,0,270.0,58.0,12500.0,29.0,35.0,province_panel_simulation
province_year,2021,上海,31.2304,121.4737,华东,,,,7656.84,0.08,10.8,1.5,2944938,0.194,26.0,100340.4,59826.2,0,0,0,136.5,1.2,6.5,20.0,5.0,0,0,270.0,58.0,12500.0,29.0,35.0,province_panel_simulation
province_year,2021,江苏,32.0603,118.7969,华东,,,,169726.64,1.81,239.6,1.2,65279475,0.296,26.0,159019.3,68124.4,0,0,0,136.5,1.2,6.5,20.0,5.0,0,0,270.0,58.0,12500.0,29.0,35.0,province_panel_simulation
province_year,2021,浙江,30.2741,120.1551,华东,,,,1613041.12,17.18,2277.5,2.2,620400431,0.359,26.0,128624.6,74751.5,0,0,0,136.5,1.2,6.5,20.0,5.0,0,0,270.0,58.0,12500.0,29.0,35.0,province_panel_simulation
province_year,2021,安徽,31.8206,117.2272,华东,,,,290959.95,3.1,410.8,1.2,111907672,0.364,26.0,144934.6,60345.0,0,0,0,136.5,1.2,6.5,20.0,5.0,0,0,270.0,58.0,12500.0,29.0,35.0,province_panel_simulation
province_year,2021,福建,26.0745,119.2965,华东,,,,320311.17,3.41,452.2,1.3,123196604,0.207,26.0,111370.0,78358.6,0,0,0,136.5,1.2,6.5,20.0,5.0,0,0,270.0,58.0,12500.0,29.0,35.0,province_panel_simulation
province_year,2021,江西,28.6829,115.858,华东,,,,270541.71,2.88,382.0,2.1,104054502,0.248,26.0,146418.1,79257.2,0,0,0,136.5,1.2,6.5,20.0,5.0,0,0,270.0,58.0,12500.0,29.0,35.0,province_panel_simulation
province_year,2021,山东,36.6516,117.1201,华东,,,,220772.24,2.35,311.7,1.5,84912400,0.201,26.0,151652.3,75707.1,0,0,0,136.5,1.2,6.5,20.0,5.0,0,0,270.0,58.0,12500.0,29.0,35.0,province_panel_simulation
province_year,2021,河南,34.7466,113.6254,华中,,,,791206.88,8.42,1117.1,2.4,304310338,0.296,26.0,101859.1,65675.7,0,0,0,136.5,1.2,6.5,20.0,5.0,0,0,270.0,58.0,12500.0,29.0,35.0,province_panel_simulation
province_year,2021,湖北,30.5928,114.3055,华中,,,,310102.05,3.3,437.8,1.4,119270019,0.375,26.0,119995.3,76105.5,0,0,0,136.5,1.2,6.5,20.0,5.0,0,0,270.0,58.0,12500.0,29.0,35.0,province_panel_simulation
province_year,2021,湖南,28.2282,112.9388,华中,,,,481104.83,5.12,679.3,1.5,185040318,0.209,26.0,152402.3,74740.9,0,0,0,136.5,1.2,6.5,20.0,5.0,0,0,270.0,58.0,12500.0,29.0,35.0,province_panel_simulation
province_year,2021,广东,23.1291,113.2644,华南,,,,250123.47,2.66,353.2,1.3,96201332,0.262,26.0,137370.3,77507.4,0,0,0,136.5,1.2,6.5,20.0,5.0,0,0,270.0,58.0,12500.0,29.0,35.0,province_panel_simulation
province_year,2021,广西,22.817,108.3665,华南,,,,210563.12,2.24,297.3,2.2,80985815,0.216,26.0,105169.5,77444.2,0,0,0,136.5,1.2,6.5,20.0,5.0,0,0,270.0,58.0,12500.0,29.0,35.0,province_panel_simulation
province_year,2021,海南,20.044,110.3508,华南,,,,15313.68,0.16,21.6,1.3,5889877,0.319,26.0,157567.3,51921.6,0,0,0,136.5,1.2,6.5,20.0,5.0,0,0,270.0,58.0,12500.0,29.0,35.0,province_panel_simulation
province_year,2021,重庆,29.4316,106.9123,西南,,,,421126.24,4.48,594.6,1.5,161971631,0.231,26.0,100042.8,75108.4,0,0,0,136.5,1.2,6.5,20.0,5.0,0,0,270.0,58.0,12500.0,29.0,35.0,province_panel_simulation
province_year,2021,四川,30.5728,104.0668,西南,,,,1732998.29,18.45,2446.8,1.4,666537805,0.299,26.0,131857.6,63151.2,0,0,0,136.5,1.2,6.5,20.0,5.0,0,0,270.0,58.0,12500.0,29.0,35.0,province_panel_simulation
province_year,2021,贵州,26.6477,106.6302,西南,,,,611271.12,6.51,863.1,1.0,235104277,0.215,26.0,124743.0,59586.2,0,0,0,136.5,1.2,6.5,20.0,5.0,0,0,270.0,58.0,12500.0,29.0,35.0,province_panel_simulation
province_year,2021,云南,25.0389,102.7183,西南,,,,941791.41,10.03,1329.7,0.8,362227467,0.216,26.0,153611.9,58679.3,0,0,0,136.5,1.2,6.5,20.0,5.0,0,0,270.0,58.0,12500.0,29.0,35.0,province_panel_simulation
province_year,2021,西藏,29.65,91.1,西南,,,,3828.42,0.04,5.4,1.4,1472469,0.198,26.0,165006.1,59227.5,0,0,0,136.5,1.2,6.5,20.0,5.0,0,0,270.0,58.0,12500.0,29.0,35.0,province_panel_simulation
province_year,2021,陕西,34.3416,108.9398,西北,,,,280750.83,2.99,396.4,1.4,107981087,0.246,26.0,107051.9,82537.9,0,0,0,136.5,1.2,6.5,20.0,5.0,0,0,270.0,58.0,12500.0,29.0,35.0,province_panel_simulation
province_year,2021,甘肃,36.0613,103.834,西北,,,,260332.59,2.77,367.6,1.3,100127917,0.271,26.0,169153.9,76070.6,0,0,0,136.5,1.2,6.5,20.0,5.0,0,0,270.0,58.0,12500.0,29.0,35.0,province_panel_simulation
province_year,2021,青海,36.6173,101.7782,西北,,,,5104.56,0.05,7.2,1.4,1963292,0.238,26.0,128691.7,75378.8,0,0,0,136.5,1.2,6.5,20.0,5.0,0,0,270.0,58.0,12500.0,29.0,35.0,province_panel_simulation
province_year,2021,宁夏,38.472,106.2589,西北,,,,6380.7,0.07,9.0,1.3,2454115,0.203,26.0,125159.3,67969.3,0,0,0,136.5,1.2,6.5,20.0,5.0,0,0,270.0,58.0,12500.0,29.0,35.0,province_panel_simulation
province_year,2021,新疆,43.7928,87.617,西北,,,,80396.83,0.86,113.5,1.6,30921856,0.217,26.0,160242.7,84244.0,0,0,0,136.5,1.2,6.5,20.0,5.0,0,0,270.0,58.0,12500.0,29.0,35.0,province_panel_simulation
province_year,2022,北京,39.9042,116.4074,华北,,,,10265.49,0.11,516.8,57.2,3873770,0.201,26.5,140103.0,65054.2,14000.0,6994.0,0,132.8,1.2,6.5,20.0,5.0,0,0,280.0,60.0,14000.0,32.0,38.0,province_panel_simulation
province_year,2022,天津,39.1252,117.1908,华北,,,,6415.93,0.07,323.0,55.5,2421106,0.238,26.5,147658.4,55040.9,14000.0,6994.0,0,132.8,1.2,6.5,20.0,5.0,0,0,280.0,60.0,14000.0,32.0,38.0,province_panel_simulation
province_year,2022,河北,38.0455,114.502,华北,,,,161681.51,1.72,8140.1,45.8,61011889,0.272,26.5,126263.7,77479.2,14000.0,6994.0,0,132.8,1.2,6.5,20.0,5.0,0,0,280.0,60.0,14000.0,32.0,38.0,province_panel_simulation
province_year,2022,山西,37.8706,112.5489,华北,,,,141150.52,1.5,7106.5,49.8,53264347,0.276,26.5,142529.9,82950.4,14000.0,6994.0,0,132.8,1.2,6.5,20.0,5.0,0,0,280.0,60.0,14000.0,32.0,38.0,province_panel_simulation
province_year,2022,内蒙古,40.8422,111.7498,华北,,,,60309.77,0.64,3036.4,45.7,22758403,0.32,26.5,165465.0,63697.1,14000.0,6994.0,0,132.8,1.2,6.5,20.0,5.0,0,0,280.0,60.0,14000.0,32.0,38.0,province_panel_simulation
province_year,2022,辽宁,41.8057,123.4315,东北,,,,130885.03,1.39,6589.6,42.9,49390577,0.25,26.5,120175.2,67394.5,14000.0,6994.0,0,132.8,1.2,6.5,20.0,5.0,0,0,280.0,60.0,14000.0,32.0,38.0,province_panel_simulation
province_year,2022,吉林,43.8961,125.3265,东北,,,,110354.04,1.17,5556.0,84.9,41643035,0.317,26.5,181822.0,54803.4,14000.0,6994.0,0,132.8,1.2,6.5,20.0,5.0,0,0,280.0,60.0,14000.0,32.0,38.0,province_panel_simulation
province_year,2022,黑龙江,45.8038,126.535,东北,,,,70575.26,0.75,3553.2,52.7,26632173,0.313,26.5,162608.7,58544.1,14000.0,6994.0,0,132.8,1.2,6.5,20.0,5.0,0,0,280.0,60.0,14000.0,32.0,38.0,province_panel_simulation
province_year,2022,上海,31.2304,121.4737,华东,,,,7699.12,0.08,387.6,50.7,2905328,0.226,26.5,142415.6,56936.2,14000.0,6994.0,0,132.8,1.2,6.5,20.0,5.0,0,0,280.0,60.0,14000.0,32.0,38.0,province_panel_simulation
province_year,2022,江苏,32.0603,118.7969,华东,,,,170663.81,1.81,8592.3,57.8,64401438,0.389,26.5,108157.3,88376.5,14000.0,6994.0,0,132.8,1.2,6.5,20.0,5.0,0,0,280.0,60.0,14000.0,32.0,38.0,province_panel_simulation
province_year,2022,浙江,30.2741,120.1551,华东,,,,1621947.82,17.22,81659.6,86.9,612055780,0.361,26.5,160344.7,68346.0,14000.0,6994.0,0,132.8,1.2,6.5,20.0,5.0,0,0,280.0,60.0,14000.0,32.0,38.0,province_panel_simulation
province_year,2022,安徽,31.8206,117.2272,华东,,,,292566.54,3.11,14729.7,57.5,110402466,0.299,26.5,108376.2,59623.3,14000.0,6994.0,0,132.8,1.2,6.5,20.0,5.0,0,0,280.0,60.0,14000.0,32.0,38.0,province_panel_simulation
province_year,2022,福建,26.0745,119.2965,华东,,,,322079.83,3.42,16215.6,55.1,121539557,0.153,26.5,148923.1,70626.9,14000.0,6994.0,0,132.8,1.2,6.5,20.0,5.0,0,0,280.0,60.0,14000.0,32.0,38.0,province_panel_simulation
province_year,2022,江西,28.6829,115.858,华东,,,,272035.55,2.89,13696.1,89.3,102654925,0.226,26.5,122578.7,66247.8,14000.0,6994.0,0,132.8,1.2,6.5,20.0,5.0,0,0,280.0,60.0,14000.0,32.0,38.0,province_panel_simulation
province_year,2022,山东,36.6516,117.1201,华东,,,,221991.28,2.36,11176.5,54.8,83770292,0.292,26.5,163307.4,66359.1,14000.0,6994.0,0,132.8,1.2,6.5,20.0,5.0,0,0,280.0,60.0,14000.0,32.0,38.0,province_panel_simulation
province_year,2022,河南,34.7466,113.6254,华中,,,,795575.67,8.45,40054.5,64.9,300217234,0.297,26.5,117574.9,83217.7,14000.0,6994.0,0,132.8,1.2,6.5,20.0,5.0,0,0,280.0,60.0,14000.0,32.0,38.0,province_panel_simulation
province_year,2022,湖北,30.5928,114.3055,华中,,,,311814.34,3.31,15698.8,51.6,117665786,0.309,26.5,114283.2,71761.0,14000.0,6994.0,0,132.8,1.2,6.5,20.0,5.0,0,0,280.0,60.0,14000.0,32.0,38.0,province_panel_simulation
province_year,2022,湖南,28.2282,112.9388,华中,,,,483761.33,5.14,24355.7,48.9,182551447,0.268,26.5,182993.5,62328.7,14000.0,6994.0,0,132.8,1.2,6.5,20.0,5.0,0,0,280.0,60.0,14000.0,32.0,38.0,province_panel_simulation
province_year,2022,广东,23.1291,113.2644,华南,,,,251504.57,2.67,12662.4,47.4,94907383,0.176,26.5,110465.8,60503.0,14000.0,6994.0,0,132.8,1.2,6.5,20.0,5.0,0,0,280.0,60.0,14000.0,32.0,38.0,province_panel_simulation
province_year,2022,广西,22.817,108.3665,华南,,,,211725.78,2.25,10659.7,79.5,79896521,0.31,26.5,160003.9,56222.0,14000.0,6994.0,0,132.8,1.2,6.5,20.0,5.0,0,0,280.0,60.0,14000.0,32.0,38.0,province_panel_simulation
province_year,2022,海南,20.044,110.3508,华南,,,,15398.24,0.16,775.2,55.4,5810656,0.238,26.5,108001.5,63810.0,14000.0,6994.0,0,132.8,1.2,6.5,20.0,5.0,0,0,280.0,60.0,14000.0,32.0,38.0,province_panel_simulation
province_year,2022,重庆,29.4316,106.9123,西南,,,,423451.57,4.5,21319.4,48.1,159793043,0.265,26.5,158313.0,64246.1,14000.0,6994.0,0,132.8,1.2,6.5,20.0,5.0,0,0,280.0,60.0,14000.0,32.0,38.0,province_panel_simulation
province_year,2022,四川,30.5728,104.0668,西南,,,,1742567.35,18.5,87732.4,57.7,657572586,0.292,26.5,134891.1,71255.3,14000.0,6994.0,0,132.8,1.2,6.5,20.0,5.0,0,0,280.0,60.0,14000.0,32.0,38.0,province_panel_simulation
province_year,2022,贵州,26.6477,106.6302,西南,,,,614646.36,6.53,30945.4,44.0,231942024,0.174,26.5,139841.0,84092.2,14000.0,6994.0,0,132.8,1.2,6.5,20.0,5.0,0,0,280.0,60.0,14000.0,32.0,38.0,province_panel_simulation
province_year,2022,云南,25.0389,102.7183,西南,,,,946991.68,10.06,47677.8,28.7,357355352,0.145,26.5,171465.8,90613.7,14000.0,6994.0,0,132.8,1.2,6.5,20.0,5.0,0,0,280.0,60.0,14000.0,32.0,38.0,province_panel_simulation
province_year,2022,西藏,29.65,91.1,西南,,,,3849.56,0.04,193.8,44.7,1452664,0.31,26.5,132130.5,77755.9,14000.0,6994.0,0,132.8,1.2,6.5,20.0,5.0,0,0,280.0,60.0,14000.0,32.0,38.0,province_panel_simulation
province_year,2022,陕西,34.3416,108.9398,西北,,,,282301.04,3.0,14212.9,52.5,106528695,0.274,26.5,122392.3,84415.3,14000.0,6994.0,0,132.8,1.2,6.5,20.0,5.0,0,0,280.0,60.0,14000.0,32.0,38.0,province_panel_simulation
province_year,2022,甘肃,36.0613,103.834,西北,,,,261770.06,2.78,13179.2,25.7,98781154,0.201,26.5,177658.3,70935.2,14000.0,6994.0,0,132.8,1.2,6.5,20.0,5.0,0,0,280.0,60.0,14000.0,32.0,38.0,province_panel_simulation
province_year,2022,青海,36.6173,101.7782,西北,,,,5132.75,0.05,258.4,44.7,1936885,0.321,26.5,171378.5,66851.6,14000.0,6994.0,0,132.8,1.2,6.5,20.0,5.0,0,0,280.0,60.0,14000.0,32.0,38.0,province_panel_simulation
province_year,2022,宁夏,38.472,106.2589,西北,,,,6415.93,0.07,323.0,43.4,2421106,0.257,26.5,114593.6,75696.8,14000.0,6994.0,0,132.8,1.2,6.5,20.0,5.0,0,0,280.0,60.0,14000.0,32.0,38.0,province_panel_simulation
province_year,2022,新疆,43.7928,87.617,西北,,,,80840.75,0.86,4070.1,55.2,30505944,0.248,26.5,102701.3,79687.3,14000.0,6994.0,0,132.8,1.2,6.5,20.0,5.0,0,0,280.0,60.0,14000.0,32.0,38.0,province_panel_simulation
province_year,2023,北京,39.9042,116.4074,华北,,,,10374.34,0.11,506.7,44.0,3914846,0.221,26.5,121518.7,67456.5,13000.0,6275.0,0,130.0,1.2,6.5,20.0,5.0,46.0,54.0,290.0,62.0,13000.0,33.0,40.0,province_panel_simulation
province_year,2023,天津,39.1252,117.1908,华北,,,,6483.96,0.07,316.7,54.4,2446778,0.196,26.5,160297.3,66165.2,13000.0,6275.0,0,130.0,1.2,6.5,20.0,5.0,46.0,54.0,290.0,62.0,13000.0,33.0,40.0,province_panel_simulation
province_year,2023,河北,38.0455,114.502,华北,,,,163395.89,1.72,7980.4,45.8,61658827,0.25,26.5,154149.8,59161.1,13000.0,6275.0,0,130.0,1.2,6.5,20.0,5.0,46.0,54.0,290.0,62.0,13000.0,33.0,40.0,province_panel_simulation
province_year,2023,山西,37.8706,112.5489,华北,,,,142647.21,1.5,6967.0,45.6,53829134,0.211,26.5,122623.3,90378.3,13000.0,6275.0,0,130.0,1.2,6.5,20.0,5.0,46.0,54.0,290.0,62.0,13000.0,33.0,40.0,province_panel_simulation
province_year,2023,内蒙古,40.8422,111.7498,华北,,,,60949.26,0.64,2976.8,49.2,22999721,0.281,26.5,176722.6,86974.7,13000.0,6275.0,0,130.0,1.2,6.5,20.0,5.0,46.0,54.0,290.0,62.0,13000.0,33.0,40.0,province_panel_simulation
province_year,2023,辽宁,41.8057,123.4315,东北,,,,132272.86,1.39,6460.3,56.0,49914288,0.302,26.5,136953.9,77487.2,13000.0,6275.0,0,130.0,1.2,6.5,20.0,5.0,46.0,54.0,290.0,62.0,13000.0,33.0,40.0,province_panel_simulation
province_year,2023,吉林,43.8961,125.3265,东北,,,,111524.18,1.18,5446.9,70.2,42084596,0.321,26.5,149814.8,71569.7,13000.0,6275.0,0,130.0,1.2,6.5,20.0,5.0,46.0,54.0,290.0,62.0,13000.0,33.0,40.0,province_panel_simulation
province_year,2023,黑龙江,45.8038,126.535,东北,,,,71323.6,0.75,3483.5,44.1,26914567,0.237,26.5,124379.3,90799.5,13000.0,6275.0,0,130.0,1.2,6.5,20.0,5.0,46.0,54.0,290.0,62.0,13000.0,33.0,40.0,province_panel_simulation
province_year,2023,上海,31.2304,121.4737,华东,,,,7780.76,0.08,380.0,52.9,2936134,0.199,26.5,193719.9,76915.5,13000.0,6275.0,0,130.0,1.2,6.5,20.0,5.0,46.0,54.0,290.0,62.0,13000.0,33.0,40.0,province_panel_simulation
province_year,2023,江苏,32.0603,118.7969,华东,,,,172473.44,1.82,8423.8,52.7,65084317,0.429,26.5,192144.4,60645.1,13000.0,6275.0,0,130.0,1.2,6.5,20.0,5.0,46.0,54.0,290.0,62.0,13000.0,33.0,40.0,province_panel_simulation
province_year,2023,浙江,30.2741,120.1551,华东,,,,1639146.09,17.27,80057.3,76.1,618545693,0.324,26.5,177989.8,91614.1,13000.0,6275.0,0,130.0,1.2,6.5,20.0,5.0,46.0,54.0,290.0,62.0,13000.0,33.0,40.0,province_panel_simulation
province_year,2023,安徽,31.8206,117.2272,华东,,,,295668.76,3.12,14440.7,42.3,111573115,0.428,26.5,124414.4,88932.5,13000.0,6275.0,0,130.0,1.2,6.5,20.0,5.0,46.0,54.0,290.0,62.0,13000.0,33.0,40.0,province_panel_simulation
province_year,2023,福建,26.0745,119.2965,华东,,,,325494.99,3.43,15897.5,53.2,122828298,0.187,26.5,180048.6,88883.9,13000.0,6275.0,0,130.0,1.2,6.5,20.0,5.0,46.0,54.0,290.0,62.0,13000.0,33.0,40.0,province_panel_simulation
province_year,2023,江西,28.6829,115.858,华东,,,,274920.07,2.9,13427.3,59.7,103743423,0.276,26.5,177085.4,83290.0,13000.0,6275.0,0,130.0,1.2,6.5,20.0,5.0,46.0,54.0,290.0,62.0,13000.0,33.0,40.0,province_panel_simulation
province_year,2023,山东,36.6516,117.1201,华东,,,,224345.15,2.36,10957.2,54.9,84658548,0.195,26.5,167602.3,92762.5,13000.0,6275.0,0,130.0,1.2,6.5,20.0,5.0,46.0,54.0,290.0,62.0,13000.0,33.0,40.0,province_panel_simulation
province_year,2023,河南,34.7466,113.6254,华中,,,,804011.53,8.47,39268.6,72.9,303400577,0.366,26.5,121615.9,94295.4,13000.0,6275.0,0,130.0,1.2,6.5,20.0,5.0,46.0,54.0,290.0,62.0,13000.0,33.0,40.0,province_panel_simulation
province_year,2023,湖北,30.5928,114.3055,华中,,,,315120.65,3.32,15390.8,54.4,118913452,0.357,26.5,132460.6,75437.5,13000.0,6275.0,0,130.0,1.2,6.5,20.0,5.0,46.0,54.0,290.0,62.0,13000.0,33.0,40.0,province_panel_simulation
province_year,2023,湖南,28.2282,112.9388,华中,,,,488890.88,5.15,23877.9,42.8,184487125,0.224,26.5,124360.3,76802.4,13000.0,6275.0,0,130.0,1.2,6.5,20.0,5.0,46.0,54.0,290.0,62.0,13000.0,33.0,40.0,province_panel_simulation
province_year,2023,广东,23.1291,113.2644,华南,,,,254171.39,2.68,12414.0,41.5,95913730,0.257,26.5,122803.4,61795.6,13000.0,6275.0,0,130.0,1.2,6.5,20.0,5.0,46.0,54.0,290.0,62.0,13000.0,33.0,40.0,province_panel_simulation
province_year,2023,广西,22.817,108.3665,华南,,,,213970.81,2.25,10450.5,78.2,80743702,0.322,26.5,180502.9,69114.0,13000.0,6275.0,0,130.0,1.2,6.5,20.0,5.0,46.0,54.0,290.0,62.0,13000.0,33.0,40.0,province_panel_simulation
province_year,2023,海南,20.044,110.3508,华南,,,,15561.51,0.16,760.0,41.8,5872269,0.275,26.5,187050.0,86198.5,13000.0,6275.0,0,130.0,1.2,6.5,20.0,5.0,46.0,54.0,290.0,62.0,13000.0,33.0,40.0,province_panel_simulation
province_year,2023,重庆,29.4316,106.9123,西南,,,,427941.62,4.51,20901.0,53.9,161487404,0.314,26.5,190939.8,71009.1,13000.0,6275.0,0,130.0,1.2,6.5,20.0,5.0,46.0,54.0,290.0,62.0,13000.0,33.0,40.0,province_panel_simulation
province_year,2023,四川,30.5728,104.0668,西南,,,,1761044.61,18.56,86011.0,55.3,664545135,0.342,26.5,113788.6,68286.9,13000.0,6275.0,0,130.0,1.2,6.5,20.0,5.0,46.0,54.0,290.0,62.0,13000.0,33.0,40.0,province_panel_simulation
province_year,2023,贵州,26.6477,106.6302,西南,,,,621163.75,6.55,30338.2,27.7,234401413,0.162,26.5,189874.7,86860.8,13000.0,6275.0,0,130.0,1.2,6.5,20.0,5.0,46.0,54.0,290.0,62.0,13000.0,33.0,40.0,province_panel_simulation
province_year,2023,云南,25.0389,102.7183,西南,,,,957033.08,10.08,46742.3,47.8,361144558,0.223,26.5,120356.4,93565.4,13000.0,6275.0,0,130.0,1.2,6.5,20.0,5.0,46.0,54.0,290.0,62.0,13000.0,33.0,40.0,province_panel_simulation
province_year,2023,西藏,29.65,91.1,西南,,,,3890.38,0.04,190.0,51.6,1468067,0.323,26.5,175360.4,65310.7,13000.0,6275.0,0,130.0,1.2,6.5,20.0,5.0,46.0,54.0,290.0,62.0,13000.0,33.0,40.0,province_panel_simulation
province_year,2023,陕西,34.3416,108.9398,西北,,,,285294.41,3.01,13934.0,50.1,107658269,0.216,26.5,132260.5,82944.1,13000.0,6275.0,0,130.0,1.2,6.5,20.0,5.0,46.0,54.0,290.0,62.0,13000.0,33.0,40.0,province_panel_simulation
province_year,2023,甘肃,36.0613,103.834,西北,,,,264545.73,2.79,12920.6,27.5,99828577,0.295,26.5,189883.2,92805.7,13000.0,6275.0,0,130.0,1.2,6.5,20.0,5.0,46.0,54.0,290.0,62.0,13000.0,33.0,40.0,province_panel_simulation
province_year,2023,青海,36.6173,101.7782,西北,,,,5187.17,0.05,253.3,47.2,1957423,0.333,26.5,191354.9,58077.3,13000.0,6275.0,0,130.0,1.2,6.5,20.0,5.0,46.0,54.0,290.0,62.0,13000.0,33.0,40.0,province_panel_simulation
province_year,2023,宁夏,38.472,106.2589,西北,,,,6483.96,0.07,316.7,50.3,2446778,0.322,26.5,191565.6,65221.9,13000.0,6275.0,0,130.0,1.2,6.5,20.0,5.0,46.0,54.0,290.0,62.0,13000.0,33.0,40.0,province_panel_simulation
province_year,2023,新疆,43.7928,87.617,西北,,,,81697.95,0.86,3990.2,49.8,30829413,0.325,26.5,117344.1,85098.5,13000.0,6275.0,0,130.0,1.2,6.5,20.0,5.0,46.0,54.0,290.0,62.0,13000.0,33.0,40.0,province_panel_simulation
province_year,2024,北京,39.9042,116.4074,华北,,,,10469.23,0.11,487.6,42.9,3877493,0.33,27.0,117067.1,94577.9,12000.0,6000.0,0,0,1.2,6.5,20.0,5.0,0,0,300.0,65.0,12000.0,34.0,40.0,province_panel_simulation
province_year,2024,天津,39.1252,117.1908,华北,,,,6543.27,0.07,304.8,40.9,2423433,0.291,27.0,158402.1,94630.8,12000.0,6000.0,0,0,1.2,6.5,20.0,5.0,0,0,300.0,65.0,12000.0,34.0,40.0,province_panel_simulation
province_year,2024,河北,38.0455,114.502,华北,,,,164890.4,1.73,7679.9,45.9,61070518,0.228,27.0,124229.7,62163.1,12000.0,6000.0,0,0,1.2,6.5,20.0,5.0,0,0,300.0,65.0,12000.0,34.0,40.0,province_panel_simulation
province_year,2024,山西,37.8706,112.5489,华北,,,,143951.94,1.51,6704.7,43.2,53315532,0.206,27.0,102452.4,74777.4,12000.0,6000.0,0,0,1.2,6.5,20.0,5.0,0,0,300.0,65.0,12000.0,34.0,40.0,province_panel_simulation
province_year,2024,内蒙古,40.8422,111.7498,华北,,,,61506.74,0.64,2864.7,49.9,22780272,0.328,27.0,179932.9,79025.7,12000.0,6000.0,0,0,1.2,6.5,20.0,5.0,0,0,300.0,65.0,12000.0,34.0,40.0,province_panel_simulation
province_year,2024,辽宁,41.8057,123.4315,东北,,,,133482.7,1.4,6217.1,44.9,49438038,0.268,27.0,111237.3,78486.7,12000.0,6000.0,0,0,1.2,6.5,20.0,5.0,0,0,300.0,65.0,12000.0,34.0,40.0,province_panel_simulation
province_year,2024,吉林,43.8961,125.3265,东北,,,,112544.24,1.18,5241.9,79.4,41683052,0.284,27.0,162617.7,65924.3,12000.0,6000.0,0,0,1.2,6.5,20.0,5.0,0,0,300.0,65.0,12000.0,34.0,40.0,province_panel_simulation
province_year,2024,黑龙江,45.8038,126.535,东北,,,,71975.97,0.75,3352.3,40.6,26657766,0.311,27.0,128209.4,72112.1,12000.0,6000.0,0,0,1.2,6.5,20.0,5.0,0,0,300.0,65.0,12000.0,34.0,40.0,province_panel_simulation
province_year,2024,上海,31.2304,121.4737,华东,,,,7851.92,0.08,365.7,52.9,2908119,0.201,27.0,117261.6,74361.9,12000.0,6000.0,0,0,1.2,6.5,20.0,5.0,0,0,300.0,65.0,12000.0,34.0,40.0,province_panel_simulation
province_year,2024,江苏,32.0603,118.7969,华东,,,,174050.98,1.82,8106.6,49.8,64463325,0.364,27.0,181123.5,63166.6,12000.0,6000.0,0,0,1.2,6.5,20.0,5.0,0,0,300.0,65.0,12000.0,34.0,40.0,province_panel_simulation
province_year,2024,浙江,30.2741,120.1551,华东,,,,1654138.62,17.32,77043.0,70.6,612643932,0.373,27.0,144685.7,60703.9,12000.0,6000.0,0,0,1.2,6.5,20.0,5.0,0,0,300.0,65.0,12000.0,34.0,40.0,province_panel_simulation
province_year,2024,安徽,31.8206,117.2272,华东,,,,298373.1,3.12,13897.0,52.8,110508557,0.309,27.0,180389.2,65704.2,12000.0,6000.0,0,0,1.2,6.5,20.0,5.0,0,0,300.0,65.0,12000.0,34.0,40.0,province_panel_simulation
province_year,2024,福建,26.0745,119.2965,华东,,,,328472.15,3.44,15298.9,41.0,121656350,0.169,27.0,119005.4,87118.8,12000.0,6000.0,0,0,1.2,6.5,20.0,5.0,0,0,300.0,65.0,12000.0,34.0,40.0,province_panel_simulation
province_year,2024,江西,28.6829,115.858,华东,,,,277434.64,2.91,12921.8,74.8,102753570,0.294,27.0,125609.0,70637.4,12000.0,6000.0,0,0,1.2,6.5,20.0,5.0,0,0,300.0,65.0,12000.0,34.0,40.0,province_panel_simulation
province_year,2024,山东,36.6516,117.1201,华东,,,,226397.14,2.37,10544.7,42.9,83850791,0.197,27.0,152495.6,92775.2,12000.0,6000.0,0,0,1.2,6.5,20.0,5.0,0,0,300.0,65.0,12000.0,34.0,40.0,province_panel_simulation
province_year,2024,河南,34.7466,113.6254,华中,,,,811365.46,8.5,37790.1,56.3,300505726,0.337,27.0,139849.6,71153.9,12000.0,6000.0,0,0,1.2,6.5,20.0,5.0,0,0,300.0,65.0,12000.0,34.0,40.0,province_panel_simulation
province_year,2024,湖北,30.5928,114.3055,华中,,,,318002.91,3.33,14811.3,48.9,117778857,0.371,27.0,119855.5,60495.4,12000.0,6000.0,0,0,1.2,6.5,20.0,5.0,0,0,300.0,65.0,12000.0,34.0,40.0,province_panel_simulation
province_year,2024,湖南,28.2282,112.9388,华中,,,,493362.55,5.17,22978.8,42.0,182726869,0.232,27.0,109527.4,92930.4,12000.0,6000.0,0,0,1.2,6.5,20.0,5.0,0,0,300.0,65.0,12000.0,34.0,40.0,province_panel_simulation
province_year,2024,广东,23.1291,113.2644,华南,,,,256496.18,2.69,11946.5,43.9,94998584,0.192,27.0,145243.6,85685.2,12000.0,6000.0,0,0,1.2,6.5,20.0,5.0,0,0,300.0,65.0,12000.0,34.0,40.0,province_panel_simulation
province_year,2024,广西,22.817,108.3665,华南,,,,215927.9,2.26,10057.0,54.2,79973298,0.268,27.0,118557.8,94584.8,12000.0,6000.0,0,0,1.2,6.5,20.0,5.0,0,0,300.0,65.0,12000.0,34.0,40.0,province_panel_simulation
province_year,2024,海南,20.044,110.3508,华南,,,,15703.85,0.16,731.4,44.8,5816239,0.254,27.0,125436.3,77914.5,12000.0,6000.0,0,0,1.2,6.5,20.0,5.0,0,0,300.0,65.0,12000.0,34.0,40.0,province_panel_simulation
province_year,2024,重庆,29.4316,106.9123,西南,,,,431855.81,4.52,20114.1,42.8,159946596,0.228,27.0,107747.0,89301.1,12000.0,6000.0,0,0,1.2,6.5,20.0,5.0,0,0,300.0,65.0,12000.0,34.0,40.0,province_panel_simulation
province_year,2024,四川,30.5728,104.0668,西南,,,,1777152.09,18.61,82772.5,48.9,658204477,0.298,27.0,132497.4,80943.5,12000.0,6000.0,0,0,1.2,6.5,20.0,5.0,0,0,300.0,65.0,12000.0,34.0,40.0,province_panel_simulation
province_year,2024,贵州,26.6477,106.6302,西南,,,,626845.25,6.56,29195.9,45.9,232164907,0.216,27.0,150902.0,92812.6,12000.0,6000.0,0,0,1.2,6.5,20.0,5.0,0,0,300.0,65.0,12000.0,34.0,40.0,province_panel_simulation
province_year,2024,云南,25.0389,102.7183,西南,,,,965786.63,10.11,44982.4,42.4,357698751,0.194,27.0,149315.3,93847.3,12000.0,6000.0,0,0,1.2,6.5,20.0,5.0,0,0,300.0,65.0,12000.0,34.0,40.0,province_panel_simulation
province_year,2024,西藏,29.65,91.1,西南,,,,3925.96,0.04,182.9,46.2,1454059,0.316,27.0,144117.7,62605.6,12000.0,6000.0,0,0,1.2,6.5,20.0,5.0,0,0,300.0,65.0,12000.0,34.0,40.0,province_panel_simulation
province_year,2024,陕西,34.3416,108.9398,西北,,,,287903.87,3.01,13409.4,52.2,106631064,0.292,27.0,146384.3,95178.0,12000.0,6000.0,0,0,1.2,6.5,20.0,5.0,0,0,300.0,65.0,12000.0,34.0,40.0,province_panel_simulation
province_year,2024,甘肃,36.0613,103.834,西北,,,,266965.41,2.8,12434.2,42.0,98876077,0.288,27.0,156750.4,64244.2,12000.0,6000.0,0,0,1.2,6.5,20.0,5.0,0,0,300.0,65.0,12000.0,34.0,40.0,province_panel_simulation
province_year,2024,青海,36.6173,101.7782,西北,,,,5234.62,0.05,243.8,50.2,1938746,0.215,27.0,188688.8,98021.3,12000.0,6000.0,0,0,1.2,6.5,20.0,5.0,0,0,300.0,65.0,12000.0,34.0,40.0,province_panel_simulation
province_year,2024,宁夏,38.472,106.2589,西北,,,,6543.27,0.07,304.8,50.9,2423433,0.208,27.0,139478.4,98660.3,12000.0,6000.0,0,0,1.2,6.5,20.0,5.0,0,0,300.0,65.0,12000.0,34.0,40.0,province_panel_simulation
province_year,2024,新疆,43.7928,87.617,西北,,,,82445.2,0.86,3840.0,45.7,30535259,0.333,27.0,157360.3,92547.4,12000.0,6000.0,0,0,1.2,6.5,20.0,5.0,0,0,300.0,65.0,12000.0,34.0,40.0,province_panel_simulation
province_year,2025,北京,39.9042,116.4074,华北,,,,10553.5,0.11,549.7,48.3,3908702,0.32,27.0,194766.7,64325.8,11000.0,5800.0,0,0,1.2,6.5,20.0,5.0,0,0,310.0,68.0,11000.0,35.0,42.0,province_panel_simulation
province_year,2025,天津,39.1252,117.1908,华北,,,,6595.94,0.07,343.5,50.4,2442938,0.247,27.0,139725.5,72913.0,11000.0,5800.0,0,0,1.2,6.5,20.0,5.0,0,0,310.0,68.0,11000.0,35.0,42.0,province_panel_simulation
province_year,2025,河北,38.0455,114.502,华北,,,,166217.56,1.73,8657.2,51.4,61562060,0.314,27.0,182821.1,87151.5,11000.0,5800.0,0,0,1.2,6.5,20.0,5.0,0,0,310.0,68.0,11000.0,35.0,42.0,province_panel_simulation
province_year,2025,山西,37.8706,112.5489,华北,,,,145110.57,1.51,7557.8,52.5,53744656,0.25,27.0,147991.8,67658.6,11000.0,5800.0,0,0,1.2,6.5,20.0,5.0,0,0,310.0,68.0,11000.0,35.0,42.0,province_panel_simulation
province_year,2025,内蒙古,40.8422,111.7498,华北,,,,62001.79,0.65,3229.3,53.5,22963625,0.298,27.0,197151.2,99543.3,11000.0,5800.0,0,0,1.2,6.5,20.0,5.0,0,0,310.0,68.0,11000.0,35.0,42.0,province_panel_simulation
province_year,2025,辽宁,41.8057,123.4315,东北,,,,134557.08,1.4,7008.2,53.1,49835953,0.204,27.0,135978.3,83562.8,11000.0,5800.0,0,0,1.2,6.5,20.0,5.0,0,0,310.0,68.0,11000.0,35.0,42.0,province_panel_simulation
province_year,2025,吉林,43.8961,125.3265,东北,,,,113450.08,1.18,5908.9,69.9,42018549,0.249,27.0,145052.9,81508.3,11000.0,5800.0,0,0,1.2,6.5,20.0,5.0,0,0,310.0,68.0,11000.0,35.0,42.0,province_panel_simulation
province_year,2025,黑龙江,45.8038,126.535,东北,,,,72555.29,0.76,3778.9,53.8,26872328,0.196,27.0,134978.8,67480.2,11000.0,5800.0,0,0,1.2,6.5,20.0,5.0,0,0,310.0,68.0,11000.0,35.0,42.0,province_panel_simulation
province_year,2025,上海,31.2304,121.4737,华东,,,,7915.12,0.08,412.2,53.8,2931526,0.289,27.0,112830.0,98092.0,11000.0,5800.0,0,0,1.2,6.5,20.0,5.0,0,0,310.0,68.0,11000.0,35.0,42.0,province_panel_simulation
province_year,2025,江苏,32.0603,118.7969,华东,,,,175451.87,1.83,9138.1,49.5,64982175,0.319,27.0,179002.2,99375.3,11000.0,5800.0,0,0,1.2,6.5,20.0,5.0,0,0,310.0,68.0,11000.0,35.0,42.0,province_panel_simulation
province_year,2025,浙江,30.2741,120.1551,华东,,,,1667452.38,17.37,86846.5,90.0,617574957,0.288,27.0,185707.3,74015.4,11000.0,5800.0,0,0,1.2,6.5,20.0,5.0,0,0,310.0,68.0,11000.0,35.0,42.0,province_panel_simulation
province_year,2025,安徽,31.8206,117.2272,华东,,,,300774.64,3.13,15665.3,48.7,111398014,0.355,27.0,174362.7,65606.8,11000.0,5800.0,0,0,1.2,6.5,20.0,5.0,0,0,310.0,68.0,11000.0,35.0,42.0,province_panel_simulation
province_year,2025,福建,26.0745,119.2965,华东,,,,331115.94,3.45,17245.6,57.9,122635533,0.159,27.0,200386.9,79764.7,11000.0,5800.0,0,0,1.2,6.5,20.0,5.0,0,0,310.0,68.0,11000.0,35.0,42.0,province_panel_simulation
province_year,2025,江西,28.6829,115.858,华东,,,,279667.65,2.91,14566.0,87.4,103580609,0.228,27.0,148209.9,88075.0,11000.0,5800.0,0,0,1.2,6.5,20.0,5.0,0,0,310.0,68.0,11000.0,35.0,42.0,province_panel_simulation
province_year,2025,山东,36.6516,117.1201,华东,,,,228219.35,2.38,11886.4,47.2,84525686,0.22,27.0,186323.5,91990.8,11000.0,5800.0,0,0,1.2,6.5,20.0,5.0,0,0,310.0,68.0,11000.0,35.0,42.0,province_panel_simulation
province_year,2025,河南,34.7466,113.6254,华中,,,,817895.95,8.52,42598.7,85.0,302924425,0.408,27.0,186047.2,82726.8,11000.0,5800.0,0,0,1.2,6.5,20.0,5.0,0,0,310.0,68.0,11000.0,35.0,42.0,province_panel_simulation
province_year,2025,湖北,30.5928,114.3055,华中,,,,320562.44,3.34,16696.0,46.8,118726831,0.33,27.0,156636.0,67143.4,11000.0,5800.0,0,0,1.2,6.5,20.0,5.0,0,0,310.0,68.0,11000.0,35.0,42.0,province_panel_simulation
province_year,2025,湖南,28.2282,112.9388,华中,,,,497333.5,5.18,25902.8,57.6,184197593,0.315,27.0,111909.5,69487.9,11000.0,5800.0,0,0,1.2,6.5,20.0,5.0,0,0,310.0,68.0,11000.0,35.0,42.0,province_panel_simulation
province_year,2025,广东,23.1291,113.2644,华南,,,,258560.65,2.69,13466.7,57.3,95763205,0.246,27.0,132552.3,80312.2,11000.0,5800.0,0,0,1.2,6.5,20.0,5.0,0,0,310.0,68.0,11000.0,35.0,42.0,province_panel_simulation
province_year,2025,广西,22.817,108.3665,华南,,,,217665.86,2.27,11336.8,90.8,80616984,0.291,27.0,134844.3,95379.9,11000.0,5800.0,0,0,1.2,6.5,20.0,5.0,0,0,310.0,68.0,11000.0,35.0,42.0,province_panel_simulation
province_year,2025,海南,20.044,110.3508,华南,,,,15830.24,0.16,824.5,52.2,5863053,0.28,27.0,120794.5,62829.6,11000.0,5800.0,0,0,1.2,6.5,20.0,5.0,0,0,310.0,68.0,11000.0,35.0,42.0,province_panel_simulation
province_year,2025,重庆,29.4316,106.9123,西南,,,,435331.71,4.53,22673.5,50.1,161233968,0.275,27.0,125821.8,97308.2,11000.0,5800.0,0,0,1.2,6.5,20.0,5.0,0,0,310.0,68.0,11000.0,35.0,42.0,province_panel_simulation
province_year,2025,四川,30.5728,104.0668,西南,,,,1791455.96,18.66,93305.0,53.5,663502208,0.334,27.0,124504.9,98293.9,11000.0,5800.0,0,0,1.2,6.5,20.0,5.0,0,0,310.0,68.0,11000.0,35.0,42.0,province_panel_simulation
province_year,2025,贵州,26.6477,106.6302,西南,,,,631890.58,6.58,32911.0,45.6,234033547,0.228,27.0,135882.5,77443.5,11000.0,5800.0,0,0,1.2,6.5,20.0,5.0,0,0,310.0,68.0,11000.0,35.0,42.0,province_panel_simulation
province_year,2025,云南,25.0389,102.7183,西南,,,,973560.02,10.14,50706.3,30.3,360577783,0.213,27.0,199516.3,96759.4,11000.0,5800.0,0,0,1.2,6.5,20.0,5.0,0,0,310.0,68.0,11000.0,35.0,42.0,province_panel_simulation
province_year,2025,西藏,29.65,91.1,西南,,,,3957.56,0.04,206.1,54.4,1465763,0.287,27.0,134386.2,78385.3,11000.0,5800.0,0,0,1.2,6.5,20.0,5.0,0,0,310.0,68.0,11000.0,35.0,42.0,province_panel_simulation
province_year,2025,陕西,34.3416,108.9398,西北,,,,290221.14,3.02,15115.7,44.6,107489312,0.301,27.0,181044.8,61940.3,11000.0,5800.0,0,0,1.2,6.5,20.0,5.0,0,0,310.0,68.0,11000.0,35.0,42.0,province_panel_simulation
province_year,2025,甘肃,36.0613,103.834,西北,,,,269114.15,2.8,14016.4,49.8,99671907,0.282,27.0,165466.9,61922.4,11000.0,5800.0,0,0,1.2,6.5,20.0,5.0,0,0,310.0,68.0,11000.0,35.0,42.0,province_panel_simulation
province_year,2025,青海,36.6173,101.7782,西北,,,,5276.75,0.05,274.8,48.2,1954351,0.305,27.0,137791.0,101271.4,11000.0,5800.0,0,0,1.2,6.5,20.0,5.0,0,0,310.0,68.0,11000.0,35.0,42.0,province_panel_simulation
province_year,2025,宁夏,38.472,106.2589,西北,,,,6595.94,0.07,343.5,54.3,2442938,0.251,27.0,144438.1,75889.5,11000.0,5800.0,0,0,1.2,6.5,20.0,5.0,0,0,310.0,68.0,11000.0,35.0,42.0,province_panel_simulation
province_year,2025,新疆,43.7928,87.617,西北,,,,83108.78,0.87,4328.6,48.2,30781030,0.257,27.0,172585.6,95413.0,11000.0,5800.0,0,0,1.2,6.5,20.0,5.0,0,0,310.0,68.0,11000.0,35.0,42.0,province_panel_simulation
